{
  "packets":{
    "actorList":["0-38"],
    "ai":[],
    "cellChangeFrom":[],
    "cellChangeTo":[],
    "container":["76400-0","0-38"],
    "death":[],
    "delete":[],
    "doorState":[],
    "equipment":[],
    "lock":[],
    "place":[],
    "position":["0-38"],
    "scale":[],
    "spawn":["0-38"],
    "state":[],
    "statsDynamic":["0-38"],
    "trap":[],
    "spellsActive":[],
    "miscellaneous":[],
    "clientScriptLocal":[]
  },
  "entry":{
    "creationTime":1670173431,
    "description":"-1, -4"
  },
  "lastVisit":{
    "focal01":1670173501
  },
  "recordLinks":[],
  "objectData":{
    "0-38":{
      "refId":"scrib",
      "location":{
        "posX":-2070.1206054688,
        "posZ":775.80358886719,
        "posY":-28274.638671875,
        "rotX":-0.20708933472633,
        "rotY":0,
        "rotZ":-0.98785805702209
      },
      "stats":{
        "healthCurrent":8,
        "magickaCurrent":12,
        "healthModified":8,
        "fatigueBase":300,
        "fatigueModified":300,
        "healthBase":8,
        "magickaModified":12,
        "magickaBase":12,
        "fatigueCurrent":300
      },
      "inventory":[{
          "refId":"ingred_scrib_jelly_01",
          "count":1,
          "charge":-1,
          "enchantmentCharge":-1,
          "soul":""
        }]
    },
    "76400-0":{
      "refId":"flora_corkbulb",
      "inventory":[{
          "refId":"ingred_corkbulb_root_01",
          "count":1,
          "charge":-1,
          "enchantmentCharge":-1,
          "soul":""
        }]
    }
  },
  "loadState":{
    "hasFullContainerData":true,
    "hasFullActorList":true
  }
}