{
  "packets":{
    "actorList":["3821-0"],
    "ai":[],
    "cellChangeFrom":[],
    "cellChangeTo":[],
    "container":["3744-0","3749-0","3818-0","67247-0","67248-0","146723-0","146722-0","146721-0","477341-0","477342-0","477343-0","477344-0","477345-0","477346-0","477347-0","477348-0","477349-0","477350-0","477351-0","477354-0","477355-0","477356-0","477357-0","477358-0","477359-0","477360-0","477361-0","477362-0","477363-0","477364-0","477367-0","477368-0","3821-0"],
    "death":[],
    "delete":[],
    "doorState":[],
    "equipment":[],
    "lock":[],
    "place":[],
    "position":["3821-0"],
    "scale":[],
    "spawn":[],
    "state":[],
    "statsDynamic":["3821-0"],
    "trap":[],
    "spellsActive":[],
    "miscellaneous":[],
    "clientScriptLocal":[]
  },
  "entry":{
    "creationTime":1670164126,
    "description":"-1, -8"
  },
  "lastVisit":{
    "focal02":1670172851,
    "focal01":1670164168
  },
  "recordLinks":[],
  "objectData":{
    "477367-0":{
      "refId":"flora_heather_01",
      "inventory":[{
          "refId":"ingred_heather_01",
          "count":1,
          "charge":-1,
          "enchantmentCharge":-1,
          "soul":""
        }]
    },
    "477341-0":{
      "refId":"flora_gold_kanet_01",
      "inventory":[{
          "refId":"ingred_gold_kanet_01",
          "count":1,
          "charge":-1,
          "enchantmentCharge":-1,
          "soul":""
        }]
    },
    "477354-0":{
      "refId":"flora_comberry_01",
      "inventory":[]
    },
    "67248-0":{
      "refId":"flora_heather_01",
      "inventory":[{
          "refId":"ingred_heather_01",
          "count":1,
          "charge":-1,
          "enchantmentCharge":-1,
          "soul":""
        }]
    },
    "477362-0":{
      "refId":"flora_willow_flower_01",
      "inventory":[{
          "refId":"ingred_willow_anther_01",
          "count":1,
          "charge":-1,
          "enchantmentCharge":-1,
          "soul":""
        }]
    },
    "3818-0":{
      "refId":"flora_comberry_01",
      "inventory":[{
          "refId":"ingred_comberry_01",
          "count":1,
          "charge":-1,
          "enchantmentCharge":-1,
          "soul":""
        }]
    },
    "477368-0":{
      "refId":"flora_heather_01",
      "inventory":[{
          "refId":"ingred_heather_01",
          "count":2,
          "charge":-1,
          "enchantmentCharge":-1,
          "soul":""
        }]
    },
    "477349-0":{
      "refId":"flora_willow_flower_01",
      "inventory":[{
          "refId":"ingred_willow_anther_01",
          "count":1,
          "charge":-1,
          "enchantmentCharge":-1,
          "soul":""
        }]
    },
    "146723-0":{
      "refId":"flora_gold_kanet_01",
      "inventory":[{
          "refId":"ingred_gold_kanet_01",
          "count":1,
          "charge":-1,
          "enchantmentCharge":-1,
          "soul":""
        }]
    },
    "477356-0":{
      "refId":"flora_black_anther_02",
      "inventory":[{
          "refId":"ingred_black_anther_01",
          "count":1,
          "charge":-1,
          "enchantmentCharge":-1,
          "soul":""
        }]
    },
    "477357-0":{
      "refId":"flora_black_anther_01",
      "inventory":[{
          "refId":"ingred_black_anther_01",
          "count":1,
          "charge":-1,
          "enchantmentCharge":-1,
          "soul":""
        }]
    },
    "477346-0":{
      "refId":"flora_black_anther_01",
      "inventory":[{
          "refId":"ingred_black_anther_01",
          "count":2,
          "charge":-1,
          "enchantmentCharge":-1,
          "soul":""
        }]
    },
    "477351-0":{
      "refId":"flora_corkbulb",
      "inventory":[{
          "refId":"ingred_corkbulb_root_01",
          "count":1,
          "charge":-1,
          "enchantmentCharge":-1,
          "soul":""
        }]
    },
    "477342-0":{
      "refId":"flora_gold_kanet_01",
      "inventory":[{
          "refId":"ingred_gold_kanet_01",
          "count":1,
          "charge":-1,
          "enchantmentCharge":-1,
          "soul":""
        }]
    },
    "477364-0":{
      "refId":"flora_heather_01",
      "inventory":[{
          "refId":"ingred_heather_01",
          "count":2,
          "charge":-1,
          "enchantmentCharge":-1,
          "soul":""
        }]
    },
    "477358-0":{
      "refId":"flora_black_anther_02",
      "inventory":[]
    },
    "477347-0":{
      "refId":"flora_willow_flower_01",
      "inventory":[]
    },
    "3749-0":{
      "refId":"flora_heather_01",
      "inventory":[{
          "refId":"ingred_heather_01",
          "count":2,
          "charge":-1,
          "enchantmentCharge":-1,
          "soul":""
        }]
    },
    "477355-0":{
      "refId":"flora_corkbulb",
      "inventory":[{
          "refId":"ingred_corkbulb_root_01",
          "count":1,
          "charge":-1,
          "enchantmentCharge":-1,
          "soul":""
        }]
    },
    "477363-0":{
      "refId":"flora_heather_01",
      "inventory":[{
          "refId":"ingred_heather_01",
          "count":1,
          "charge":-1,
          "enchantmentCharge":-1,
          "soul":""
        }]
    },
    "477343-0":{
      "refId":"flora_black_anther_02",
      "inventory":[{
          "refId":"ingred_black_anther_01",
          "count":1,
          "charge":-1,
          "enchantmentCharge":-1,
          "soul":""
        }]
    },
    "3821-0":{
      "refId":"guar",
      "location":{
        "posX":-3392.3654785156,
        "posZ":298.15850830078,
        "posY":-61980.4609375,
        "rotX":0.38144016265869,
        "rotY":0,
        "rotZ":2.3724572658539
      },
      "stats":{
        "healthCurrent":38,
        "magickaCurrent":5,
        "healthModified":38,
        "fatigueBase":400,
        "fatigueModified":400,
        "healthBase":38,
        "magickaModified":5,
        "magickaBase":5,
        "fatigueCurrent":400
      },
      "inventory":[]
    },
    "477359-0":{
      "refId":"flora_black_anther_01",
      "inventory":[{
          "refId":"ingred_black_anther_01",
          "count":2,
          "charge":-1,
          "enchantmentCharge":-1,
          "soul":""
        }]
    },
    "67247-0":{
      "refId":"flora_heather_01",
      "inventory":[{
          "refId":"ingred_heather_01",
          "count":2,
          "charge":-1,
          "enchantmentCharge":-1,
          "soul":""
        }]
    },
    "477345-0":{
      "refId":"flora_black_anther_02",
      "inventory":[{
          "refId":"ingred_black_anther_01",
          "count":1,
          "charge":-1,
          "enchantmentCharge":-1,
          "soul":""
        }]
    },
    "477344-0":{
      "refId":"flora_black_anther_01",
      "inventory":[{
          "refId":"ingred_black_anther_01",
          "count":1,
          "charge":-1,
          "enchantmentCharge":-1,
          "soul":""
        }]
    },
    "146722-0":{
      "refId":"flora_stoneflower_02",
      "inventory":[{
          "refId":"ingred_stoneflower_petals_01",
          "count":1,
          "charge":-1,
          "enchantmentCharge":-1,
          "soul":""
        }]
    },
    "146721-0":{
      "refId":"flora_stoneflower_01",
      "inventory":[{
          "refId":"ingred_stoneflower_petals_01",
          "count":1,
          "charge":-1,
          "enchantmentCharge":-1,
          "soul":""
        }]
    },
    "477360-0":{
      "refId":"flora_willow_flower_01",
      "inventory":[{
          "refId":"ingred_willow_anther_01",
          "count":1,
          "charge":-1,
          "enchantmentCharge":-1,
          "soul":""
        }]
    },
    "477350-0":{
      "refId":"flora_willow_flower_02",
      "inventory":[{
          "refId":"ingred_willow_anther_01",
          "count":1,
          "charge":-1,
          "enchantmentCharge":-1,
          "soul":""
        }]
    },
    "477348-0":{
      "refId":"flora_willow_flower_02",
      "inventory":[{
          "refId":"ingred_willow_anther_01",
          "count":1,
          "charge":-1,
          "enchantmentCharge":-1,
          "soul":""
        }]
    },
    "477361-0":{
      "refId":"flora_willow_flower_02",
      "inventory":[{
          "refId":"ingred_willow_anther_01",
          "count":1,
          "charge":-1,
          "enchantmentCharge":-1,
          "soul":""
        }]
    },
    "3744-0":{
      "refId":"flora_heather_01",
      "inventory":[{
          "refId":"ingred_heather_01",
          "count":1,
          "charge":-1,
          "enchantmentCharge":-1,
          "soul":""
        }]
    }
  },
  "loadState":{
    "hasFullContainerData":true,
    "hasFullActorList":true
  }
}