{
  "packets":{
    "actorList":["0-33","0-32","175652-0","175653-0","175656-0","175655-0","175651-0","175654-0"],
    "ai":[],
    "cellChangeFrom":[],
    "cellChangeTo":[],
    "container":["323828-0","323829-0","323831-0","323832-0","323833-0","323834-0","323835-0","323836-0","323837-0","323838-0","323839-0","323840-0","323841-0","323842-0","323843-0","323830-0","175651-0","175652-0","175653-0","175654-0","175655-0","175656-0","0-33","0-32"],
    "death":[],
    "delete":[],
    "doorState":[],
    "equipment":["175652-0","175653-0","175656-0","175655-0","175651-0","175654-0"],
    "lock":[],
    "place":[],
    "position":["175651-0","175652-0","175653-0","175654-0","175655-0","175656-0","0-32","0-33"],
    "scale":[],
    "spawn":["0-33","0-32"],
    "state":[],
    "statsDynamic":["175651-0","175652-0","175653-0","175654-0","175655-0","175656-0","0-32","0-33"],
    "trap":[],
    "spellsActive":[],
    "miscellaneous":[],
    "clientScriptLocal":[]
  },
  "entry":{
    "creationTime":1670164225,
    "description":"-1, -3"
  },
  "lastVisit":{
    "focal01":1670173501
  },
  "recordLinks":[],
  "objectData":{
    "323834-0":{
      "refId":"barrel_01_random_pos",
      "inventory":[{
          "refId":"sc_paper plain",
          "count":1,
          "charge":-1,
          "enchantmentCharge":-1,
          "soul":""
        },{
          "refId":"misc_com_wood_bowl_04",
          "count":1,
          "charge":-1,
          "enchantmentCharge":-1,
          "soul":""
        },{
          "refId":"gold_001",
          "count":5,
          "charge":-1,
          "enchantmentCharge":-1,
          "soul":""
        },{
          "refId":"misc_com_bottle_10",
          "count":1,
          "charge":-1,
          "enchantmentCharge":-1,
          "soul":""
        },{
          "refId":"misc_com_plate_01",
          "count":1,
          "charge":-1,
          "enchantmentCharge":-1,
          "soul":""
        }]
    },
    "0-33":{
      "refId":"kwama forager",
      "location":{
        "posX":-2599.685546875,
        "posZ":863.54345703125,
        "posY":-22077.7109375,
        "rotX":-0.10465176403522,
        "rotY":0,
        "rotZ":-1.9862425327301
      },
      "stats":{
        "healthCurrent":23,
        "magickaCurrent":15,
        "healthModified":23,
        "fatigueBase":300,
        "fatigueModified":300,
        "healthBase":23,
        "magickaModified":15,
        "magickaBase":15,
        "fatigueCurrent":300
      },
      "inventory":[{
          "refId":"ingred_kwama_cuttle_01",
          "count":1,
          "charge":-1,
          "enchantmentCharge":-1,
          "soul":""
        }]
    },
    "323835-0":{
      "refId":"barrel_02_cheapfood5",
      "inventory":[{
          "refId":"ingred_hound_meat_01",
          "count":5,
          "charge":-1,
          "enchantmentCharge":-1,
          "soul":""
        }]
    },
    "323841-0":{
      "refId":"barrel_02_cheapfood5",
      "inventory":[{
          "refId":"ingred_scuttle_01",
          "count":5,
          "charge":-1,
          "enchantmentCharge":-1,
          "soul":""
        }]
    },
    "323836-0":{
      "refId":"crate_02_food",
      "inventory":[{
          "refId":"ingred_ash_yam_01",
          "count":3,
          "charge":-1,
          "enchantmentCharge":-1,
          "soul":""
        }]
    },
    "175655-0":{
      "refId":"imperial archer",
      "location":{
        "posX":-6269.9921875,
        "posZ":1619.4543457031,
        "posY":-18794.16015625,
        "rotX":0.0077872164547443,
        "rotY":0,
        "rotZ":-3.0301105976105
      },
      "stats":{
        "healthCurrent":168,
        "magickaCurrent":110,
        "healthModified":168,
        "fatigueBase":298,
        "fatigueModified":298,
        "healthBase":168,
        "magickaModified":110,
        "magickaBase":110,
        "fatigueCurrent":298
      },
      "equipment":{
        "0":{
          "refId":"imperial_chain_coif_helm",
          "count":1,
          "charge":-1,
          "enchantmentCharge":-1
        },
        "1":{
          "refId":"imperial_chain_cuirass",
          "count":1,
          "charge":-1,
          "enchantmentCharge":-1
        },
        "2":{
          "refId":"imperial_chain_greaves",
          "count":1,
          "charge":-1,
          "enchantmentCharge":-1
        },
        "7":{
          "refId":"common_shoes_05",
          "count":1,
          "charge":-1,
          "enchantmentCharge":-1
        },
        "8":{
          "refId":"common_shirt_05",
          "count":1,
          "charge":-1,
          "enchantmentCharge":-1
        },
        "9":{
          "refId":"common_pants_05",
          "count":1,
          "charge":-1,
          "enchantmentCharge":-1
        },
        "15":{
          "refId":"imperial belt",
          "count":1,
          "charge":-1,
          "enchantmentCharge":-1
        },
        "16":{
          "refId":"steel longbow",
          "count":1,
          "charge":-1,
          "enchantmentCharge":-1
        },
        "18":{
          "refId":"cruel sparkarrow",
          "count":20,
          "charge":-1,
          "enchantmentCharge":-1
        }
      },
      "inventory":[{
          "refId":"imperial_chain_greaves",
          "count":1,
          "charge":-1,
          "enchantmentCharge":-1,
          "soul":""
        },{
          "refId":"imperial_chain_cuirass",
          "count":1,
          "charge":-1,
          "enchantmentCharge":-1,
          "soul":""
        },{
          "refId":"imperial_chain_coif_helm",
          "count":1,
          "charge":-1,
          "enchantmentCharge":-1,
          "soul":""
        },{
          "refId":"imperial belt",
          "count":1,
          "charge":-1,
          "enchantmentCharge":-1,
          "soul":""
        },{
          "refId":"common_shirt_05",
          "count":1,
          "charge":-1,
          "enchantmentCharge":-1,
          "soul":""
        },{
          "refId":"common_shoes_05",
          "count":1,
          "charge":-1,
          "enchantmentCharge":-1,
          "soul":""
        },{
          "refId":"common_pants_05",
          "count":1,
          "charge":-1,
          "enchantmentCharge":-1,
          "soul":""
        },{
          "refId":"iron arrow",
          "count":100,
          "charge":-1,
          "enchantmentCharge":-1,
          "soul":""
        },{
          "refId":"cruel sparkarrow",
          "count":20,
          "charge":-1,
          "enchantmentCharge":-1,
          "soul":""
        },{
          "refId":"steel longbow",
          "count":1,
          "charge":-1,
          "enchantmentCharge":-1,
          "soul":""
        },{
          "refId":"iron viperblade",
          "count":1,
          "charge":-1,
          "enchantmentCharge":-1,
          "soul":""
        }]
    },
    "323830-0":{
      "refId":"crate_01_iron_weapons2",
      "inventory":[{
          "refId":"iron arrow",
          "count":25,
          "charge":-1,
          "enchantmentCharge":-1,
          "soul":""
        },{
          "refId":"iron battle axe",
          "count":1,
          "charge":-1,
          "enchantmentCharge":-1,
          "soul":""
        },{
          "refId":"iron war axe",
          "count":1,
          "charge":-1,
          "enchantmentCharge":-1,
          "soul":""
        },{
          "refId":"iron halberd",
          "count":1,
          "charge":-1,
          "enchantmentCharge":-1,
          "soul":""
        },{
          "refId":"iron long spear",
          "count":1,
          "charge":-1,
          "enchantmentCharge":-1,
          "soul":""
        },{
          "refId":"iron spear",
          "count":1,
          "charge":-1,
          "enchantmentCharge":-1,
          "soul":""
        },{
          "refId":"iron warhammer",
          "count":1,
          "charge":-1,
          "enchantmentCharge":-1,
          "soul":""
        },{
          "refId":"iron club",
          "count":1,
          "charge":-1,
          "enchantmentCharge":-1,
          "soul":""
        },{
          "refId":"iron mace",
          "count":1,
          "charge":-1,
          "enchantmentCharge":-1,
          "soul":""
        },{
          "refId":"iron claymore",
          "count":1,
          "charge":-1,
          "enchantmentCharge":-1,
          "soul":""
        },{
          "refId":"iron broadsword",
          "count":1,
          "charge":-1,
          "enchantmentCharge":-1,
          "soul":""
        },{
          "refId":"iron longsword",
          "count":1,
          "charge":-1,
          "enchantmentCharge":-1,
          "soul":""
        },{
          "refId":"iron saber",
          "count":1,
          "charge":-1,
          "enchantmentCharge":-1,
          "soul":""
        },{
          "refId":"iron dagger",
          "count":1,
          "charge":-1,
          "enchantmentCharge":-1,
          "soul":""
        },{
          "refId":"iron shortsword",
          "count":1,
          "charge":-1,
          "enchantmentCharge":-1,
          "soul":""
        },{
          "refId":"iron tanto",
          "count":1,
          "charge":-1,
          "enchantmentCharge":-1,
          "soul":""
        }]
    },
    "175654-0":{
      "refId":"imperial archer",
      "location":{
        "posX":-3160.8334960938,
        "posZ":1619.3312988281,
        "posY":-18279.365234375,
        "rotX":-0.37446975708008,
        "rotY":0,
        "rotZ":-0.010358333587646
      },
      "stats":{
        "healthCurrent":168,
        "magickaCurrent":110,
        "healthModified":168,
        "fatigueBase":298,
        "fatigueModified":298,
        "healthBase":168,
        "magickaModified":110,
        "magickaBase":110,
        "fatigueCurrent":298
      },
      "equipment":{
        "0":{
          "refId":"imperial_chain_coif_helm",
          "count":1,
          "charge":-1,
          "enchantmentCharge":-1
        },
        "1":{
          "refId":"imperial_chain_cuirass",
          "count":1,
          "charge":-1,
          "enchantmentCharge":-1
        },
        "2":{
          "refId":"imperial_chain_greaves",
          "count":1,
          "charge":-1,
          "enchantmentCharge":-1
        },
        "7":{
          "refId":"common_shoes_05",
          "count":1,
          "charge":-1,
          "enchantmentCharge":-1
        },
        "8":{
          "refId":"common_shirt_05",
          "count":1,
          "charge":-1,
          "enchantmentCharge":-1
        },
        "9":{
          "refId":"common_pants_05",
          "count":1,
          "charge":-1,
          "enchantmentCharge":-1
        },
        "15":{
          "refId":"imperial belt",
          "count":1,
          "charge":-1,
          "enchantmentCharge":-1
        },
        "16":{
          "refId":"steel longbow",
          "count":1,
          "charge":-1,
          "enchantmentCharge":-1
        },
        "18":{
          "refId":"cruel sparkarrow",
          "count":20,
          "charge":-1,
          "enchantmentCharge":-1
        }
      },
      "inventory":[{
          "refId":"imperial_chain_greaves",
          "count":1,
          "charge":-1,
          "enchantmentCharge":-1,
          "soul":""
        },{
          "refId":"imperial_chain_cuirass",
          "count":1,
          "charge":-1,
          "enchantmentCharge":-1,
          "soul":""
        },{
          "refId":"imperial_chain_coif_helm",
          "count":1,
          "charge":-1,
          "enchantmentCharge":-1,
          "soul":""
        },{
          "refId":"imperial belt",
          "count":1,
          "charge":-1,
          "enchantmentCharge":-1,
          "soul":""
        },{
          "refId":"common_shirt_05",
          "count":1,
          "charge":-1,
          "enchantmentCharge":-1,
          "soul":""
        },{
          "refId":"common_shoes_05",
          "count":1,
          "charge":-1,
          "enchantmentCharge":-1,
          "soul":""
        },{
          "refId":"common_pants_05",
          "count":1,
          "charge":-1,
          "enchantmentCharge":-1,
          "soul":""
        },{
          "refId":"iron arrow",
          "count":100,
          "charge":-1,
          "enchantmentCharge":-1,
          "soul":""
        },{
          "refId":"cruel sparkarrow",
          "count":20,
          "charge":-1,
          "enchantmentCharge":-1,
          "soul":""
        },{
          "refId":"steel longbow",
          "count":1,
          "charge":-1,
          "enchantmentCharge":-1,
          "soul":""
        },{
          "refId":"iron viperblade",
          "count":1,
          "charge":-1,
          "enchantmentCharge":-1,
          "soul":""
        }]
    },
    "175652-0":{
      "refId":"imperial guard",
      "location":{
        "posX":-4805.0131835938,
        "posZ":986.43688964844,
        "posY":-18754.9375,
        "rotX":0.090417750179768,
        "rotY":0,
        "rotZ":-1.4878957271576
      },
      "stats":{
        "healthCurrent":285,
        "magickaCurrent":110,
        "healthModified":285,
        "fatigueBase":309,
        "fatigueModified":309,
        "healthBase":285,
        "magickaModified":110,
        "magickaBase":110,
        "fatigueCurrent":309
      },
      "equipment":{
        "0":{
          "refId":"imperial helmet armor",
          "count":1,
          "charge":-1,
          "enchantmentCharge":-1
        },
        "1":{
          "refId":"imperial cuirass_armor",
          "count":1,
          "charge":-1,
          "enchantmentCharge":-1
        },
        "2":{
          "refId":"imperial_greaves",
          "count":1,
          "charge":-1,
          "enchantmentCharge":-1
        },
        "3":{
          "refId":"imperial left pauldron",
          "count":1,
          "charge":-1,
          "enchantmentCharge":-1
        },
        "4":{
          "refId":"imperial right pauldron",
          "count":1,
          "charge":-1,
          "enchantmentCharge":-1
        },
        "5":{
          "refId":"imperial left gauntlet",
          "count":1,
          "charge":-1,
          "enchantmentCharge":-1
        },
        "6":{
          "refId":"imperial right gauntlet",
          "count":1,
          "charge":-1,
          "enchantmentCharge":-1
        },
        "7":{
          "refId":"imperial boots",
          "count":1,
          "charge":-1,
          "enchantmentCharge":-1
        },
        "15":{
          "refId":"imperial belt",
          "count":1,
          "charge":-1,
          "enchantmentCharge":-1
        },
        "16":{
          "refId":"silver spear",
          "count":1,
          "charge":-1,
          "enchantmentCharge":-1
        },
        "17":{
          "refId":"imperial shield",
          "count":1,
          "charge":-1,
          "enchantmentCharge":-1
        }
      },
      "inventory":[{
          "refId":"imperial right gauntlet",
          "count":1,
          "charge":-1,
          "enchantmentCharge":-1,
          "soul":""
        },{
          "refId":"imperial left gauntlet",
          "count":1,
          "charge":-1,
          "enchantmentCharge":-1,
          "soul":""
        },{
          "refId":"imperial boots",
          "count":1,
          "charge":-1,
          "enchantmentCharge":-1,
          "soul":""
        },{
          "refId":"imperial_greaves",
          "count":1,
          "charge":-1,
          "enchantmentCharge":-1,
          "soul":""
        },{
          "refId":"imperial cuirass_armor",
          "count":1,
          "charge":-1,
          "enchantmentCharge":-1,
          "soul":""
        },{
          "refId":"imperial helmet armor",
          "count":1,
          "charge":-1,
          "enchantmentCharge":-1,
          "soul":""
        },{
          "refId":"imperial left pauldron",
          "count":1,
          "charge":-1,
          "enchantmentCharge":-1,
          "soul":""
        },{
          "refId":"imperial right pauldron",
          "count":1,
          "charge":-1,
          "enchantmentCharge":-1,
          "soul":""
        },{
          "refId":"imperial shield",
          "count":1,
          "charge":-1,
          "enchantmentCharge":-1,
          "soul":""
        },{
          "refId":"imperial belt",
          "count":1,
          "charge":-1,
          "enchantmentCharge":-1,
          "soul":""
        },{
          "refId":"torch_infinite_time",
          "count":1,
          "charge":-1,
          "enchantmentCharge":-1,
          "soul":""
        },{
          "refId":"silver spear",
          "count":1,
          "charge":-1,
          "enchantmentCharge":-1,
          "soul":""
        }]
    },
    "323831-0":{
      "refId":"crate_02_food",
      "inventory":[{
          "refId":"ingred_hound_meat_01",
          "count":3,
          "charge":-1,
          "enchantmentCharge":-1,
          "soul":""
        }]
    },
    "175656-0":{
      "refId":"imperial archer",
      "location":{
        "posX":-6269.19921875,
        "posZ":1620.1654052734,
        "posY":-18420.939453125,
        "rotX":-0.10812160372734,
        "rotY":0,
        "rotZ":3.1342394351959
      },
      "stats":{
        "healthCurrent":168,
        "magickaCurrent":110,
        "healthModified":168,
        "fatigueBase":298,
        "fatigueModified":298,
        "healthBase":168,
        "magickaModified":110,
        "magickaBase":110,
        "fatigueCurrent":298
      },
      "equipment":{
        "0":{
          "refId":"imperial_chain_coif_helm",
          "count":1,
          "charge":-1,
          "enchantmentCharge":-1
        },
        "1":{
          "refId":"imperial_chain_cuirass",
          "count":1,
          "charge":-1,
          "enchantmentCharge":-1
        },
        "2":{
          "refId":"imperial_chain_greaves",
          "count":1,
          "charge":-1,
          "enchantmentCharge":-1
        },
        "7":{
          "refId":"common_shoes_05",
          "count":1,
          "charge":-1,
          "enchantmentCharge":-1
        },
        "8":{
          "refId":"common_shirt_05",
          "count":1,
          "charge":-1,
          "enchantmentCharge":-1
        },
        "9":{
          "refId":"common_pants_05",
          "count":1,
          "charge":-1,
          "enchantmentCharge":-1
        },
        "15":{
          "refId":"imperial belt",
          "count":1,
          "charge":-1,
          "enchantmentCharge":-1
        },
        "16":{
          "refId":"steel longbow",
          "count":1,
          "charge":-1,
          "enchantmentCharge":-1
        },
        "18":{
          "refId":"cruel sparkarrow",
          "count":20,
          "charge":-1,
          "enchantmentCharge":-1
        }
      },
      "inventory":[{
          "refId":"imperial_chain_greaves",
          "count":1,
          "charge":-1,
          "enchantmentCharge":-1,
          "soul":""
        },{
          "refId":"imperial_chain_cuirass",
          "count":1,
          "charge":-1,
          "enchantmentCharge":-1,
          "soul":""
        },{
          "refId":"imperial_chain_coif_helm",
          "count":1,
          "charge":-1,
          "enchantmentCharge":-1,
          "soul":""
        },{
          "refId":"imperial belt",
          "count":1,
          "charge":-1,
          "enchantmentCharge":-1,
          "soul":""
        },{
          "refId":"common_shirt_05",
          "count":1,
          "charge":-1,
          "enchantmentCharge":-1,
          "soul":""
        },{
          "refId":"common_shoes_05",
          "count":1,
          "charge":-1,
          "enchantmentCharge":-1,
          "soul":""
        },{
          "refId":"common_pants_05",
          "count":1,
          "charge":-1,
          "enchantmentCharge":-1,
          "soul":""
        },{
          "refId":"iron arrow",
          "count":100,
          "charge":-1,
          "enchantmentCharge":-1,
          "soul":""
        },{
          "refId":"cruel sparkarrow",
          "count":20,
          "charge":-1,
          "enchantmentCharge":-1,
          "soul":""
        },{
          "refId":"steel longbow",
          "count":1,
          "charge":-1,
          "enchantmentCharge":-1,
          "soul":""
        },{
          "refId":"iron viperblade",
          "count":1,
          "charge":-1,
          "enchantmentCharge":-1,
          "soul":""
        }]
    },
    "175653-0":{
      "refId":"imperial guard captain",
      "location":{
        "posX":-5827.78515625,
        "posZ":1021.0817871094,
        "posY":-18322.369140625,
        "rotX":-0.27414098381996,
        "rotY":0,
        "rotZ":0.085369348526001
      },
      "stats":{
        "healthCurrent":238,
        "magickaCurrent":130,
        "healthModified":238,
        "fatigueBase":315,
        "fatigueModified":315,
        "healthBase":238,
        "magickaModified":130,
        "magickaBase":130,
        "fatigueCurrent":315
      },
      "equipment":{
        "0":{
          "refId":"imperial helmet armor",
          "count":1,
          "charge":-1,
          "enchantmentCharge":-1
        },
        "1":{
          "refId":"imperial cuirass_armor",
          "count":1,
          "charge":-1,
          "enchantmentCharge":-1
        },
        "3":{
          "refId":"imperial left pauldron",
          "count":1,
          "charge":-1,
          "enchantmentCharge":-1
        },
        "4":{
          "refId":"imperial right pauldron",
          "count":1,
          "charge":-1,
          "enchantmentCharge":-1
        },
        "5":{
          "refId":"imperial left gauntlet",
          "count":1,
          "charge":-1,
          "enchantmentCharge":-1
        },
        "6":{
          "refId":"imperial right gauntlet",
          "count":1,
          "charge":-1,
          "enchantmentCharge":-1
        },
        "7":{
          "refId":"imperial boots",
          "count":1,
          "charge":-1,
          "enchantmentCharge":-1
        },
        "10":{
          "refId":"imperial skirt_clothing",
          "count":1,
          "charge":-1,
          "enchantmentCharge":-1
        },
        "15":{
          "refId":"imperial belt",
          "count":1,
          "charge":-1,
          "enchantmentCharge":-1
        },
        "16":{
          "refId":"imperial broadsword",
          "count":1,
          "charge":-1,
          "enchantmentCharge":-1
        },
        "17":{
          "refId":"imperial shield",
          "count":1,
          "charge":-1,
          "enchantmentCharge":-1
        }
      },
      "inventory":[{
          "refId":"imperial shield",
          "count":1,
          "charge":-1,
          "enchantmentCharge":-1,
          "soul":""
        },{
          "refId":"imperial right gauntlet",
          "count":1,
          "charge":-1,
          "enchantmentCharge":-1,
          "soul":""
        },{
          "refId":"imperial left gauntlet",
          "count":1,
          "charge":-1,
          "enchantmentCharge":-1,
          "soul":""
        },{
          "refId":"imperial boots",
          "count":1,
          "charge":-1,
          "enchantmentCharge":-1,
          "soul":""
        },{
          "refId":"imperial right pauldron",
          "count":1,
          "charge":-1,
          "enchantmentCharge":-1,
          "soul":""
        },{
          "refId":"imperial left pauldron",
          "count":1,
          "charge":-1,
          "enchantmentCharge":-1,
          "soul":""
        },{
          "refId":"imperial cuirass_armor",
          "count":1,
          "charge":-1,
          "enchantmentCharge":-1,
          "soul":""
        },{
          "refId":"imperial helmet armor",
          "count":1,
          "charge":-1,
          "enchantmentCharge":-1,
          "soul":""
        },{
          "refId":"imperial skirt_clothing",
          "count":1,
          "charge":-1,
          "enchantmentCharge":-1,
          "soul":""
        },{
          "refId":"imperial belt",
          "count":1,
          "charge":-1,
          "enchantmentCharge":-1,
          "soul":""
        },{
          "refId":"imperial broadsword",
          "count":1,
          "charge":-1,
          "enchantmentCharge":-1,
          "soul":""
        }]
    },
    "323840-0":{
      "refId":"barrel_02_cheapfood5",
      "inventory":[{
          "refId":"ingred_hound_meat_01",
          "count":5,
          "charge":-1,
          "enchantmentCharge":-1,
          "soul":""
        }]
    },
    "323839-0":{
      "refId":"crate_02_food",
      "inventory":[{
          "refId":"ingred_ash_yam_01",
          "count":3,
          "charge":-1,
          "enchantmentCharge":-1,
          "soul":""
        }]
    },
    "175651-0":{
      "refId":"imperial guard",
      "location":{
        "posX":-4569.3872070313,
        "posZ":982.16137695313,
        "posY":-18478.4296875,
        "rotX":-0.25410431623459,
        "rotY":0,
        "rotZ":-1.9191153049469
      },
      "stats":{
        "healthCurrent":285,
        "magickaCurrent":110,
        "healthModified":285,
        "fatigueBase":309,
        "fatigueModified":309,
        "healthBase":285,
        "magickaModified":110,
        "magickaBase":110,
        "fatigueCurrent":309
      },
      "equipment":{
        "0":{
          "refId":"imperial helmet armor",
          "count":1,
          "charge":-1,
          "enchantmentCharge":-1
        },
        "1":{
          "refId":"imperial cuirass_armor",
          "count":1,
          "charge":-1,
          "enchantmentCharge":-1
        },
        "2":{
          "refId":"imperial_greaves",
          "count":1,
          "charge":-1,
          "enchantmentCharge":-1
        },
        "3":{
          "refId":"imperial left pauldron",
          "count":1,
          "charge":-1,
          "enchantmentCharge":-1
        },
        "4":{
          "refId":"imperial right pauldron",
          "count":1,
          "charge":-1,
          "enchantmentCharge":-1
        },
        "5":{
          "refId":"imperial left gauntlet",
          "count":1,
          "charge":-1,
          "enchantmentCharge":-1
        },
        "6":{
          "refId":"imperial right gauntlet",
          "count":1,
          "charge":-1,
          "enchantmentCharge":-1
        },
        "7":{
          "refId":"imperial boots",
          "count":1,
          "charge":-1,
          "enchantmentCharge":-1
        },
        "15":{
          "refId":"imperial belt",
          "count":1,
          "charge":-1,
          "enchantmentCharge":-1
        },
        "16":{
          "refId":"silver spear",
          "count":1,
          "charge":-1,
          "enchantmentCharge":-1
        },
        "17":{
          "refId":"imperial shield",
          "count":1,
          "charge":-1,
          "enchantmentCharge":-1
        }
      },
      "inventory":[{
          "refId":"imperial right gauntlet",
          "count":1,
          "charge":-1,
          "enchantmentCharge":-1,
          "soul":""
        },{
          "refId":"imperial left gauntlet",
          "count":1,
          "charge":-1,
          "enchantmentCharge":-1,
          "soul":""
        },{
          "refId":"imperial boots",
          "count":1,
          "charge":-1,
          "enchantmentCharge":-1,
          "soul":""
        },{
          "refId":"imperial_greaves",
          "count":1,
          "charge":-1,
          "enchantmentCharge":-1,
          "soul":""
        },{
          "refId":"imperial cuirass_armor",
          "count":1,
          "charge":-1,
          "enchantmentCharge":-1,
          "soul":""
        },{
          "refId":"imperial helmet armor",
          "count":1,
          "charge":-1,
          "enchantmentCharge":-1,
          "soul":""
        },{
          "refId":"imperial left pauldron",
          "count":1,
          "charge":-1,
          "enchantmentCharge":-1,
          "soul":""
        },{
          "refId":"imperial right pauldron",
          "count":1,
          "charge":-1,
          "enchantmentCharge":-1,
          "soul":""
        },{
          "refId":"imperial shield",
          "count":1,
          "charge":-1,
          "enchantmentCharge":-1,
          "soul":""
        },{
          "refId":"imperial belt",
          "count":1,
          "charge":-1,
          "enchantmentCharge":-1,
          "soul":""
        },{
          "refId":"torch_infinite_time",
          "count":1,
          "charge":-1,
          "enchantmentCharge":-1,
          "soul":""
        },{
          "refId":"silver spear",
          "count":1,
          "charge":-1,
          "enchantmentCharge":-1,
          "soul":""
        }]
    },
    "323828-0":{
      "refId":"crate_01_empty",
      "inventory":[]
    },
    "0-32":{
      "refId":"kwama forager",
      "location":{
        "posX":-1121.4532470703,
        "posZ":1488.5748291016,
        "posY":-18772.548828125,
        "rotX":0.11630430072546,
        "rotY":0,
        "rotZ":1.4545958042145
      },
      "stats":{
        "healthCurrent":23,
        "magickaCurrent":15,
        "healthModified":23,
        "fatigueBase":300,
        "fatigueModified":300,
        "healthBase":23,
        "magickaModified":15,
        "magickaBase":15,
        "fatigueCurrent":300
      },
      "inventory":[]
    },
    "323829-0":{
      "refId":"crate_01_imp_weapons",
      "inventory":[{
          "refId":"imperial broadsword",
          "count":1,
          "charge":-1,
          "enchantmentCharge":-1,
          "soul":""
        },{
          "refId":"imperial shortsword",
          "count":2,
          "charge":-1,
          "enchantmentCharge":-1,
          "soul":""
        }]
    },
    "323837-0":{
      "refId":"crate_01_imp_weapons",
      "inventory":[{
          "refId":"imperial broadsword",
          "count":1,
          "charge":-1,
          "enchantmentCharge":-1,
          "soul":""
        },{
          "refId":"imperial shortsword",
          "count":2,
          "charge":-1,
          "enchantmentCharge":-1,
          "soul":""
        }]
    },
    "323832-0":{
      "refId":"barrel_01_cheapfood20",
      "inventory":[{
          "refId":"ingred_scuttle_01",
          "count":20,
          "charge":-1,
          "enchantmentCharge":-1,
          "soul":""
        }]
    },
    "323838-0":{
      "refId":"crate_01_empty",
      "inventory":[]
    },
    "323842-0":{
      "refId":"barrel_02_cheapfood5",
      "inventory":[{
          "refId":"ingred_scuttle_01",
          "count":5,
          "charge":-1,
          "enchantmentCharge":-1,
          "soul":""
        }]
    },
    "323833-0":{
      "refId":"barrel_01_arrows",
      "inventory":[{
          "refId":"iron arrow",
          "count":250,
          "charge":-1,
          "enchantmentCharge":-1,
          "soul":""
        }]
    },
    "323843-0":{
      "refId":"barrel_02_cheapfood5",
      "inventory":[{
          "refId":"ingred_saltrice_01",
          "count":5,
          "charge":-1,
          "enchantmentCharge":-1,
          "soul":""
        }]
    }
  },
  "loadState":{
    "hasFullContainerData":true,
    "hasFullActorList":true
  }
}