{
  "packets":{
    "actorList":["0-31"],
    "ai":[],
    "cellChangeFrom":[],
    "cellChangeTo":[],
    "container":["475973-0","475974-0","475975-0","476010-0","476011-0","476012-0","0-31"],
    "death":[],
    "delete":[],
    "doorState":[],
    "equipment":[],
    "lock":[],
    "place":[],
    "position":["0-31"],
    "scale":[],
    "spawn":["0-31"],
    "state":[],
    "statsDynamic":["0-31"],
    "trap":[],
    "spellsActive":[],
    "miscellaneous":[],
    "clientScriptLocal":[]
  },
  "entry":{
    "creationTime":1670164225,
    "description":"-1, -2"
  },
  "lastVisit":{
    "focal01":1670173501
  },
  "recordLinks":[],
  "objectData":{
    "0-31":{
      "refId":"kwama forager",
      "location":{
        "posX":-892.21746826172,
        "posZ":938.57678222656,
        "posY":-14756.818359375,
        "rotX":-0.084549248218536,
        "rotY":0,
        "rotZ":-0.66989994049072
      },
      "stats":{
        "healthCurrent":23,
        "magickaCurrent":15,
        "healthModified":23,
        "fatigueBase":300,
        "fatigueModified":300,
        "healthBase":23,
        "magickaModified":15,
        "magickaBase":15,
        "fatigueCurrent":300
      },
      "inventory":[]
    },
    "475974-0":{
      "refId":"flora_stoneflower_01",
      "inventory":[{
          "refId":"ingred_stoneflower_petals_01",
          "count":1,
          "charge":-1,
          "enchantmentCharge":-1,
          "soul":""
        }]
    },
    "475973-0":{
      "refId":"flora_stoneflower_01",
      "inventory":[{
          "refId":"ingred_stoneflower_petals_01",
          "count":1,
          "charge":-1,
          "enchantmentCharge":-1,
          "soul":""
        }]
    },
    "476010-0":{
      "refId":"flora_kreshweed_02",
      "inventory":[{
          "refId":"ingred_kresh_fiber_01",
          "count":1,
          "charge":-1,
          "enchantmentCharge":-1,
          "soul":""
        }]
    },
    "476011-0":{
      "refId":"flora_kreshweed_03",
      "inventory":[{
          "refId":"ingred_kresh_fiber_01",
          "count":1,
          "charge":-1,
          "enchantmentCharge":-1,
          "soul":""
        }]
    },
    "475975-0":{
      "refId":"flora_stoneflower_02",
      "inventory":[{
          "refId":"ingred_stoneflower_petals_01",
          "count":1,
          "charge":-1,
          "enchantmentCharge":-1,
          "soul":""
        }]
    },
    "476012-0":{
      "refId":"flora_kreshweed_01",
      "inventory":[{
          "refId":"ingred_kresh_fiber_01",
          "count":1,
          "charge":-1,
          "enchantmentCharge":-1,
          "soul":""
        }]
    }
  },
  "loadState":{
    "hasFullContainerData":true,
    "hasFullActorList":true
  }
}