{
  "packets":{
    "actorList":[],
    "ai":[],
    "cellChangeFrom":[],
    "cellChangeTo":[],
    "container":[],
    "death":[],
    "delete":[],
    "doorState":[],
    "equipment":[],
    "lock":[],
    "place":[],
    "position":[],
    "scale":[],
    "spawn":[],
    "state":[],
    "statsDynamic":[],
    "trap":[],
    "spellsActive":[],
    "miscellaneous":[],
    "clientScriptLocal":[]
  },
  "entry":{
    "creationTime":1670164169,
    "description":"-2, -4"
  },
  "lastVisit":{
    "focal01":1670173529
  },
  "recordLinks":[],
  "objectData":[],
  "loadState":{
    "hasFullContainerData":true,
    "hasFullActorList":true
  }
}