{
  "packets":{
    "actorList":["0-28","41612-0"],
    "ai":[],
    "cellChangeFrom":[],
    "cellChangeTo":[],
    "container":["33998-0","33999-0","34001-0","34002-0","34004-0","34005-0","34000-0","34003-0","476158-0","476159-0","41612-0","0-28"],
    "death":[],
    "delete":[],
    "doorState":[],
    "equipment":["41612-0"],
    "lock":[],
    "place":[],
    "position":["41612-0","0-28"],
    "scale":[],
    "spawn":["0-28"],
    "state":[],
    "statsDynamic":["41612-0","0-28"],
    "trap":[],
    "spellsActive":[],
    "miscellaneous":[],
    "clientScriptLocal":[]
  },
  "entry":{
    "creationTime":1670164169,
    "description":"-2, -2"
  },
  "lastVisit":{
    "focal01":1670197903
  },
  "recordLinks":[],
  "objectData":{
    "34002-0":{
      "refId":"com_basket_01_empty",
      "inventory":[]
    },
    "34003-0":{
      "refId":"com_basket_01_empty",
      "inventory":[]
    },
    "34004-0":{
      "refId":"com_basket_01_empty",
      "inventory":[]
    },
    "34005-0":{
      "refId":"com_basket_01_empty",
      "inventory":[]
    },
    "476159-0":{
      "refId":"flora_kreshweed_01",
      "inventory":[{
          "refId":"ingred_kresh_fiber_01",
          "count":1,
          "charge":-1,
          "enchantmentCharge":-1,
          "soul":""
        }]
    },
    "33998-0":{
      "refId":"com_basket_01_empty",
      "inventory":[]
    },
    "0-28":{
      "refId":"rat",
      "location":{
        "posX":-10242.951171875,
        "posZ":1374.4285888672,
        "posY":-9079.1083984375,
        "rotX":-0.95276772975922,
        "rotY":0,
        "rotZ":0.56800293922424
      },
      "stats":{
        "healthCurrent":23,
        "magickaCurrent":10,
        "healthModified":23,
        "fatigueBase":300,
        "fatigueModified":300,
        "healthBase":23,
        "magickaModified":10,
        "magickaBase":10,
        "fatigueCurrent":300
      },
      "inventory":[]
    },
    "33999-0":{
      "refId":"com_basket_01_empty",
      "inventory":[]
    },
    "41612-0":{
      "refId":"dralcea arethi",
      "location":{
        "posX":-15488.974609375,
        "posZ":402.76663208008,
        "posY":-14486.0859375,
        "rotX":-0.13315103948116,
        "rotY":0,
        "rotZ":-2.861887216568
      },
      "stats":{
        "healthCurrent":58,
        "magickaCurrent":86,
        "healthModified":58,
        "fatigueBase":162,
        "fatigueModified":162,
        "healthBase":58,
        "magickaModified":86,
        "magickaBase":86,
        "fatigueCurrent":162
      },
      "equipment":{
        "7":{
          "refId":"common_shoes_03",
          "count":1,
          "charge":-1,
          "enchantmentCharge":-1
        },
        "8":{
          "refId":"common_shirt_01",
          "count":1,
          "charge":-1,
          "enchantmentCharge":-1
        },
        "10":{
          "refId":"common_skirt_02",
          "count":1,
          "charge":-1,
          "enchantmentCharge":-1
        },
        "12":{
          "refId":"common_ring_02",
          "count":1,
          "charge":-1,
          "enchantmentCharge":-1
        }
      },
      "inventory":[{
          "refId":"common_ring_02",
          "count":1,
          "charge":-1,
          "enchantmentCharge":-1,
          "soul":""
        },{
          "refId":"common_skirt_02",
          "count":1,
          "charge":-1,
          "enchantmentCharge":-1,
          "soul":""
        },{
          "refId":"common_shirt_01",
          "count":1,
          "charge":-1,
          "enchantmentCharge":-1,
          "soul":""
        },{
          "refId":"common_shoes_03",
          "count":1,
          "charge":-1,
          "enchantmentCharge":-1,
          "soul":""
        }]
    },
    "34000-0":{
      "refId":"com_basket_01_empty",
      "inventory":[]
    },
    "34001-0":{
      "refId":"com_basket_01_empty",
      "inventory":[]
    },
    "476158-0":{
      "refId":"flora_roobrush_02",
      "inventory":[{
          "refId":"ingred_roobrush_01",
          "count":1,
          "charge":-1,
          "enchantmentCharge":-1,
          "soul":""
        }]
    }
  },
  "loadState":{
    "hasFullContainerData":true,
    "hasFullActorList":true
  }
}