{
  "packets":{
    "actorList":["128966-0","270747-0","128963-0","128964-0","128961-0","172848-0","172852-0","128960-0","128962-0","128967-0","128965-0","270748-0","341046-0"],
    "ai":[],
    "cellChangeFrom":[],
    "cellChangeTo":[],
    "container":["297461-0","479183-0","172851-0","266721-0","266723-0","266734-0","266735-0","266738-0","266739-0","266740-0","128960-0","128961-0","128962-0","128963-0","128964-0","128965-0","128966-0","128967-0","172852-0","270747-0","270748-0","172848-0","341046-0"],
    "death":[],
    "delete":[],
    "doorState":[],
    "equipment":["128966-0","270747-0","128963-0","128964-0","128961-0","128960-0","128962-0","128967-0","128965-0","270748-0","3-0","4-0","2-0"],
    "lock":[],
    "place":[],
    "position":["128960-0","128961-0","128962-0","128963-0","128964-0","128965-0","128966-0","128967-0","270747-0","270748-0","2-0","3-0","4-0","341046-0"],
    "scale":[],
    "spawn":[],
    "state":["445161-0","445162-0","445163-0","445164-0","484254-0","484255-0","484256-0","484257-0","445168-0","4-0","2-0","3-0","5-0"],
    "statsDynamic":["128960-0","128961-0","128962-0","128963-0","128964-0","128965-0","128966-0","128967-0","270747-0","270748-0","2-0","3-0","4-0","341046-0"],
    "trap":[],
    "spellsActive":[],
    "miscellaneous":["270748-0"],
    "clientScriptLocal":[]
  },
  "entry":{
    "creationTime":1670164126,
    "description":"-2, -9"
  },
  "lastVisit":{
    "focal02":1670172851,
    "focal01":1670164168
  },
  "recordLinks":[],
  "objectData":{
    "266739-0":{
      "refId":"flora_bc_mushroom_08",
      "inventory":[{
          "refId":"ingred_coprinus_01",
          "count":2,
          "charge":-1,
          "enchantmentCharge":-1,
          "soul":""
        }]
    },
    "128964-0":{
      "refId":"fargoth",
      "location":{
        "posX":-10146.888671875,
        "posZ":153,
        "posY":-71328.875,
        "rotX":0.0093398615717888,
        "rotY":0,
        "rotZ":2.0794174671173
      },
      "stats":{
        "healthCurrent":41,
        "magickaCurrent":82,
        "healthModified":41,
        "fatigueBase":154,
        "fatigueModified":154,
        "healthBase":41,
        "magickaModified":82,
        "magickaBase":82,
        "fatigueCurrent":154
      },
      "equipment":{
        "7":{
          "refId":"common_shoes_04",
          "count":1,
          "charge":-1,
          "enchantmentCharge":-1
        },
        "8":{
          "refId":"common_shirt_04",
          "count":1,
          "charge":-1,
          "enchantmentCharge":-1
        },
        "9":{
          "refId":"common_pants_04",
          "count":1,
          "charge":-1,
          "enchantmentCharge":-1
        },
        "12":{
          "refId":"common_ring_04",
          "count":1,
          "charge":-1,
          "enchantmentCharge":-1
        }
      },
      "inventory":[{
          "refId":"common_ring_04",
          "count":1,
          "charge":-1,
          "enchantmentCharge":-1,
          "soul":""
        },{
          "refId":"common_shirt_04",
          "count":1,
          "charge":-1,
          "enchantmentCharge":-1,
          "soul":""
        },{
          "refId":"common_shoes_04",
          "count":1,
          "charge":-1,
          "enchantmentCharge":-1,
          "soul":""
        },{
          "refId":"common_pants_04",
          "count":1,
          "charge":-1,
          "enchantmentCharge":-1,
          "soul":""
        },{
          "refId":"torch_infinite_time",
          "count":1,
          "charge":-1,
          "enchantmentCharge":-1,
          "soul":""
        },{
          "refId":"gold_001",
          "count":6,
          "charge":-1,
          "enchantmentCharge":-1,
          "soul":""
        },{
          "refId":"misc_com_bottle_12",
          "count":1,
          "charge":-1,
          "enchantmentCharge":-1,
          "soul":""
        }]
    },
    "479183-0":{
      "refId":"flora_treestump_unique",
      "inventory":[]
    },
    "445161-0":{
      "refId":"chargencollision - extra",
      "state":false
    },
    "445164-0":{
      "refId":"chargencollision - extra",
      "state":false
    },
    "266738-0":{
      "refId":"flora_bc_mushroom_08",
      "inventory":[{
          "refId":"ingred_coprinus_01",
          "count":1,
          "charge":-1,
          "enchantmentCharge":-1,
          "soul":""
        }]
    },
    "172852-0":{
      "refId":"chargen dock guard",
      "inventory":[{
          "refId":"imperial right gauntlet",
          "count":1,
          "charge":-1,
          "enchantmentCharge":-1,
          "soul":""
        },{
          "refId":"imperial left gauntlet",
          "count":1,
          "charge":-1,
          "enchantmentCharge":-1,
          "soul":""
        },{
          "refId":"imperial boots",
          "count":1,
          "charge":-1,
          "enchantmentCharge":-1,
          "soul":""
        },{
          "refId":"imperial_greaves",
          "count":1,
          "charge":-1,
          "enchantmentCharge":-1,
          "soul":""
        },{
          "refId":"imperial_chain_pauldron_right",
          "count":1,
          "charge":-1,
          "enchantmentCharge":-1,
          "soul":""
        },{
          "refId":"imperial_chain_pauldron_left",
          "count":1,
          "charge":-1,
          "enchantmentCharge":-1,
          "soul":""
        },{
          "refId":"imperial_chain_cuirass",
          "count":1,
          "charge":-1,
          "enchantmentCharge":-1,
          "soul":""
        },{
          "refId":"imperial helmet armor",
          "count":1,
          "charge":-1,
          "enchantmentCharge":-1,
          "soul":""
        },{
          "refId":"common_shirt_04_c",
          "count":1,
          "charge":-1,
          "enchantmentCharge":-1,
          "soul":""
        },{
          "refId":"imperial broadsword",
          "count":1,
          "charge":-1,
          "enchantmentCharge":-1,
          "soul":""
        }]
    },
    "172848-0":{
      "refId":"chargen boat guard 1",
      "inventory":[{
          "refId":"imperial right gauntlet",
          "count":1,
          "charge":-1,
          "enchantmentCharge":-1,
          "soul":""
        },{
          "refId":"imperial left gauntlet",
          "count":1,
          "charge":-1,
          "enchantmentCharge":-1,
          "soul":""
        },{
          "refId":"heavy_leather_boots",
          "count":1,
          "charge":-1,
          "enchantmentCharge":-1,
          "soul":""
        },{
          "refId":"imperial_chain_pauldron_left",
          "count":1,
          "charge":-1,
          "enchantmentCharge":-1,
          "soul":""
        },{
          "refId":"imperial_chain_cuirass",
          "count":1,
          "charge":-1,
          "enchantmentCharge":-1,
          "soul":""
        },{
          "refId":"common_pants_02",
          "count":1,
          "charge":-1,
          "enchantmentCharge":-1,
          "soul":""
        },{
          "refId":"imperial broadsword",
          "count":1,
          "charge":-1,
          "enchantmentCharge":-1,
          "soul":""
        }]
    },
    "484255-0":{
      "refId":"chargencollision - extra",
      "state":false
    },
    "128962-0":{
      "refId":"vodunius nuccius",
      "location":{
        "posX":-11444.965820313,
        "posZ":227.66540527344,
        "posY":-70746.0703125,
        "rotX":0.002465914003551,
        "rotY":0,
        "rotZ":-2.78111577034
      },
      "stats":{
        "healthCurrent":63,
        "magickaCurrent":86,
        "healthModified":63,
        "fatigueBase":162,
        "fatigueModified":162,
        "healthBase":63,
        "magickaModified":86,
        "magickaBase":86,
        "fatigueCurrent":162
      },
      "equipment":[null,null,null,null,null,null,{
          "refId":"common_shoes_04",
          "count":1,
          "charge":-1,
          "enchantmentCharge":-1
        },{
          "refId":"common_shirt_05",
          "count":1,
          "charge":-1,
          "enchantmentCharge":-1
        },{
          "refId":"common_pants_04",
          "count":1,
          "charge":-1,
          "enchantmentCharge":-1
        }],
      "inventory":[{
          "refId":"sc_paper plain",
          "count":1,
          "charge":-1,
          "enchantmentCharge":-1,
          "soul":""
        },{
          "refId":"common_shirt_05",
          "count":1,
          "charge":-1,
          "enchantmentCharge":-1,
          "soul":""
        },{
          "refId":"common_shoes_04",
          "count":1,
          "charge":-1,
          "enchantmentCharge":-1,
          "soul":""
        },{
          "refId":"common_pants_04",
          "count":1,
          "charge":-1,
          "enchantmentCharge":-1,
          "soul":""
        },{
          "refId":"gold_001",
          "count":2,
          "charge":-1,
          "enchantmentCharge":-1,
          "soul":""
        },{
          "refId":"misc_de_tankard_01",
          "count":1,
          "charge":-1,
          "enchantmentCharge":-1,
          "soul":""
        }]
    },
    "484254-0":{
      "refId":"chargencollision - extra",
      "state":false
    },
    "128963-0":{
      "refId":"eldafire",
      "location":{
        "posX":-11389.450195313,
        "posZ":217.80609130859,
        "posY":-69768.4921875,
        "rotX":0.0042490307241678,
        "rotY":0,
        "rotZ":0.28630995750427
      },
      "stats":{
        "healthCurrent":58,
        "magickaCurrent":189,
        "healthModified":58,
        "fatigueBase":166,
        "fatigueModified":166,
        "healthBase":58,
        "magickaModified":189,
        "magickaBase":189,
        "fatigueCurrent":166
      },
      "equipment":[null,null,null,null,null,null,{
          "refId":"common_shoes_04",
          "count":1,
          "charge":-1,
          "enchantmentCharge":-1
        },{
          "refId":"common_shirt_01",
          "count":1,
          "charge":-1,
          "enchantmentCharge":-1
        },null,{
          "refId":"common_skirt_01",
          "count":1,
          "charge":-1,
          "enchantmentCharge":-1
        }],
      "inventory":[{
          "refId":"common_skirt_01",
          "count":1,
          "charge":-1,
          "enchantmentCharge":-1,
          "soul":""
        },{
          "refId":"common_shirt_01",
          "count":1,
          "charge":-1,
          "enchantmentCharge":-1,
          "soul":""
        },{
          "refId":"common_shoes_04",
          "count":1,
          "charge":-1,
          "enchantmentCharge":-1,
          "soul":""
        },{
          "refId":"gold_001",
          "count":7,
          "charge":-1,
          "enchantmentCharge":-1,
          "soul":""
        }]
    },
    "172851-0":{
      "refId":"chargen barrel fatigue",
      "inventory":[]
    },
    "445163-0":{
      "refId":"chargencollision - extra",
      "state":false
    },
    "4-0":{
      "refId":"firemoth_sailor",
      "location":{
        "posX":-8991.7626953125,
        "posZ":92.26301574707,
        "posY":-73041.3828125,
        "rotX":0,
        "rotY":0,
        "rotZ":5.7831854820251
      },
      "stats":{
        "healthCurrent":150,
        "magickaCurrent":68,
        "healthModified":150,
        "fatigueBase":228,
        "magickaModified":68,
        "fatigueModified":228,
        "healthBase":150,
        "magickaBase":68,
        "fatigueCurrent":228
      },
      "equipment":[],
      "state":false
    },
    "341046-0":{
      "refId":"mudcrab",
      "location":{
        "posX":-16097.947265625,
        "posZ":189.99078369141,
        "posY":-67865.5625,
        "rotX":-0.14925746619701,
        "rotY":0,
        "rotZ":-1.6918227672577
      },
      "stats":{
        "healthCurrent":15,
        "magickaCurrent":5,
        "fatigueModified":400,
        "fatigueBase":400,
        "healthBase":15,
        "healthModified":15,
        "magickaModified":5,
        "magickaBase":5,
        "fatigueCurrent":400
      },
      "inventory":[{
          "refId":"ingred_crab_meat_01",
          "count":1,
          "charge":-1,
          "enchantmentCharge":-1,
          "soul":""
        }]
    },
    "266735-0":{
      "refId":"flora_bc_shelffungus_04",
      "inventory":[{
          "refId":"ingred_bc_hypha_facia",
          "count":1,
          "charge":-1,
          "enchantmentCharge":-1,
          "soul":""
        }]
    },
    "5-0":{
      "refId":"fm_boat_dock",
      "state":false
    },
    "3-0":{
      "refId":"firemoth_mage",
      "location":{
        "posX":-8588.7353515625,
        "posZ":68.2783203125,
        "posY":-73583.5625,
        "rotX":0,
        "rotY":0,
        "rotZ":1.3000000715256
      },
      "stats":{
        "healthCurrent":180,
        "magickaCurrent":294,
        "healthModified":180,
        "fatigueBase":240,
        "magickaModified":294,
        "fatigueModified":240,
        "healthBase":180,
        "magickaBase":294,
        "fatigueCurrent":240
      },
      "equipment":{
        "1":{
          "refId":"newtscale_cuirass",
          "count":1,
          "charge":-1,
          "enchantmentCharge":-1
        },
        "7":{
          "refId":"netch_leather_boots",
          "count":1,
          "charge":-1,
          "enchantmentCharge":-1
        },
        "8":{
          "refId":"common_shirt_03_c",
          "count":1,
          "charge":-1,
          "enchantmentCharge":-1
        },
        "9":{
          "refId":"common_pants_03_c",
          "count":1,
          "charge":-1,
          "enchantmentCharge":-1
        },
        "11":{
          "refId":"common_robe_04",
          "count":1,
          "charge":-1,
          "enchantmentCharge":-1
        },
        "16":{
          "refId":"daedric dagger",
          "count":1,
          "charge":-1,
          "enchantmentCharge":-1
        }
      },
      "state":false
    },
    "2-0":{
      "refId":"firemoth_archer",
      "location":{
        "posX":-8435.7275390625,
        "posZ":67.952217102051,
        "posY":-73595.84375,
        "rotX":0,
        "rotY":0,
        "rotZ":0.79999995231628
      },
      "stats":{
        "healthCurrent":180,
        "magickaCurrent":72,
        "healthModified":180,
        "fatigueBase":254,
        "magickaModified":72,
        "fatigueModified":254,
        "healthBase":180,
        "magickaBase":72,
        "fatigueCurrent":254
      },
      "equipment":{
        "1":{
          "refId":"iron_cuirass",
          "count":1,
          "charge":-1,
          "enchantmentCharge":-1
        },
        "2":{
          "refId":"iron_greaves",
          "count":1,
          "charge":-1,
          "enchantmentCharge":-1
        },
        "7":{
          "refId":"iron boots",
          "count":1,
          "charge":-1,
          "enchantmentCharge":-1
        },
        "8":{
          "refId":"common_shirt_03_c",
          "count":1,
          "charge":-1,
          "enchantmentCharge":-1
        },
        "9":{
          "refId":"common_pants_03_c",
          "count":1,
          "charge":-1,
          "enchantmentCharge":-1
        },
        "16":{
          "refId":"ebony longsword",
          "count":1,
          "charge":-1,
          "enchantmentCharge":-1
        }
      },
      "state":false
    },
    "266740-0":{
      "refId":"flora_bc_mushroom_08",
      "inventory":[{
          "refId":"ingred_coprinus_01",
          "count":2,
          "charge":-1,
          "enchantmentCharge":-1,
          "soul":""
        }]
    },
    "445162-0":{
      "refId":"chargencollision - extra",
      "state":false
    },
    "270747-0":{
      "refId":"teleri helvi",
      "location":{
        "posX":-12883.09765625,
        "posZ":30.911924362183,
        "posY":-71409.125,
        "rotX":-0.027440350502729,
        "rotY":0,
        "rotZ":-0.83853483200073
      },
      "stats":{
        "healthCurrent":58,
        "magickaCurrent":86,
        "healthModified":58,
        "fatigueBase":162,
        "fatigueModified":162,
        "healthBase":58,
        "magickaModified":86,
        "magickaBase":86,
        "fatigueCurrent":162
      },
      "equipment":[null,null,null,null,null,null,{
          "refId":"common_shoes_05",
          "count":1,
          "charge":-1,
          "enchantmentCharge":-1
        },{
          "refId":"common_shirt_02_h",
          "count":1,
          "charge":-1,
          "enchantmentCharge":-1
        },{
          "refId":"common_pants_03",
          "count":1,
          "charge":-1,
          "enchantmentCharge":-1
        },{
          "refId":"common_skirt_03",
          "count":1,
          "charge":-1,
          "enchantmentCharge":-1
        }],
      "inventory":[{
          "refId":"common_skirt_03",
          "count":1,
          "charge":-1,
          "enchantmentCharge":-1,
          "soul":""
        },{
          "refId":"common_shirt_02_h",
          "count":1,
          "charge":-1,
          "enchantmentCharge":-1,
          "soul":""
        },{
          "refId":"common_shoes_05",
          "count":1,
          "charge":-1,
          "enchantmentCharge":-1,
          "soul":""
        },{
          "refId":"common_pants_03",
          "count":1,
          "charge":-1,
          "enchantmentCharge":-1,
          "soul":""
        }]
    },
    "128961-0":{
      "refId":"indrele rathryon",
      "location":{
        "posX":-12162.860351563,
        "posZ":102.19465637207,
        "posY":-71267.359375,
        "rotX":0.0097081046551466,
        "rotY":0,
        "rotZ":2.9078290462494
      },
      "stats":{
        "healthCurrent":40,
        "magickaCurrent":80,
        "healthModified":40,
        "fatigueBase":150,
        "fatigueModified":150,
        "healthBase":40,
        "magickaModified":80,
        "magickaBase":80,
        "fatigueCurrent":150
      },
      "equipment":{
        "7":{
          "refId":"common_shoes_04",
          "count":1,
          "charge":-1,
          "enchantmentCharge":-1
        },
        "8":{
          "refId":"common_shirt_04",
          "count":1,
          "charge":-1,
          "enchantmentCharge":-1
        },
        "10":{
          "refId":"common_skirt_05",
          "count":1,
          "charge":-1,
          "enchantmentCharge":-1
        },
        "12":{
          "refId":"common_ring_04",
          "count":1,
          "charge":-1,
          "enchantmentCharge":-1
        }
      },
      "inventory":[{
          "refId":"common_ring_04",
          "count":1,
          "charge":-1,
          "enchantmentCharge":-1,
          "soul":""
        },{
          "refId":"common_skirt_05",
          "count":1,
          "charge":-1,
          "enchantmentCharge":-1,
          "soul":""
        },{
          "refId":"common_shirt_04",
          "count":1,
          "charge":-1,
          "enchantmentCharge":-1,
          "soul":""
        },{
          "refId":"common_shoes_04",
          "count":1,
          "charge":-1,
          "enchantmentCharge":-1,
          "soul":""
        },{
          "refId":"gold_001",
          "count":3,
          "charge":-1,
          "enchantmentCharge":-1,
          "soul":""
        }]
    },
    "266734-0":{
      "refId":"flora_bc_shelffungus_02",
      "inventory":[{
          "refId":"ingred_bc_bungler's_bane",
          "count":1,
          "charge":-1,
          "enchantmentCharge":-1,
          "soul":""
        }]
    },
    "266721-0":{
      "refId":"flora_bc_mushroom_03",
      "inventory":[{
          "refId":"ingred_russula_01",
          "count":1,
          "charge":-1,
          "enchantmentCharge":-1,
          "soul":""
        }]
    },
    "128965-0":{
      "refId":"imperial guard",
      "location":{
        "posX":-11463.78125,
        "posZ":222.34124755859,
        "posY":-70834.8046875,
        "rotX":-0.075957521796227,
        "rotY":0,
        "rotZ":-0.25922179222107
      },
      "stats":{
        "healthCurrent":285,
        "magickaCurrent":110,
        "healthModified":285,
        "fatigueBase":309,
        "fatigueModified":309,
        "healthBase":285,
        "magickaModified":110,
        "magickaBase":110,
        "fatigueCurrent":309
      },
      "equipment":{
        "0":{
          "refId":"imperial_chain_coif_helm",
          "count":1,
          "charge":-1,
          "enchantmentCharge":-1
        },
        "1":{
          "refId":"imperial cuirass_armor",
          "count":1,
          "charge":-1,
          "enchantmentCharge":-1
        },
        "2":{
          "refId":"imperial_greaves",
          "count":1,
          "charge":-1,
          "enchantmentCharge":-1
        },
        "3":{
          "refId":"imperial left pauldron",
          "count":1,
          "charge":-1,
          "enchantmentCharge":-1
        },
        "4":{
          "refId":"imperial right pauldron",
          "count":1,
          "charge":-1,
          "enchantmentCharge":-1
        },
        "5":{
          "refId":"imperial left gauntlet",
          "count":1,
          "charge":-1,
          "enchantmentCharge":-1
        },
        "6":{
          "refId":"imperial right gauntlet",
          "count":1,
          "charge":-1,
          "enchantmentCharge":-1
        },
        "7":{
          "refId":"imperial boots",
          "count":1,
          "charge":-1,
          "enchantmentCharge":-1
        },
        "10":{
          "refId":"imperial skirt_clothing",
          "count":1,
          "charge":-1,
          "enchantmentCharge":-1
        },
        "15":{
          "refId":"imperial belt",
          "count":1,
          "charge":-1,
          "enchantmentCharge":-1
        },
        "16":{
          "refId":"imperial broadsword",
          "count":1,
          "charge":-1,
          "enchantmentCharge":-1
        },
        "17":{
          "refId":"imperial shield",
          "count":1,
          "charge":-1,
          "enchantmentCharge":-1
        }
      },
      "inventory":[{
          "refId":"imperial right gauntlet",
          "count":1,
          "charge":-1,
          "enchantmentCharge":-1,
          "soul":""
        },{
          "refId":"imperial left gauntlet",
          "count":1,
          "charge":-1,
          "enchantmentCharge":-1,
          "soul":""
        },{
          "refId":"imperial boots",
          "count":1,
          "charge":-1,
          "enchantmentCharge":-1,
          "soul":""
        },{
          "refId":"imperial_greaves",
          "count":1,
          "charge":-1,
          "enchantmentCharge":-1,
          "soul":""
        },{
          "refId":"imperial cuirass_armor",
          "count":1,
          "charge":-1,
          "enchantmentCharge":-1,
          "soul":""
        },{
          "refId":"imperial_chain_coif_helm",
          "count":1,
          "charge":-1,
          "enchantmentCharge":-1,
          "soul":""
        },{
          "refId":"imperial left pauldron",
          "count":1,
          "charge":-1,
          "enchantmentCharge":-1,
          "soul":""
        },{
          "refId":"imperial right pauldron",
          "count":1,
          "charge":-1,
          "enchantmentCharge":-1,
          "soul":""
        },{
          "refId":"imperial shield",
          "count":1,
          "charge":-1,
          "enchantmentCharge":-1,
          "soul":""
        },{
          "refId":"imperial belt",
          "count":1,
          "charge":-1,
          "enchantmentCharge":-1,
          "soul":""
        },{
          "refId":"imperial skirt_clothing",
          "count":1,
          "charge":-1,
          "enchantmentCharge":-1,
          "soul":""
        },{
          "refId":"torch_infinite_time",
          "count":1,
          "charge":-1,
          "enchantmentCharge":-1,
          "soul":""
        },{
          "refId":"imperial broadsword",
          "count":1,
          "charge":-1,
          "enchantmentCharge":-1,
          "soul":""
        }]
    },
    "484256-0":{
      "refId":"chargencollision - extra",
      "state":false
    },
    "445168-0":{
      "refId":"chargencollision - extra",
      "state":false
    },
    "484257-0":{
      "refId":"chargencollision - extra",
      "state":false
    },
    "266723-0":{
      "refId":"flora_bc_mushroom_04",
      "inventory":[{
          "refId":"ingred_russula_01",
          "count":1,
          "charge":-1,
          "enchantmentCharge":-1,
          "soul":""
        }]
    },
    "128966-0":{
      "refId":"imperial guard",
      "location":{
        "posX":-11396.345703125,
        "posZ":217.80609130859,
        "posY":-69621.09375,
        "rotX":0.011918943375349,
        "rotY":0,
        "rotZ":-3.1383278369904
      },
      "stats":{
        "healthCurrent":285,
        "magickaCurrent":110,
        "healthModified":285,
        "fatigueBase":309,
        "fatigueModified":309,
        "healthBase":285,
        "magickaModified":110,
        "magickaBase":110,
        "fatigueCurrent":309
      },
      "equipment":{
        "0":{
          "refId":"imperial_chain_coif_helm",
          "count":1,
          "charge":-1,
          "enchantmentCharge":-1
        },
        "1":{
          "refId":"imperial cuirass_armor",
          "count":1,
          "charge":-1,
          "enchantmentCharge":-1
        },
        "2":{
          "refId":"imperial_greaves",
          "count":1,
          "charge":-1,
          "enchantmentCharge":-1
        },
        "3":{
          "refId":"imperial left pauldron",
          "count":1,
          "charge":-1,
          "enchantmentCharge":-1
        },
        "4":{
          "refId":"imperial right pauldron",
          "count":1,
          "charge":-1,
          "enchantmentCharge":-1
        },
        "5":{
          "refId":"imperial left gauntlet",
          "count":1,
          "charge":-1,
          "enchantmentCharge":-1
        },
        "6":{
          "refId":"imperial right gauntlet",
          "count":1,
          "charge":-1,
          "enchantmentCharge":-1
        },
        "7":{
          "refId":"imperial boots",
          "count":1,
          "charge":-1,
          "enchantmentCharge":-1
        },
        "10":{
          "refId":"imperial skirt_clothing",
          "count":1,
          "charge":-1,
          "enchantmentCharge":-1
        },
        "15":{
          "refId":"imperial belt",
          "count":1,
          "charge":-1,
          "enchantmentCharge":-1
        },
        "16":{
          "refId":"imperial broadsword",
          "count":1,
          "charge":-1,
          "enchantmentCharge":-1
        },
        "17":{
          "refId":"imperial shield",
          "count":1,
          "charge":-1,
          "enchantmentCharge":-1
        }
      },
      "inventory":[{
          "refId":"imperial right gauntlet",
          "count":1,
          "charge":-1,
          "enchantmentCharge":-1,
          "soul":""
        },{
          "refId":"imperial left gauntlet",
          "count":1,
          "charge":-1,
          "enchantmentCharge":-1,
          "soul":""
        },{
          "refId":"imperial boots",
          "count":1,
          "charge":-1,
          "enchantmentCharge":-1,
          "soul":""
        },{
          "refId":"imperial_greaves",
          "count":1,
          "charge":-1,
          "enchantmentCharge":-1,
          "soul":""
        },{
          "refId":"imperial cuirass_armor",
          "count":1,
          "charge":-1,
          "enchantmentCharge":-1,
          "soul":""
        },{
          "refId":"imperial_chain_coif_helm",
          "count":1,
          "charge":-1,
          "enchantmentCharge":-1,
          "soul":""
        },{
          "refId":"imperial left pauldron",
          "count":1,
          "charge":-1,
          "enchantmentCharge":-1,
          "soul":""
        },{
          "refId":"imperial right pauldron",
          "count":1,
          "charge":-1,
          "enchantmentCharge":-1,
          "soul":""
        },{
          "refId":"imperial shield",
          "count":1,
          "charge":-1,
          "enchantmentCharge":-1,
          "soul":""
        },{
          "refId":"imperial belt",
          "count":1,
          "charge":-1,
          "enchantmentCharge":-1,
          "soul":""
        },{
          "refId":"imperial skirt_clothing",
          "count":1,
          "charge":-1,
          "enchantmentCharge":-1,
          "soul":""
        },{
          "refId":"torch_infinite_time",
          "count":1,
          "charge":-1,
          "enchantmentCharge":-1,
          "soul":""
        },{
          "refId":"imperial broadsword",
          "count":1,
          "charge":-1,
          "enchantmentCharge":-1,
          "soul":""
        }]
    },
    "128960-0":{
      "refId":"erene llenim",
      "location":{
        "posX":-14187.37890625,
        "posZ":58.841575622559,
        "posY":-71778.703125,
        "rotX":0.055617675185204,
        "rotY":0,
        "rotZ":2.003898859024
      },
      "stats":{
        "healthCurrent":57,
        "magickaCurrent":84,
        "healthModified":57,
        "fatigueBase":169,
        "fatigueModified":169,
        "healthBase":57,
        "magickaModified":84,
        "magickaBase":84,
        "fatigueCurrent":169
      },
      "equipment":{
        "7":{
          "refId":"common_shoes_04",
          "count":1,
          "charge":-1,
          "enchantmentCharge":-1
        },
        "8":{
          "refId":"common_shirt_04_a",
          "count":1,
          "charge":-1,
          "enchantmentCharge":-1
        },
        "9":{
          "refId":"common_pants_03_c",
          "count":1,
          "charge":-1,
          "enchantmentCharge":-1
        },
        "12":{
          "refId":"common_ring_04",
          "count":1,
          "charge":-1,
          "enchantmentCharge":-1
        }
      },
      "inventory":[{
          "refId":"common_ring_04",
          "count":1,
          "charge":-1,
          "enchantmentCharge":-1,
          "soul":""
        },{
          "refId":"common_shirt_04_a",
          "count":1,
          "charge":-1,
          "enchantmentCharge":-1,
          "soul":""
        },{
          "refId":"common_shoes_04",
          "count":1,
          "charge":-1,
          "enchantmentCharge":-1,
          "soul":""
        },{
          "refId":"common_pants_03_c",
          "count":1,
          "charge":-1,
          "enchantmentCharge":-1,
          "soul":""
        },{
          "refId":"food_kwama_egg_02",
          "count":1,
          "charge":-1,
          "enchantmentCharge":-1,
          "soul":""
        },{
          "refId":"gold_001",
          "count":2,
          "charge":-1,
          "enchantmentCharge":-1,
          "soul":""
        }]
    },
    "128967-0":{
      "refId":"imperial guard",
      "location":{
        "posX":-11413.2109375,
        "posZ":217.80609130859,
        "posY":-69847.3671875,
        "rotX":0.032592609524727,
        "rotY":0,
        "rotZ":0.076297760009766
      },
      "stats":{
        "healthCurrent":285,
        "magickaCurrent":110,
        "healthModified":285,
        "fatigueBase":309,
        "fatigueModified":309,
        "healthBase":285,
        "magickaModified":110,
        "magickaBase":110,
        "fatigueCurrent":309
      },
      "equipment":{
        "0":{
          "refId":"imperial helmet armor",
          "count":1,
          "charge":-1,
          "enchantmentCharge":-1
        },
        "1":{
          "refId":"imperial cuirass_armor",
          "count":1,
          "charge":-1,
          "enchantmentCharge":-1
        },
        "2":{
          "refId":"imperial_greaves",
          "count":1,
          "charge":-1,
          "enchantmentCharge":-1
        },
        "3":{
          "refId":"imperial left pauldron",
          "count":1,
          "charge":-1,
          "enchantmentCharge":-1
        },
        "4":{
          "refId":"imperial right pauldron",
          "count":1,
          "charge":-1,
          "enchantmentCharge":-1
        },
        "5":{
          "refId":"imperial left gauntlet",
          "count":1,
          "charge":-1,
          "enchantmentCharge":-1
        },
        "6":{
          "refId":"imperial right gauntlet",
          "count":1,
          "charge":-1,
          "enchantmentCharge":-1
        },
        "7":{
          "refId":"imperial boots",
          "count":1,
          "charge":-1,
          "enchantmentCharge":-1
        },
        "15":{
          "refId":"imperial belt",
          "count":1,
          "charge":-1,
          "enchantmentCharge":-1
        },
        "16":{
          "refId":"imperial broadsword",
          "count":1,
          "charge":-1,
          "enchantmentCharge":-1
        },
        "17":{
          "refId":"imperial shield",
          "count":1,
          "charge":-1,
          "enchantmentCharge":-1
        }
      },
      "inventory":[{
          "refId":"imperial right gauntlet",
          "count":1,
          "charge":-1,
          "enchantmentCharge":-1,
          "soul":""
        },{
          "refId":"imperial left gauntlet",
          "count":1,
          "charge":-1,
          "enchantmentCharge":-1,
          "soul":""
        },{
          "refId":"imperial boots",
          "count":1,
          "charge":-1,
          "enchantmentCharge":-1,
          "soul":""
        },{
          "refId":"imperial_greaves",
          "count":1,
          "charge":-1,
          "enchantmentCharge":-1,
          "soul":""
        },{
          "refId":"imperial cuirass_armor",
          "count":1,
          "charge":-1,
          "enchantmentCharge":-1,
          "soul":""
        },{
          "refId":"imperial helmet armor",
          "count":1,
          "charge":-1,
          "enchantmentCharge":-1,
          "soul":""
        },{
          "refId":"imperial left pauldron",
          "count":1,
          "charge":-1,
          "enchantmentCharge":-1,
          "soul":""
        },{
          "refId":"imperial right pauldron",
          "count":1,
          "charge":-1,
          "enchantmentCharge":-1,
          "soul":""
        },{
          "refId":"imperial shield",
          "count":1,
          "charge":-1,
          "enchantmentCharge":-1,
          "soul":""
        },{
          "refId":"imperial belt",
          "count":1,
          "charge":-1,
          "enchantmentCharge":-1,
          "soul":""
        },{
          "refId":"torch_infinite_time",
          "count":1,
          "charge":-1,
          "enchantmentCharge":-1,
          "soul":""
        },{
          "refId":"imperial broadsword",
          "count":1,
          "charge":-1,
          "enchantmentCharge":-1,
          "soul":""
        }]
    },
    "297461-0":{
      "refId":"chargen_crate_01_misc01",
      "inventory":[{
          "refId":"steel_shield",
          "count":1,
          "charge":-1,
          "enchantmentCharge":-1,
          "soul":""
        }]
    },
    "270748-0":{
      "refId":"darvame hleran",
      "location":{
        "posX":-8604.412109375,
        "posZ":823.21862792969,
        "posY":-70205.125,
        "rotX":0,
        "rotY":0,
        "rotZ":0.20000000298023
      },
      "stats":{
        "healthCurrent":32,
        "magickaCurrent":96,
        "healthModified":32,
        "fatigueBase":144,
        "fatigueModified":144,
        "healthBase":32,
        "magickaModified":96,
        "magickaBase":96,
        "fatigueCurrent":144
      },
      "equipment":[null,null,null,null,null,null,{
          "refId":"common_shoes_01",
          "count":1,
          "charge":-1,
          "enchantmentCharge":-1
        },{
          "refId":"common_shirt_02_t",
          "count":1,
          "charge":-1,
          "enchantmentCharge":-1
        },{
          "refId":"common_pants_04",
          "count":1,
          "charge":-1,
          "enchantmentCharge":-1
        }],
      "inventory":[{
          "refId":"common_shirt_02_t",
          "count":1,
          "charge":-1,
          "enchantmentCharge":-1,
          "soul":""
        },{
          "refId":"common_shoes_01",
          "count":1,
          "charge":-1,
          "enchantmentCharge":-1,
          "soul":""
        },{
          "refId":"common_pants_04",
          "count":1,
          "charge":-1,
          "enchantmentCharge":-1,
          "soul":""
        }],
      "goldPool":14,
      "lastGoldRestockHour":11.193737983704,
      "lastGoldRestockDay":1
    }
  },
  "loadState":{
    "hasFullContainerData":true,
    "hasFullActorList":true
  }
}