{
  "packets":{
    "actorList":["0-29","0-30","261829-0"],
    "ai":[],
    "cellChangeFrom":[],
    "cellChangeTo":[],
    "container":["49389-0","49390-0","49391-0","49392-0","49393-0","362871-0","362872-0","468037-0","476137-0","476138-0","476139-0","476140-0","476141-0","476142-0","476143-0","476146-0","261829-0","0-29","0-30"],
    "death":[],
    "delete":[],
    "doorState":[],
    "equipment":["261829-0"],
    "lock":[],
    "place":[],
    "position":["261829-0","0-29","0-30"],
    "scale":[],
    "spawn":["0-29","0-30"],
    "state":[],
    "statsDynamic":["261829-0","0-29","0-30"],
    "trap":[],
    "spellsActive":[],
    "miscellaneous":[],
    "clientScriptLocal":[]
  },
  "entry":{
    "creationTime":1670164197,
    "description":"-2, -1"
  },
  "lastVisit":{
    "focal01":1670197903
  },
  "recordLinks":[],
  "objectData":{
    "476140-0":{
      "refId":"flora_kreshweed_03",
      "inventory":[{
          "refId":"ingred_kresh_fiber_01",
          "count":1,
          "charge":-1,
          "enchantmentCharge":-1,
          "soul":""
        }]
    },
    "476143-0":{
      "refId":"flora_kreshweed_01",
      "inventory":[{
          "refId":"ingred_kresh_fiber_01",
          "count":1,
          "charge":-1,
          "enchantmentCharge":-1,
          "soul":""
        }]
    },
    "49391-0":{
      "refId":"flora_chokeweed_02",
      "inventory":[]
    },
    "362872-0":{
      "refId":"flora_kreshweed_01",
      "inventory":[{
          "refId":"ingred_kresh_fiber_01",
          "count":1,
          "charge":-1,
          "enchantmentCharge":-1,
          "soul":""
        }]
    },
    "476146-0":{
      "refId":"flora_kreshweed_01",
      "inventory":[{
          "refId":"ingred_kresh_fiber_01",
          "count":1,
          "charge":-1,
          "enchantmentCharge":-1,
          "soul":""
        }]
    },
    "476139-0":{
      "refId":"flora_kreshweed_01",
      "inventory":[{
          "refId":"ingred_kresh_fiber_01",
          "count":1,
          "charge":-1,
          "enchantmentCharge":-1,
          "soul":""
        }]
    },
    "476141-0":{
      "refId":"flora_kreshweed_02",
      "inventory":[{
          "refId":"ingred_kresh_fiber_01",
          "count":1,
          "charge":-1,
          "enchantmentCharge":-1,
          "soul":""
        }]
    },
    "0-30":{
      "refId":"rat",
      "location":{
        "posX":-11304.32421875,
        "posZ":628.68322753906,
        "posY":-2355.0974121094,
        "rotX":-0.0062549933791161,
        "rotY":0,
        "rotZ":-2.4147751331329
      },
      "stats":{
        "healthCurrent":23,
        "magickaCurrent":10,
        "healthModified":23,
        "fatigueBase":300,
        "fatigueModified":300,
        "healthBase":23,
        "magickaModified":10,
        "magickaBase":10,
        "fatigueCurrent":300
      },
      "inventory":[{
          "refId":"ingred_rat_meat_01",
          "count":1,
          "charge":-1,
          "enchantmentCharge":-1,
          "soul":""
        }]
    },
    "476142-0":{
      "refId":"flora_kreshweed_03",
      "inventory":[]
    },
    "0-29":{
      "refId":"rat",
      "location":{
        "posX":-10062.243164063,
        "posZ":819.49359130859,
        "posY":-7125.04296875,
        "rotX":-0.48525008559227,
        "rotY":0,
        "rotZ":-2.929972410202
      },
      "stats":{
        "healthCurrent":23,
        "magickaCurrent":10,
        "healthModified":23,
        "fatigueBase":300,
        "fatigueModified":300,
        "healthBase":23,
        "magickaModified":10,
        "magickaBase":10,
        "fatigueCurrent":300
      },
      "inventory":[]
    },
    "476137-0":{
      "refId":"flora_kreshweed_01",
      "inventory":[{
          "refId":"ingred_kresh_fiber_01",
          "count":1,
          "charge":-1,
          "enchantmentCharge":-1,
          "soul":""
        }]
    },
    "468037-0":{
      "refId":"flora_roobrush_02",
      "inventory":[{
          "refId":"ingred_roobrush_01",
          "count":1,
          "charge":-1,
          "enchantmentCharge":-1,
          "soul":""
        }]
    },
    "362871-0":{
      "refId":"flora_kreshweed_02",
      "inventory":[{
          "refId":"ingred_kresh_fiber_01",
          "count":1,
          "charge":-1,
          "enchantmentCharge":-1,
          "soul":""
        }]
    },
    "49393-0":{
      "refId":"flora_chokeweed_02",
      "inventory":[{
          "refId":"ingred_chokeweed_01",
          "count":1,
          "charge":-1,
          "enchantmentCharge":-1,
          "soul":""
        }]
    },
    "476138-0":{
      "refId":"flora_kreshweed_02",
      "inventory":[{
          "refId":"ingred_kresh_fiber_01",
          "count":1,
          "charge":-1,
          "enchantmentCharge":-1,
          "soul":""
        }]
    },
    "261829-0":{
      "refId":"ernil omoran",
      "location":{
        "posX":-8542.5400390625,
        "posZ":1135.0556640625,
        "posY":-2343.779296875,
        "rotX":0,
        "rotY":0,
        "rotZ":2.783186674118
      },
      "stats":{
        "healthCurrent":0,
        "magickaCurrent":88,
        "healthModified":0,
        "fatigueBase":188,
        "fatigueModified":188,
        "healthBase":0,
        "magickaModified":88,
        "magickaBase":88,
        "fatigueCurrent":188
      },
      "equipment":[null,null,null,null,null,null,{
          "refId":"common_shoes_02",
          "count":1,
          "charge":-1,
          "enchantmentCharge":-1
        },{
          "refId":"common_shirt_02_h",
          "count":1,
          "charge":-1,
          "enchantmentCharge":-1
        },{
          "refId":"common_pants_02",
          "count":1,
          "charge":-1,
          "enchantmentCharge":-1
        }],
      "inventory":[{
          "refId":"apparatus_a_spipe_tsiya",
          "count":1,
          "charge":-1,
          "enchantmentCharge":-1,
          "soul":""
        },{
          "refId":"bk_notefromernil",
          "count":1,
          "charge":-1,
          "enchantmentCharge":-1,
          "soul":""
        },{
          "refId":"common_shirt_02_h",
          "count":1,
          "charge":-1,
          "enchantmentCharge":-1,
          "soul":""
        },{
          "refId":"common_shoes_02",
          "count":1,
          "charge":-1,
          "enchantmentCharge":-1,
          "soul":""
        },{
          "refId":"common_pants_02",
          "count":1,
          "charge":-1,
          "enchantmentCharge":-1,
          "soul":""
        }]
    },
    "49392-0":{
      "refId":"flora_chokeweed_02",
      "inventory":[{
          "refId":"ingred_chokeweed_01",
          "count":1,
          "charge":-1,
          "enchantmentCharge":-1,
          "soul":""
        }]
    },
    "49389-0":{
      "refId":"flora_chokeweed_02",
      "inventory":[{
          "refId":"ingred_chokeweed_01",
          "count":1,
          "charge":-1,
          "enchantmentCharge":-1,
          "soul":""
        }]
    },
    "49390-0":{
      "refId":"flora_chokeweed_02",
      "inventory":[{
          "refId":"ingred_chokeweed_01",
          "count":1,
          "charge":-1,
          "enchantmentCharge":-1,
          "soul":""
        }]
    }
  },
  "loadState":{
    "hasFullContainerData":true,
    "hasFullActorList":true
  }
}