{
  "packets":{
    "actorList":["0-1","297840-0"],
    "ai":[],
    "cellChangeFrom":[],
    "cellChangeTo":[],
    "container":["266400-0","266401-0","266402-0","266404-0","266412-0","266413-0","266414-0","266415-0","266431-0","266432-0","266433-0","266435-0","266436-0","266437-0","266460-0","266461-0","266462-0","266491-0","266492-0","266589-0","266590-0","266591-0","266594-0","266600-0","266620-0","266621-0","266622-0","266634-0","266635-0","266638-0","266639-0","266640-0","266645-0","266647-0","266648-0","266649-0","266692-0","266694-0","266696-0","266697-0","266700-0","266701-0","297840-0","0-1"],
    "death":[],
    "delete":[],
    "doorState":[],
    "equipment":["297840-0"],
    "lock":[],
    "place":[],
    "position":["297840-0","0-1"],
    "scale":[],
    "spawn":["0-1"],
    "state":["297840-0"],
    "statsDynamic":["297840-0","0-1"],
    "trap":[],
    "spellsActive":[],
    "miscellaneous":[],
    "clientScriptLocal":[]
  },
  "entry":{
    "creationTime":1670164126,
    "description":"-2, -8"
  },
  "lastVisit":{
    "focal02":1670172851,
    "focal01":1670164168
  },
  "recordLinks":[],
  "objectData":{
    "266415-0":{
      "refId":"flora_bc_mushroom_07",
      "inventory":[{
          "refId":"ingred_coprinus_01",
          "count":1,
          "charge":-1,
          "enchantmentCharge":-1,
          "soul":""
        }]
    },
    "266404-0":{
      "refId":"flora_bc_mushroom_06",
      "inventory":[{
          "refId":"ingred_coprinus_01",
          "count":1,
          "charge":-1,
          "enchantmentCharge":-1,
          "soul":""
        }]
    },
    "266462-0":{
      "refId":"flora_bc_podplant_01",
      "inventory":[]
    },
    "266436-0":{
      "refId":"flora_bc_podplant_01",
      "inventory":[{
          "refId":"ingred_bc_ampoule_pod",
          "count":1,
          "charge":-1,
          "enchantmentCharge":-1,
          "soul":""
        }]
    },
    "266492-0":{
      "refId":"flora_bc_podplant_01",
      "inventory":[{
          "refId":"ingred_bc_ampoule_pod",
          "count":1,
          "charge":-1,
          "enchantmentCharge":-1,
          "soul":""
        }]
    },
    "266600-0":{
      "refId":"flora_bc_mushroom_01",
      "inventory":[{
          "refId":"ingred_russula_01",
          "count":1,
          "charge":-1,
          "enchantmentCharge":-1,
          "soul":""
        }]
    },
    "266696-0":{
      "refId":"flora_bc_mushroom_04",
      "inventory":[{
          "refId":"ingred_russula_01",
          "count":2,
          "charge":-1,
          "enchantmentCharge":-1,
          "soul":""
        }]
    },
    "266645-0":{
      "refId":"flora_bc_fern_01",
      "inventory":[{
          "refId":"ingred_bc_spore_pod",
          "count":3,
          "charge":-1,
          "enchantmentCharge":-1,
          "soul":""
        }]
    },
    "266701-0":{
      "refId":"flora_bc_mushroom_08",
      "inventory":[{
          "refId":"ingred_coprinus_01",
          "count":2,
          "charge":-1,
          "enchantmentCharge":-1,
          "soul":""
        }]
    },
    "266460-0":{
      "refId":"flora_bc_podplant_03",
      "inventory":[{
          "refId":"ingred_bc_coda_flower",
          "count":1,
          "charge":-1,
          "enchantmentCharge":-1,
          "soul":""
        }]
    },
    "266622-0":{
      "refId":"flora_bc_mushroom_01",
      "inventory":[{
          "refId":"ingred_russula_01",
          "count":1,
          "charge":-1,
          "enchantmentCharge":-1,
          "soul":""
        }]
    },
    "266700-0":{
      "refId":"flora_bc_mushroom_08",
      "inventory":[{
          "refId":"ingred_coprinus_01",
          "count":2,
          "charge":-1,
          "enchantmentCharge":-1,
          "soul":""
        }]
    },
    "266594-0":{
      "refId":"flora_bc_mushroom_04",
      "inventory":[{
          "refId":"ingred_russula_01",
          "count":1,
          "charge":-1,
          "enchantmentCharge":-1,
          "soul":""
        }]
    },
    "266620-0":{
      "refId":"flora_bc_mushroom_02",
      "inventory":[{
          "refId":"ingred_russula_01",
          "count":2,
          "charge":-1,
          "enchantmentCharge":-1,
          "soul":""
        }]
    },
    "266437-0":{
      "refId":"flora_bc_podplant_03",
      "inventory":[{
          "refId":"ingred_bc_coda_flower",
          "count":1,
          "charge":-1,
          "enchantmentCharge":-1,
          "soul":""
        }]
    },
    "266647-0":{
      "refId":"flora_bc_mushroom_01",
      "inventory":[{
          "refId":"ingred_russula_01",
          "count":1,
          "charge":-1,
          "enchantmentCharge":-1,
          "soul":""
        }]
    },
    "266694-0":{
      "refId":"flora_bc_mushroom_01",
      "inventory":[{
          "refId":"ingred_russula_01",
          "count":1,
          "charge":-1,
          "enchantmentCharge":-1,
          "soul":""
        }]
    },
    "266697-0":{
      "refId":"flora_bc_mushroom_08",
      "inventory":[{
          "refId":"ingred_coprinus_01",
          "count":2,
          "charge":-1,
          "enchantmentCharge":-1,
          "soul":""
        }]
    },
    "266414-0":{
      "refId":"flora_bc_mushroom_07",
      "inventory":[{
          "refId":"ingred_coprinus_01",
          "count":1,
          "charge":-1,
          "enchantmentCharge":-1,
          "soul":""
        }]
    },
    "266692-0":{
      "refId":"flora_bc_mushroom_02",
      "inventory":[]
    },
    "266621-0":{
      "refId":"flora_bc_mushroom_05",
      "inventory":[{
          "refId":"ingred_russula_01",
          "count":1,
          "charge":-1,
          "enchantmentCharge":-1,
          "soul":""
        }]
    },
    "266648-0":{
      "refId":"flora_bc_mushroom_04",
      "inventory":[{
          "refId":"ingred_russula_01",
          "count":2,
          "charge":-1,
          "enchantmentCharge":-1,
          "soul":""
        }]
    },
    "266461-0":{
      "refId":"flora_bc_podplant_01",
      "inventory":[]
    },
    "266431-0":{
      "refId":"flora_bc_podplant_01",
      "inventory":[]
    },
    "266639-0":{
      "refId":"flora_bc_mushroom_08",
      "inventory":[{
          "refId":"ingred_coprinus_01",
          "count":2,
          "charge":-1,
          "enchantmentCharge":-1,
          "soul":""
        }]
    },
    "266413-0":{
      "refId":"flora_bc_podplant_03",
      "inventory":[{
          "refId":"ingred_bc_coda_flower",
          "count":1,
          "charge":-1,
          "enchantmentCharge":-1,
          "soul":""
        }]
    },
    "266591-0":{
      "refId":"flora_bc_shelffungus_02",
      "inventory":[{
          "refId":"ingred_bc_bungler's_bane",
          "count":1,
          "charge":-1,
          "enchantmentCharge":-1,
          "soul":""
        }]
    },
    "266435-0":{
      "refId":"flora_bc_mushroom_06",
      "inventory":[{
          "refId":"ingred_coprinus_01",
          "count":1,
          "charge":-1,
          "enchantmentCharge":-1,
          "soul":""
        }]
    },
    "266590-0":{
      "refId":"flora_bc_shelffungus_02",
      "inventory":[]
    },
    "266412-0":{
      "refId":"flora_bc_podplant_01",
      "inventory":[{
          "refId":"ingred_bc_ampoule_pod",
          "count":1,
          "charge":-1,
          "enchantmentCharge":-1,
          "soul":""
        }]
    },
    "266634-0":{
      "refId":"flora_bc_shelffungus_02",
      "inventory":[{
          "refId":"ingred_bc_bungler's_bane",
          "count":1,
          "charge":-1,
          "enchantmentCharge":-1,
          "soul":""
        }]
    },
    "266432-0":{
      "refId":"flora_bc_mushroom_06",
      "inventory":[{
          "refId":"ingred_coprinus_01",
          "count":1,
          "charge":-1,
          "enchantmentCharge":-1,
          "soul":""
        }]
    },
    "266640-0":{
      "refId":"flora_bc_mushroom_08",
      "inventory":[{
          "refId":"ingred_coprinus_01",
          "count":1,
          "charge":-1,
          "enchantmentCharge":-1,
          "soul":""
        }]
    },
    "266433-0":{
      "refId":"flora_bc_mushroom_06",
      "inventory":[{
          "refId":"ingred_coprinus_01",
          "count":1,
          "charge":-1,
          "enchantmentCharge":-1,
          "soul":""
        }]
    },
    "266589-0":{
      "refId":"flora_bc_shelffungus_01",
      "inventory":[{
          "refId":"ingred_bc_bungler's_bane",
          "count":1,
          "charge":-1,
          "enchantmentCharge":-1,
          "soul":""
        }]
    },
    "266491-0":{
      "refId":"flora_bc_podplant_01",
      "inventory":[{
          "refId":"ingred_bc_ampoule_pod",
          "count":1,
          "charge":-1,
          "enchantmentCharge":-1,
          "soul":""
        }]
    },
    "266402-0":{
      "refId":"flora_bc_mushroom_06",
      "inventory":[{
          "refId":"ingred_coprinus_01",
          "count":1,
          "charge":-1,
          "enchantmentCharge":-1,
          "soul":""
        }]
    },
    "297840-0":{
      "refId":"dreamer_talker05",
      "location":{
        "posX":-13807.431640625,
        "posZ":379.75329589844,
        "posY":-64983.76953125,
        "rotX":-0.22565217316151,
        "rotY":0,
        "rotZ":-1.3728816509247
      },
      "stats":{
        "healthCurrent":40,
        "magickaCurrent":80,
        "healthModified":40,
        "fatigueBase":160,
        "magickaModified":80,
        "fatigueModified":160,
        "healthBase":40,
        "magickaBase":80,
        "fatigueCurrent":160
      },
      "equipment":{
        "9":{
          "refId":"common_pants_03",
          "count":1,
          "charge":-1,
          "enchantmentCharge":-1
        },
        "16":{
          "refId":"chitin club",
          "count":1,
          "charge":-1,
          "enchantmentCharge":-1
        }
      },
      "inventory":[{
          "refId":"common_pants_03",
          "count":1,
          "charge":-1,
          "enchantmentCharge":-1,
          "soul":""
        },{
          "refId":"ingred_6th_corprusmeat_01",
          "count":1,
          "charge":-1,
          "enchantmentCharge":-1,
          "soul":""
        },{
          "refId":"chitin club",
          "count":1,
          "charge":-1,
          "enchantmentCharge":-1,
          "soul":""
        }],
      "state":false
    },
    "266649-0":{
      "refId":"flora_bc_mushroom_02",
      "inventory":[{
          "refId":"ingred_russula_01",
          "count":2,
          "charge":-1,
          "enchantmentCharge":-1,
          "soul":""
        }]
    },
    "266638-0":{
      "refId":"flora_bc_mushroom_08",
      "inventory":[{
          "refId":"ingred_coprinus_01",
          "count":2,
          "charge":-1,
          "enchantmentCharge":-1,
          "soul":""
        }]
    },
    "0-1":{
      "refId":"mudcrab",
      "location":{
        "posX":-12966.747070313,
        "posZ":123.61329650879,
        "posY":-58809.3046875,
        "rotX":-0.077337525784969,
        "rotY":0,
        "rotZ":-2.4335730075836
      },
      "stats":{
        "healthCurrent":15,
        "magickaCurrent":5,
        "healthModified":15,
        "fatigueBase":400,
        "fatigueModified":400,
        "healthBase":15,
        "magickaModified":5,
        "magickaBase":5,
        "fatigueCurrent":400
      },
      "inventory":[{
          "refId":"ingred_crab_meat_01",
          "count":2,
          "charge":-1,
          "enchantmentCharge":-1,
          "soul":""
        }]
    },
    "266635-0":{
      "refId":"flora_bc_shelffungus_04",
      "inventory":[{
          "refId":"ingred_bc_hypha_facia",
          "count":1,
          "charge":-1,
          "enchantmentCharge":-1,
          "soul":""
        }]
    },
    "266401-0":{
      "refId":"flora_bc_mushroom_06",
      "inventory":[]
    },
    "266400-0":{
      "refId":"flora_bc_podplant_01",
      "inventory":[{
          "refId":"ingred_bc_ampoule_pod",
          "count":1,
          "charge":-1,
          "enchantmentCharge":-1,
          "soul":""
        }]
    }
  },
  "loadState":{
    "hasFullContainerData":true,
    "hasFullActorList":true
  }
}