{
  "packets":{
    "actorList":["0-41","187544-0","187550-0","187545-0","187547-0","187546-0","187548-0","187549-0"],
    "ai":[],
    "cellChangeFrom":[],
    "cellChangeTo":[],
    "container":["187544-0","187545-0","187546-0","187547-0","187548-0","187549-0","187550-0","0-41"],
    "death":[],
    "delete":[],
    "doorState":[],
    "equipment":["187544-0","187550-0","187545-0","187547-0","187546-0","187548-0","187549-0"],
    "lock":[],
    "place":[],
    "position":["187544-0","187545-0","187546-0","187547-0","187548-0","187549-0","187550-0","0-41"],
    "scale":[],
    "spawn":["0-41"],
    "state":[],
    "statsDynamic":["187544-0","187545-0","187546-0","187547-0","187548-0","187549-0","187550-0","0-41"],
    "trap":[],
    "spellsActive":[],
    "miscellaneous":[],
    "clientScriptLocal":[]
  },
  "entry":{
    "creationTime":1670198113,
    "description":"-2, 2"
  },
  "lastVisit":{
    "focal01":1670198199
  },
  "recordLinks":[],
  "objectData":{
    "187544-0":{
      "refId":"imperial guard",
      "location":{
        "posX":-10481.44921875,
        "posZ":1702.0164794922,
        "posY":21620.6875,
        "rotX":0.11906307190657,
        "rotY":0,
        "rotZ":0.94558691978455
      },
      "stats":{
        "healthCurrent":285,
        "magickaCurrent":110,
        "healthModified":285,
        "fatigueBase":309,
        "fatigueModified":309,
        "healthBase":285,
        "magickaModified":110,
        "magickaBase":110,
        "fatigueCurrent":309
      },
      "equipment":{
        "0":{
          "refId":"imperial helmet armor",
          "count":1,
          "charge":-1,
          "enchantmentCharge":-1
        },
        "1":{
          "refId":"imperial cuirass_armor",
          "count":1,
          "charge":-1,
          "enchantmentCharge":-1
        },
        "2":{
          "refId":"imperial_greaves",
          "count":1,
          "charge":-1,
          "enchantmentCharge":-1
        },
        "3":{
          "refId":"imperial left pauldron",
          "count":1,
          "charge":-1,
          "enchantmentCharge":-1
        },
        "4":{
          "refId":"imperial right pauldron",
          "count":1,
          "charge":-1,
          "enchantmentCharge":-1
        },
        "5":{
          "refId":"imperial left gauntlet",
          "count":1,
          "charge":-1,
          "enchantmentCharge":-1
        },
        "6":{
          "refId":"imperial right gauntlet",
          "count":1,
          "charge":-1,
          "enchantmentCharge":-1
        },
        "7":{
          "refId":"imperial boots",
          "count":1,
          "charge":-1,
          "enchantmentCharge":-1
        },
        "10":{
          "refId":"imperial skirt_clothing",
          "count":1,
          "charge":-1,
          "enchantmentCharge":-1
        },
        "15":{
          "refId":"imperial belt",
          "count":1,
          "charge":-1,
          "enchantmentCharge":-1
        },
        "16":{
          "refId":"silver spear",
          "count":1,
          "charge":-1,
          "enchantmentCharge":-1
        }
      },
      "inventory":[{
          "refId":"imperial right gauntlet",
          "count":1,
          "charge":-1,
          "enchantmentCharge":-1,
          "soul":""
        },{
          "refId":"imperial left gauntlet",
          "count":1,
          "charge":-1,
          "enchantmentCharge":-1,
          "soul":""
        },{
          "refId":"imperial boots",
          "count":1,
          "charge":-1,
          "enchantmentCharge":-1,
          "soul":""
        },{
          "refId":"imperial_greaves",
          "count":1,
          "charge":-1,
          "enchantmentCharge":-1,
          "soul":""
        },{
          "refId":"imperial cuirass_armor",
          "count":1,
          "charge":-1,
          "enchantmentCharge":-1,
          "soul":""
        },{
          "refId":"imperial helmet armor",
          "count":1,
          "charge":-1,
          "enchantmentCharge":-1,
          "soul":""
        },{
          "refId":"imperial left pauldron",
          "count":1,
          "charge":-1,
          "enchantmentCharge":-1,
          "soul":""
        },{
          "refId":"imperial right pauldron",
          "count":1,
          "charge":-1,
          "enchantmentCharge":-1,
          "soul":""
        },{
          "refId":"imperial belt",
          "count":1,
          "charge":-1,
          "enchantmentCharge":-1,
          "soul":""
        },{
          "refId":"imperial skirt_clothing",
          "count":1,
          "charge":-1,
          "enchantmentCharge":-1,
          "soul":""
        },{
          "refId":"torch_infinite_time",
          "count":1,
          "charge":-1,
          "enchantmentCharge":-1,
          "soul":""
        },{
          "refId":"silver spear",
          "count":1,
          "charge":-1,
          "enchantmentCharge":-1,
          "soul":""
        }]
    },
    "187549-0":{
      "refId":"nedhelas",
      "location":{
        "posX":-10855.810546875,
        "posZ":1337,
        "posY":19442.68359375,
        "rotX":0.0083399182185531,
        "rotY":0,
        "rotZ":-0.88615250587463
      },
      "stats":{
        "healthCurrent":58,
        "magickaCurrent":88,
        "healthModified":58,
        "fatigueBase":166,
        "fatigueModified":166,
        "healthBase":58,
        "magickaModified":88,
        "magickaBase":88,
        "fatigueCurrent":166
      },
      "equipment":{
        "7":{
          "refId":"common_shoes_04",
          "count":1,
          "charge":-1,
          "enchantmentCharge":-1
        },
        "8":{
          "refId":"common_shirt_04",
          "count":1,
          "charge":-1,
          "enchantmentCharge":-1
        },
        "15":{
          "refId":"common_belt_04",
          "count":1,
          "charge":-1,
          "enchantmentCharge":-1
        },
        "9":{
          "refId":"common_pants_04",
          "count":1,
          "charge":-1,
          "enchantmentCharge":-1
        }
      },
      "inventory":[{
          "refId":"common_belt_04",
          "count":1,
          "charge":-1,
          "enchantmentCharge":-1,
          "soul":""
        },{
          "refId":"common_shirt_04",
          "count":1,
          "charge":-1,
          "enchantmentCharge":-1,
          "soul":""
        },{
          "refId":"common_shoes_04",
          "count":1,
          "charge":-1,
          "enchantmentCharge":-1,
          "soul":""
        },{
          "refId":"common_pants_04",
          "count":1,
          "charge":-1,
          "enchantmentCharge":-1,
          "soul":""
        },{
          "refId":"gold_001",
          "count":12,
          "charge":-1,
          "enchantmentCharge":-1,
          "soul":""
        },{
          "refId":"key_nedhelas",
          "count":1,
          "charge":-1,
          "enchantmentCharge":-1,
          "soul":""
        }]
    },
    "187547-0":{
      "refId":"imperial guard",
      "location":{
        "posX":-10911.00390625,
        "posZ":1656.6843261719,
        "posY":20898.263671875,
        "rotX":0.26547500491142,
        "rotY":0,
        "rotZ":-2.9587337970734
      },
      "stats":{
        "healthCurrent":285,
        "magickaCurrent":110,
        "healthModified":285,
        "fatigueBase":309,
        "fatigueModified":309,
        "healthBase":285,
        "magickaModified":110,
        "magickaBase":110,
        "fatigueCurrent":309
      },
      "equipment":{
        "0":{
          "refId":"imperial helmet armor",
          "count":1,
          "charge":-1,
          "enchantmentCharge":-1
        },
        "1":{
          "refId":"imperial cuirass_armor",
          "count":1,
          "charge":-1,
          "enchantmentCharge":-1
        },
        "2":{
          "refId":"imperial_greaves",
          "count":1,
          "charge":-1,
          "enchantmentCharge":-1
        },
        "3":{
          "refId":"imperial left pauldron",
          "count":1,
          "charge":-1,
          "enchantmentCharge":-1
        },
        "4":{
          "refId":"imperial right pauldron",
          "count":1,
          "charge":-1,
          "enchantmentCharge":-1
        },
        "5":{
          "refId":"imperial left gauntlet",
          "count":1,
          "charge":-1,
          "enchantmentCharge":-1
        },
        "6":{
          "refId":"imperial right gauntlet",
          "count":1,
          "charge":-1,
          "enchantmentCharge":-1
        },
        "7":{
          "refId":"imperial boots",
          "count":1,
          "charge":-1,
          "enchantmentCharge":-1
        },
        "10":{
          "refId":"imperial skirt_clothing",
          "count":1,
          "charge":-1,
          "enchantmentCharge":-1
        },
        "15":{
          "refId":"imperial belt",
          "count":1,
          "charge":-1,
          "enchantmentCharge":-1
        },
        "16":{
          "refId":"imperial broadsword",
          "count":1,
          "charge":-1,
          "enchantmentCharge":-1
        },
        "17":{
          "refId":"imperial shield",
          "count":1,
          "charge":-1,
          "enchantmentCharge":-1
        }
      },
      "inventory":[{
          "refId":"imperial right gauntlet",
          "count":1,
          "charge":-1,
          "enchantmentCharge":-1,
          "soul":""
        },{
          "refId":"imperial left gauntlet",
          "count":1,
          "charge":-1,
          "enchantmentCharge":-1,
          "soul":""
        },{
          "refId":"imperial boots",
          "count":1,
          "charge":-1,
          "enchantmentCharge":-1,
          "soul":""
        },{
          "refId":"imperial_greaves",
          "count":1,
          "charge":-1,
          "enchantmentCharge":-1,
          "soul":""
        },{
          "refId":"imperial cuirass_armor",
          "count":1,
          "charge":-1,
          "enchantmentCharge":-1,
          "soul":""
        },{
          "refId":"imperial helmet armor",
          "count":1,
          "charge":-1,
          "enchantmentCharge":-1,
          "soul":""
        },{
          "refId":"imperial left pauldron",
          "count":1,
          "charge":-1,
          "enchantmentCharge":-1,
          "soul":""
        },{
          "refId":"imperial right pauldron",
          "count":1,
          "charge":-1,
          "enchantmentCharge":-1,
          "soul":""
        },{
          "refId":"imperial shield",
          "count":1,
          "charge":-1,
          "enchantmentCharge":-1,
          "soul":""
        },{
          "refId":"imperial belt",
          "count":1,
          "charge":-1,
          "enchantmentCharge":-1,
          "soul":""
        },{
          "refId":"imperial skirt_clothing",
          "count":1,
          "charge":-1,
          "enchantmentCharge":-1,
          "soul":""
        },{
          "refId":"torch_infinite_time",
          "count":1,
          "charge":-1,
          "enchantmentCharge":-1,
          "soul":""
        },{
          "refId":"imperial broadsword",
          "count":1,
          "charge":-1,
          "enchantmentCharge":-1,
          "soul":""
        }]
    },
    "187545-0":{
      "refId":"imperial guard",
      "location":{
        "posX":-11544.456054688,
        "posZ":1681,
        "posY":21129.28515625,
        "rotX":0.0085390824824572,
        "rotY":0,
        "rotZ":0.25555443763733
      },
      "stats":{
        "healthCurrent":285,
        "magickaCurrent":110,
        "healthModified":285,
        "fatigueBase":309,
        "fatigueModified":309,
        "healthBase":285,
        "magickaModified":110,
        "magickaBase":110,
        "fatigueCurrent":309
      },
      "equipment":{
        "0":{
          "refId":"imperial helmet armor",
          "count":1,
          "charge":-1,
          "enchantmentCharge":-1
        },
        "1":{
          "refId":"imperial cuirass_armor",
          "count":1,
          "charge":-1,
          "enchantmentCharge":-1
        },
        "2":{
          "refId":"imperial_greaves",
          "count":1,
          "charge":-1,
          "enchantmentCharge":-1
        },
        "3":{
          "refId":"imperial left pauldron",
          "count":1,
          "charge":-1,
          "enchantmentCharge":-1
        },
        "4":{
          "refId":"imperial right pauldron",
          "count":1,
          "charge":-1,
          "enchantmentCharge":-1
        },
        "5":{
          "refId":"imperial left gauntlet",
          "count":1,
          "charge":-1,
          "enchantmentCharge":-1
        },
        "6":{
          "refId":"imperial right gauntlet",
          "count":1,
          "charge":-1,
          "enchantmentCharge":-1
        },
        "7":{
          "refId":"imperial boots",
          "count":1,
          "charge":-1,
          "enchantmentCharge":-1
        },
        "10":{
          "refId":"imperial skirt_clothing",
          "count":1,
          "charge":-1,
          "enchantmentCharge":-1
        },
        "15":{
          "refId":"imperial belt",
          "count":1,
          "charge":-1,
          "enchantmentCharge":-1
        },
        "16":{
          "refId":"imperial shortsword",
          "count":1,
          "charge":-1,
          "enchantmentCharge":-1
        },
        "17":{
          "refId":"imperial shield",
          "count":1,
          "charge":-1,
          "enchantmentCharge":-1
        }
      },
      "inventory":[{
          "refId":"imperial right gauntlet",
          "count":1,
          "charge":-1,
          "enchantmentCharge":-1,
          "soul":""
        },{
          "refId":"imperial left gauntlet",
          "count":1,
          "charge":-1,
          "enchantmentCharge":-1,
          "soul":""
        },{
          "refId":"imperial boots",
          "count":1,
          "charge":-1,
          "enchantmentCharge":-1,
          "soul":""
        },{
          "refId":"imperial_greaves",
          "count":1,
          "charge":-1,
          "enchantmentCharge":-1,
          "soul":""
        },{
          "refId":"imperial cuirass_armor",
          "count":1,
          "charge":-1,
          "enchantmentCharge":-1,
          "soul":""
        },{
          "refId":"imperial helmet armor",
          "count":1,
          "charge":-1,
          "enchantmentCharge":-1,
          "soul":""
        },{
          "refId":"imperial left pauldron",
          "count":1,
          "charge":-1,
          "enchantmentCharge":-1,
          "soul":""
        },{
          "refId":"imperial right pauldron",
          "count":1,
          "charge":-1,
          "enchantmentCharge":-1,
          "soul":""
        },{
          "refId":"imperial shield",
          "count":1,
          "charge":-1,
          "enchantmentCharge":-1,
          "soul":""
        },{
          "refId":"imperial belt",
          "count":1,
          "charge":-1,
          "enchantmentCharge":-1,
          "soul":""
        },{
          "refId":"imperial skirt_clothing",
          "count":1,
          "charge":-1,
          "enchantmentCharge":-1,
          "soul":""
        },{
          "refId":"torch_infinite_time",
          "count":1,
          "charge":-1,
          "enchantmentCharge":-1,
          "soul":""
        },{
          "refId":"imperial shortsword",
          "count":1,
          "charge":-1,
          "enchantmentCharge":-1,
          "soul":""
        }]
    },
    "0-41":{
      "refId":"scrib",
      "location":{
        "posX":-16007.5078125,
        "posZ":1364.4006347656,
        "posY":20651.0234375,
        "rotX":0.13045869767666,
        "rotY":0,
        "rotZ":2.2825176715851
      },
      "stats":{
        "healthCurrent":8,
        "magickaCurrent":12,
        "healthModified":8,
        "fatigueBase":300,
        "fatigueModified":300,
        "healthBase":8,
        "magickaModified":12,
        "magickaBase":12,
        "fatigueCurrent":300
      },
      "inventory":[]
    },
    "187546-0":{
      "refId":"imperial guard",
      "location":{
        "posX":-10178.805664063,
        "posZ":1361,
        "posY":18921.240234375,
        "rotX":0.029438510537148,
        "rotY":0,
        "rotZ":3.1095173358917
      },
      "stats":{
        "healthCurrent":285,
        "magickaCurrent":110,
        "healthModified":285,
        "fatigueBase":309,
        "fatigueModified":309,
        "healthBase":285,
        "magickaModified":110,
        "magickaBase":110,
        "fatigueCurrent":309
      },
      "equipment":{
        "0":{
          "refId":"imperial_chain_coif_helm",
          "count":1,
          "charge":-1,
          "enchantmentCharge":-1
        },
        "1":{
          "refId":"imperial cuirass_armor",
          "count":1,
          "charge":-1,
          "enchantmentCharge":-1
        },
        "2":{
          "refId":"imperial_greaves",
          "count":1,
          "charge":-1,
          "enchantmentCharge":-1
        },
        "3":{
          "refId":"imperial left pauldron",
          "count":1,
          "charge":-1,
          "enchantmentCharge":-1
        },
        "4":{
          "refId":"imperial right pauldron",
          "count":1,
          "charge":-1,
          "enchantmentCharge":-1
        },
        "5":{
          "refId":"imperial left gauntlet",
          "count":1,
          "charge":-1,
          "enchantmentCharge":-1
        },
        "6":{
          "refId":"imperial right gauntlet",
          "count":1,
          "charge":-1,
          "enchantmentCharge":-1
        },
        "7":{
          "refId":"imperial boots",
          "count":1,
          "charge":-1,
          "enchantmentCharge":-1
        },
        "10":{
          "refId":"imperial skirt_clothing",
          "count":1,
          "charge":-1,
          "enchantmentCharge":-1
        },
        "15":{
          "refId":"imperial belt",
          "count":1,
          "charge":-1,
          "enchantmentCharge":-1
        },
        "16":{
          "refId":"imperial broadsword",
          "count":1,
          "charge":-1,
          "enchantmentCharge":-1
        },
        "17":{
          "refId":"imperial shield",
          "count":1,
          "charge":-1,
          "enchantmentCharge":-1
        }
      },
      "inventory":[{
          "refId":"imperial right gauntlet",
          "count":1,
          "charge":-1,
          "enchantmentCharge":-1,
          "soul":""
        },{
          "refId":"imperial left gauntlet",
          "count":1,
          "charge":-1,
          "enchantmentCharge":-1,
          "soul":""
        },{
          "refId":"imperial boots",
          "count":1,
          "charge":-1,
          "enchantmentCharge":-1,
          "soul":""
        },{
          "refId":"imperial_greaves",
          "count":1,
          "charge":-1,
          "enchantmentCharge":-1,
          "soul":""
        },{
          "refId":"imperial cuirass_armor",
          "count":1,
          "charge":-1,
          "enchantmentCharge":-1,
          "soul":""
        },{
          "refId":"imperial_chain_coif_helm",
          "count":1,
          "charge":-1,
          "enchantmentCharge":-1,
          "soul":""
        },{
          "refId":"imperial left pauldron",
          "count":1,
          "charge":-1,
          "enchantmentCharge":-1,
          "soul":""
        },{
          "refId":"imperial right pauldron",
          "count":1,
          "charge":-1,
          "enchantmentCharge":-1,
          "soul":""
        },{
          "refId":"imperial shield",
          "count":1,
          "charge":-1,
          "enchantmentCharge":-1,
          "soul":""
        },{
          "refId":"imperial belt",
          "count":1,
          "charge":-1,
          "enchantmentCharge":-1,
          "soul":""
        },{
          "refId":"imperial skirt_clothing",
          "count":1,
          "charge":-1,
          "enchantmentCharge":-1,
          "soul":""
        },{
          "refId":"torch_infinite_time",
          "count":1,
          "charge":-1,
          "enchantmentCharge":-1,
          "soul":""
        },{
          "refId":"imperial broadsword",
          "count":1,
          "charge":-1,
          "enchantmentCharge":-1,
          "soul":""
        }]
    },
    "187548-0":{
      "refId":"imperial guard",
      "location":{
        "posX":-10258.349609375,
        "posZ":1241.6274414063,
        "posY":17298.400390625,
        "rotX":-0.037760227918625,
        "rotY":0,
        "rotZ":-2.6141731739044
      },
      "stats":{
        "healthCurrent":285,
        "magickaCurrent":110,
        "healthModified":285,
        "fatigueBase":309,
        "fatigueModified":309,
        "healthBase":285,
        "magickaModified":110,
        "magickaBase":110,
        "fatigueCurrent":309
      },
      "equipment":{
        "0":{
          "refId":"imperial_chain_coif_helm",
          "count":1,
          "charge":-1,
          "enchantmentCharge":-1
        },
        "1":{
          "refId":"imperial cuirass_armor",
          "count":1,
          "charge":-1,
          "enchantmentCharge":-1
        },
        "2":{
          "refId":"imperial_greaves",
          "count":1,
          "charge":-1,
          "enchantmentCharge":-1
        },
        "3":{
          "refId":"imperial left pauldron",
          "count":1,
          "charge":-1,
          "enchantmentCharge":-1
        },
        "4":{
          "refId":"imperial right pauldron",
          "count":1,
          "charge":-1,
          "enchantmentCharge":-1
        },
        "5":{
          "refId":"imperial left gauntlet",
          "count":1,
          "charge":-1,
          "enchantmentCharge":-1
        },
        "6":{
          "refId":"imperial right gauntlet",
          "count":1,
          "charge":-1,
          "enchantmentCharge":-1
        },
        "7":{
          "refId":"imperial boots",
          "count":1,
          "charge":-1,
          "enchantmentCharge":-1
        },
        "10":{
          "refId":"imperial skirt_clothing",
          "count":1,
          "charge":-1,
          "enchantmentCharge":-1
        },
        "15":{
          "refId":"imperial belt",
          "count":1,
          "charge":-1,
          "enchantmentCharge":-1
        },
        "16":{
          "refId":"steel spear",
          "count":1,
          "charge":-1,
          "enchantmentCharge":-1
        }
      },
      "inventory":[{
          "refId":"imperial right gauntlet",
          "count":1,
          "charge":-1,
          "enchantmentCharge":-1,
          "soul":""
        },{
          "refId":"imperial left gauntlet",
          "count":1,
          "charge":-1,
          "enchantmentCharge":-1,
          "soul":""
        },{
          "refId":"imperial boots",
          "count":1,
          "charge":-1,
          "enchantmentCharge":-1,
          "soul":""
        },{
          "refId":"imperial_greaves",
          "count":1,
          "charge":-1,
          "enchantmentCharge":-1,
          "soul":""
        },{
          "refId":"imperial cuirass_armor",
          "count":1,
          "charge":-1,
          "enchantmentCharge":-1,
          "soul":""
        },{
          "refId":"imperial_chain_coif_helm",
          "count":1,
          "charge":-1,
          "enchantmentCharge":-1,
          "soul":""
        },{
          "refId":"imperial left pauldron",
          "count":1,
          "charge":-1,
          "enchantmentCharge":-1,
          "soul":""
        },{
          "refId":"imperial right pauldron",
          "count":1,
          "charge":-1,
          "enchantmentCharge":-1,
          "soul":""
        },{
          "refId":"imperial belt",
          "count":1,
          "charge":-1,
          "enchantmentCharge":-1,
          "soul":""
        },{
          "refId":"imperial skirt_clothing",
          "count":1,
          "charge":-1,
          "enchantmentCharge":-1,
          "soul":""
        },{
          "refId":"torch_infinite_time",
          "count":1,
          "charge":-1,
          "enchantmentCharge":-1,
          "soul":""
        },{
          "refId":"steel spear",
          "count":1,
          "charge":-1,
          "enchantmentCharge":-1,
          "soul":""
        }]
    },
    "187550-0":{
      "refId":"keel_raniur",
      "location":{
        "posX":-12168.150390625,
        "posZ":1455.6369628906,
        "posY":19725.86328125,
        "rotX":-0.2099202722311,
        "rotY":0,
        "rotZ":-1.3924067020416
      },
      "stats":{
        "healthCurrent":81,
        "magickaCurrent":116,
        "healthModified":81,
        "fatigueBase":189,
        "fatigueModified":189,
        "healthBase":81,
        "magickaModified":116,
        "magickaBase":116,
        "fatigueCurrent":189
      },
      "equipment":{
        "11":{
          "refId":"common_robe_02",
          "count":1,
          "charge":-1,
          "enchantmentCharge":-1
        },
        "12":{
          "refId":"common_ring_04",
          "count":1,
          "charge":-1,
          "enchantmentCharge":-1
        }
      },
      "inventory":[{
          "refId":"common_ring_04",
          "count":1,
          "charge":-1,
          "enchantmentCharge":-1,
          "soul":""
        },{
          "refId":"common_robe_02",
          "count":1,
          "charge":-1,
          "enchantmentCharge":-1,
          "soul":""
        },{
          "refId":"gold_001",
          "count":7,
          "charge":-1,
          "enchantmentCharge":-1,
          "soul":""
        },{
          "refId":"key_keelraniur",
          "count":1,
          "charge":-1,
          "enchantmentCharge":-1,
          "soul":""
        }]
    }
  },
  "loadState":{
    "hasFullContainerData":true,
    "hasFullActorList":true
  }
}