{
  "packets":{
    "actorList":["0-24","297839-0"],
    "ai":[],
    "cellChangeFrom":[],
    "cellChangeTo":[],
    "container":["323908-0","476164-0","476165-0","476166-0","476167-0","476168-0","476169-0","476170-0","476171-0","476173-0","476174-0","476175-0","297839-0","0-24"],
    "death":[],
    "delete":[],
    "doorState":[],
    "equipment":["297839-0"],
    "lock":[],
    "place":[],
    "position":["297839-0","0-24"],
    "scale":[],
    "spawn":["0-24"],
    "state":["297839-0"],
    "statsDynamic":["297839-0","0-24"],
    "trap":[],
    "spellsActive":[],
    "miscellaneous":[],
    "clientScriptLocal":[]
  },
  "entry":{
    "creationTime":1670164168,
    "description":"-2, -3"
  },
  "lastVisit":{
    "focal01":1670197903
  },
  "recordLinks":[],
  "objectData":{
    "323908-0":{
      "refId":"flora_roobrush_02",
      "inventory":[{
          "refId":"ingred_roobrush_01",
          "count":1,
          "charge":-1,
          "enchantmentCharge":-1,
          "soul":""
        }]
    },
    "476169-0":{
      "refId":"flora_kreshweed_02",
      "inventory":[]
    },
    "476170-0":{
      "refId":"flora_chokeweed_02",
      "inventory":[{
          "refId":"ingred_chokeweed_01",
          "count":1,
          "charge":-1,
          "enchantmentCharge":-1,
          "soul":""
        }]
    },
    "476164-0":{
      "refId":"flora_kreshweed_03",
      "inventory":[]
    },
    "476165-0":{
      "refId":"flora_chokeweed_02",
      "inventory":[{
          "refId":"ingred_chokeweed_01",
          "count":1,
          "charge":-1,
          "enchantmentCharge":-1,
          "soul":""
        }]
    },
    "0-24":{
      "refId":"rat",
      "location":{
        "posX":-13041.237304688,
        "posZ":1866.5748291016,
        "posY":-23152.06640625,
        "rotX":-1.1492458581924,
        "rotY":0,
        "rotZ":-0.63111901283264
      },
      "stats":{
        "healthCurrent":23,
        "magickaCurrent":10,
        "healthModified":23,
        "fatigueBase":300,
        "fatigueModified":300,
        "healthBase":23,
        "magickaModified":10,
        "magickaBase":10,
        "fatigueCurrent":300
      },
      "inventory":[]
    },
    "476167-0":{
      "refId":"flora_kreshweed_01",
      "inventory":[]
    },
    "476168-0":{
      "refId":"flora_chokeweed_02",
      "inventory":[{
          "refId":"ingred_chokeweed_01",
          "count":1,
          "charge":-1,
          "enchantmentCharge":-1,
          "soul":""
        }]
    },
    "476174-0":{
      "refId":"flora_roobrush_02",
      "inventory":[{
          "refId":"ingred_roobrush_01",
          "count":1,
          "charge":-1,
          "enchantmentCharge":-1,
          "soul":""
        }]
    },
    "476166-0":{
      "refId":"flora_kreshweed_02",
      "inventory":[{
          "refId":"ingred_kresh_fiber_01",
          "count":1,
          "charge":-1,
          "enchantmentCharge":-1,
          "soul":""
        }]
    },
    "476171-0":{
      "refId":"flora_kreshweed_03",
      "inventory":[{
          "refId":"ingred_kresh_fiber_01",
          "count":1,
          "charge":-1,
          "enchantmentCharge":-1,
          "soul":""
        }]
    },
    "476175-0":{
      "refId":"flora_kreshweed_02",
      "inventory":[{
          "refId":"ingred_kresh_fiber_01",
          "count":1,
          "charge":-1,
          "enchantmentCharge":-1,
          "soul":""
        }]
    },
    "476173-0":{
      "refId":"flora_kreshweed_01",
      "inventory":[{
          "refId":"ingred_kresh_fiber_01",
          "count":1,
          "charge":-1,
          "enchantmentCharge":-1,
          "soul":""
        }]
    },
    "297839-0":{
      "refId":"dreamer_talker01",
      "location":{
        "posX":-10879.577148438,
        "posZ":605.03692626953,
        "posY":-18575.529296875,
        "rotX":-0.028079502284527,
        "rotY":0,
        "rotZ":1.2730453014374
      },
      "stats":{
        "healthCurrent":40,
        "magickaCurrent":80,
        "healthModified":40,
        "fatigueBase":160,
        "magickaModified":80,
        "fatigueModified":160,
        "healthBase":40,
        "magickaBase":80,
        "fatigueCurrent":160
      },
      "equipment":{
        "9":{
          "refId":"common_pants_03",
          "count":1,
          "charge":-1,
          "enchantmentCharge":-1
        },
        "16":{
          "refId":"chitin club",
          "count":1,
          "charge":-1,
          "enchantmentCharge":-1
        }
      },
      "inventory":[{
          "refId":"common_pants_03",
          "count":1,
          "charge":-1,
          "enchantmentCharge":-1,
          "soul":""
        },{
          "refId":"ingred_6th_corprusmeat_01",
          "count":1,
          "charge":-1,
          "enchantmentCharge":-1,
          "soul":""
        },{
          "refId":"chitin club",
          "count":1,
          "charge":-1,
          "enchantmentCharge":-1,
          "soul":""
        }],
      "state":false
    }
  },
  "loadState":{
    "hasFullContainerData":true,
    "hasFullActorList":true
  }
}