{
  "packets":{
    "actorList":[],
    "ai":[],
    "cellChangeFrom":[],
    "cellChangeTo":[],
    "container":[],
    "death":[],
    "delete":[],
    "doorState":[],
    "equipment":[],
    "lock":[],
    "place":[],
    "position":[],
    "scale":[],
    "spawn":[],
    "state":["11537-0","32996-0","11538-0"],
    "statsDynamic":[],
    "trap":[],
    "spellsActive":[],
    "miscellaneous":[],
    "clientScriptLocal":[]
  },
  "entry":{
    "creationTime":1670164782,
    "description":"-20, 25"
  },
  "lastVisit":[],
  "recordLinks":[],
  "objectData":{
    "11538-0":{
      "refId":"bm_wolf_caenlorn3",
      "state":false
    },
    "32996-0":{
      "refId":"bm_wolf_caenlorn2",
      "state":false
    },
    "11537-0":{
      "refId":"bm_wolf_caenlorn1",
      "state":false
    }
  },
  "loadState":{
    "hasFullContainerData":false,
    "hasFullActorList":false
  }
}