{
  "packets":{
    "actorList":[],
    "ai":[],
    "cellChangeFrom":[],
    "cellChangeTo":[],
    "container":[],
    "death":[],
    "delete":[],
    "doorState":[],
    "equipment":[],
    "lock":[],
    "place":[],
    "position":[],
    "scale":[],
    "spawn":[],
    "state":["29448-0","30767-0","29450-0","30531-0"],
    "statsDynamic":[],
    "trap":[],
    "spellsActive":[],
    "miscellaneous":[],
    "clientScriptLocal":[]
  },
  "entry":{
    "creationTime":1670164782,
    "description":"-22, 21"
  },
  "lastVisit":[],
  "recordLinks":[],
  "objectData":{
    "29450-0":{
      "refId":"act_bm_tree_03",
      "state":false
    },
    "30767-0":{
      "refId":"act_bm_tree_02",
      "state":false
    },
    "29448-0":{
      "refId":"act_bm_tree_01",
      "state":false
    },
    "30531-0":{
      "refId":"act_bm_tree_parts",
      "state":false
    }
  },
  "loadState":{
    "hasFullContainerData":false,
    "hasFullActorList":false
  }
}