{
  "packets":{
    "actorList":[],
    "ai":[],
    "cellChangeFrom":[],
    "cellChangeTo":[],
    "container":[],
    "death":[],
    "delete":[],
    "doorState":[],
    "equipment":[],
    "lock":[],
    "place":[],
    "position":[],
    "scale":[],
    "spawn":[],
    "state":["25965-0","29541-0","25964-0"],
    "statsDynamic":[],
    "trap":[],
    "spellsActive":[],
    "miscellaneous":[],
    "clientScriptLocal":[]
  },
  "entry":{
    "creationTime":1670164782,
    "description":"-25, 19"
  },
  "lastVisit":[],
  "recordLinks":[],
  "objectData":{
    "29541-0":{
      "refId":"afer flaccus_guard",
      "state":false
    },
    "25964-0":{
      "refId":"garnas uvalen_guard",
      "state":false
    },
    "25965-0":{
      "refId":"gratian caerellius_guar",
      "state":false
    }
  },
  "loadState":{
    "hasFullContainerData":false,
    "hasFullActorList":false
  }
}