{
  "packets":{
    "actorList":["0-20","0-21","0-23","0-18","0-22","0-19"],
    "ai":[],
    "cellChangeFrom":[],
    "cellChangeTo":[],
    "container":["249099-0","249100-0","249102-0","249123-0","249124-0","249125-0","249127-0","249135-0","249136-0","249137-0","249138-0","249139-0","249141-0","249146-0","249147-0","249148-0","249149-0","249165-0","249166-0","249167-0","309522-0","309523-0","309524-0","309525-0","309526-0","309527-0","309528-0","309529-0","309530-0","309531-0","309544-0","309545-0","309546-0","309547-0","309548-0","309549-0","309550-0","463282-0","463288-0","0-20","0-21","0-23","0-18","0-22","0-19"],
    "death":[],
    "delete":[],
    "doorState":[],
    "equipment":[],
    "lock":[],
    "place":[],
    "position":["0-18","0-20","0-21","0-22","0-23","0-19"],
    "scale":[],
    "spawn":["0-20","0-21","0-23","0-18","0-22","0-19"],
    "state":[],
    "statsDynamic":["0-18","0-20","0-21","0-22","0-23","0-19"],
    "trap":[],
    "spellsActive":[],
    "miscellaneous":[],
    "clientScriptLocal":[]
  },
  "entry":{
    "creationTime":1670164126,
    "description":"-3, -10"
  },
  "lastVisit":{
    "focal02":1670172851,
    "focal01":1670164168
  },
  "recordLinks":[],
  "objectData":{
    "249147-0":{
      "refId":"flora_bc_shelffungus_01",
      "inventory":[{
          "refId":"ingred_bc_bungler's_bane",
          "count":1,
          "charge":-1,
          "enchantmentCharge":-1,
          "soul":""
        }]
    },
    "0-21":{
      "refId":"slaughterfish",
      "location":{
        "posX":-17765.244140625,
        "posZ":-37.380844116211,
        "posY":-75061.046875,
        "rotX":0,
        "rotY":0,
        "rotZ":-2.4407598972321
      },
      "stats":{
        "healthCurrent":23,
        "magickaCurrent":10,
        "healthModified":23,
        "fatigueBase":400,
        "fatigueModified":400,
        "healthBase":23,
        "magickaModified":10,
        "magickaBase":10,
        "fatigueCurrent":400
      },
      "inventory":[]
    },
    "463288-0":{
      "refId":"kollop_03_pearl",
      "inventory":[]
    },
    "249138-0":{
      "refId":"flora_bc_mushroom_04",
      "inventory":[{
          "refId":"ingred_russula_01",
          "count":2,
          "charge":-1,
          "enchantmentCharge":-1,
          "soul":""
        }]
    },
    "249137-0":{
      "refId":"flora_bc_mushroom_01",
      "inventory":[{
          "refId":"ingred_russula_01",
          "count":1,
          "charge":-1,
          "enchantmentCharge":-1,
          "soul":""
        }]
    },
    "309549-0":{
      "refId":"flora_bc_mushroom_04",
      "inventory":[{
          "refId":"ingred_russula_01",
          "count":2,
          "charge":-1,
          "enchantmentCharge":-1,
          "soul":""
        }]
    },
    "309546-0":{
      "refId":"flora_bc_shelffungus_02",
      "inventory":[{
          "refId":"ingred_bc_bungler's_bane",
          "count":1,
          "charge":-1,
          "enchantmentCharge":-1,
          "soul":""
        }]
    },
    "249167-0":{
      "refId":"flora_bc_mushroom_08",
      "inventory":[{
          "refId":"ingred_coprinus_01",
          "count":2,
          "charge":-1,
          "enchantmentCharge":-1,
          "soul":""
        }]
    },
    "309523-0":{
      "refId":"flora_bc_shelffungus_02",
      "inventory":[{
          "refId":"ingred_bc_bungler's_bane",
          "count":1,
          "charge":-1,
          "enchantmentCharge":-1,
          "soul":""
        }]
    },
    "309529-0":{
      "refId":"flora_bc_mushroom_01",
      "inventory":[{
          "refId":"ingred_russula_01",
          "count":1,
          "charge":-1,
          "enchantmentCharge":-1,
          "soul":""
        }]
    },
    "309528-0":{
      "refId":"flora_bc_mushroom_03",
      "inventory":[{
          "refId":"ingred_russula_01",
          "count":1,
          "charge":-1,
          "enchantmentCharge":-1,
          "soul":""
        }]
    },
    "249099-0":{
      "refId":"flora_bc_mushroom_02",
      "inventory":[{
          "refId":"ingred_russula_01",
          "count":2,
          "charge":-1,
          "enchantmentCharge":-1,
          "soul":""
        }]
    },
    "309531-0":{
      "refId":"flora_bc_mushroom_08",
      "inventory":[{
          "refId":"ingred_coprinus_01",
          "count":1,
          "charge":-1,
          "enchantmentCharge":-1,
          "soul":""
        }]
    },
    "249165-0":{
      "refId":"flora_bc_mushroom_02",
      "inventory":[{
          "refId":"ingred_russula_01",
          "count":1,
          "charge":-1,
          "enchantmentCharge":-1,
          "soul":""
        }]
    },
    "309548-0":{
      "refId":"flora_bc_shelffungus_03",
      "inventory":[{
          "refId":"ingred_bc_hypha_facia",
          "count":1,
          "charge":-1,
          "enchantmentCharge":-1,
          "soul":""
        }]
    },
    "309547-0":{
      "refId":"flora_bc_shelffungus_03",
      "inventory":[{
          "refId":"ingred_bc_hypha_facia",
          "count":1,
          "charge":-1,
          "enchantmentCharge":-1,
          "soul":""
        }]
    },
    "309525-0":{
      "refId":"flora_bc_shelffungus_03",
      "inventory":[{
          "refId":"ingred_bc_hypha_facia",
          "count":1,
          "charge":-1,
          "enchantmentCharge":-1,
          "soul":""
        }]
    },
    "249127-0":{
      "refId":"flora_bc_fern_01",
      "inventory":[{
          "refId":"ingred_bc_spore_pod",
          "count":3,
          "charge":-1,
          "enchantmentCharge":-1,
          "soul":""
        }]
    },
    "249139-0":{
      "refId":"flora_bc_mushroom_08",
      "inventory":[{
          "refId":"ingred_coprinus_01",
          "count":1,
          "charge":-1,
          "enchantmentCharge":-1,
          "soul":""
        }]
    },
    "249141-0":{
      "refId":"flora_bc_mushroom_08",
      "inventory":[{
          "refId":"ingred_coprinus_01",
          "count":2,
          "charge":-1,
          "enchantmentCharge":-1,
          "soul":""
        }]
    },
    "249146-0":{
      "refId":"flora_bc_shelffungus_01",
      "inventory":[{
          "refId":"ingred_bc_bungler's_bane",
          "count":1,
          "charge":-1,
          "enchantmentCharge":-1,
          "soul":""
        }]
    },
    "249124-0":{
      "refId":"flora_bc_mushroom_05",
      "inventory":[{
          "refId":"ingred_russula_01",
          "count":1,
          "charge":-1,
          "enchantmentCharge":-1,
          "soul":""
        }]
    },
    "309527-0":{
      "refId":"flora_bc_mushroom_02",
      "inventory":[{
          "refId":"ingred_russula_01",
          "count":2,
          "charge":-1,
          "enchantmentCharge":-1,
          "soul":""
        }]
    },
    "309526-0":{
      "refId":"flora_bc_shelffungus_03",
      "inventory":[{
          "refId":"ingred_bc_hypha_facia",
          "count":1,
          "charge":-1,
          "enchantmentCharge":-1,
          "soul":""
        }]
    },
    "249125-0":{
      "refId":"flora_bc_mushroom_01",
      "inventory":[{
          "refId":"ingred_russula_01",
          "count":1,
          "charge":-1,
          "enchantmentCharge":-1,
          "soul":""
        }]
    },
    "0-22":{
      "refId":"slaughterfish_small",
      "location":{
        "posX":-21846.57421875,
        "posZ":-984.44921875,
        "posY":-77849.625,
        "rotX":0.00029860064387321,
        "rotY":0,
        "rotZ":1.9622604846954
      },
      "stats":{
        "healthCurrent":15,
        "magickaCurrent":10,
        "healthModified":15,
        "fatigueBase":300,
        "fatigueModified":300,
        "healthBase":15,
        "magickaModified":10,
        "magickaBase":10,
        "fatigueCurrent":300
      },
      "inventory":[{
          "refId":"ingred_scales_01",
          "count":1,
          "charge":-1,
          "enchantmentCharge":-1,
          "soul":""
        }]
    },
    "249100-0":{
      "refId":"flora_bc_mushroom_01",
      "inventory":[{
          "refId":"ingred_russula_01",
          "count":1,
          "charge":-1,
          "enchantmentCharge":-1,
          "soul":""
        }]
    },
    "309524-0":{
      "refId":"flora_bc_shelffungus_02",
      "inventory":[{
          "refId":"ingred_bc_bungler's_bane",
          "count":1,
          "charge":-1,
          "enchantmentCharge":-1,
          "soul":""
        }]
    },
    "249136-0":{
      "refId":"flora_bc_mushroom_03",
      "inventory":[{
          "refId":"ingred_russula_01",
          "count":1,
          "charge":-1,
          "enchantmentCharge":-1,
          "soul":""
        }]
    },
    "463282-0":{
      "refId":"kollop_03_pearl",
      "inventory":[]
    },
    "309544-0":{
      "refId":"flora_bc_shelffungus_01",
      "inventory":[{
          "refId":"ingred_bc_bungler's_bane",
          "count":1,
          "charge":-1,
          "enchantmentCharge":-1,
          "soul":""
        }]
    },
    "249149-0":{
      "refId":"flora_hackle-lo_01",
      "inventory":[{
          "refId":"ingred_hackle-lo_leaf_01",
          "count":1,
          "charge":-1,
          "enchantmentCharge":-1,
          "soul":""
        }]
    },
    "0-19":{
      "refId":"slaughterfish_small",
      "location":{
        "posX":-16961.298828125,
        "posZ":-149.17753601074,
        "posY":-74647.640625,
        "rotX":5.2532181143761e-05,
        "rotY":0,
        "rotZ":-0.6754834651947
      },
      "stats":{
        "healthCurrent":15,
        "magickaCurrent":10,
        "healthModified":15,
        "fatigueBase":300,
        "magickaModified":10,
        "fatigueModified":300,
        "healthBase":15,
        "magickaBase":10,
        "fatigueCurrent":300
      },
      "inventory":[]
    },
    "0-18":{
      "refId":"slaughterfish",
      "location":{
        "posX":-22339.59375,
        "posZ":-638.31604003906,
        "posY":-80984.328125,
        "rotX":-6.7882239818573e-05,
        "rotY":0,
        "rotZ":1.4581010341644
      },
      "stats":{
        "healthCurrent":23,
        "magickaCurrent":10,
        "healthModified":23,
        "fatigueBase":400,
        "fatigueModified":400,
        "healthBase":23,
        "magickaModified":10,
        "magickaBase":10,
        "fatigueCurrent":400
      },
      "inventory":[{
          "refId":"ingred_scales_01",
          "count":2,
          "charge":-1,
          "enchantmentCharge":-1,
          "soul":""
        }]
    },
    "309550-0":{
      "refId":"flora_bc_mushroom_01",
      "inventory":[{
          "refId":"ingred_russula_01",
          "count":1,
          "charge":-1,
          "enchantmentCharge":-1,
          "soul":""
        }]
    },
    "249102-0":{
      "refId":"flora_bc_mushroom_08",
      "inventory":[{
          "refId":"ingred_coprinus_01",
          "count":2,
          "charge":-1,
          "enchantmentCharge":-1,
          "soul":""
        }]
    },
    "249148-0":{
      "refId":"flora_bc_shelffungus_01",
      "inventory":[{
          "refId":"ingred_bc_bungler's_bane",
          "count":1,
          "charge":-1,
          "enchantmentCharge":-1,
          "soul":""
        }]
    },
    "249135-0":{
      "refId":"flora_bc_mushroom_02",
      "inventory":[{
          "refId":"ingred_russula_01",
          "count":2,
          "charge":-1,
          "enchantmentCharge":-1,
          "soul":""
        }]
    },
    "0-20":{
      "refId":"slaughterfish_small",
      "location":{
        "posX":-18857.94921875,
        "posZ":-922.8095703125,
        "posY":-78585.109375,
        "rotX":0,
        "rotY":0,
        "rotZ":2.8400900363922
      },
      "stats":{
        "healthCurrent":15,
        "magickaCurrent":10,
        "healthModified":15,
        "fatigueBase":300,
        "fatigueModified":300,
        "healthBase":15,
        "magickaModified":10,
        "magickaBase":10,
        "fatigueCurrent":300
      },
      "inventory":[{
          "refId":"ingred_scales_01",
          "count":1,
          "charge":-1,
          "enchantmentCharge":-1,
          "soul":""
        }]
    },
    "309522-0":{
      "refId":"flora_bc_shelffungus_01",
      "inventory":[{
          "refId":"ingred_bc_bungler's_bane",
          "count":1,
          "charge":-1,
          "enchantmentCharge":-1,
          "soul":""
        }]
    },
    "0-23":{
      "refId":"slaughterfish",
      "location":{
        "posX":-16751.7578125,
        "posZ":-867.99719238281,
        "posY":-81733.015625,
        "rotX":0,
        "rotY":0,
        "rotZ":2.6723568439484
      },
      "stats":{
        "healthCurrent":23,
        "magickaCurrent":10,
        "healthModified":23,
        "fatigueBase":400,
        "fatigueModified":400,
        "healthBase":23,
        "magickaModified":10,
        "magickaBase":10,
        "fatigueCurrent":400
      },
      "inventory":[{
          "refId":"ingred_scales_01",
          "count":2,
          "charge":-1,
          "enchantmentCharge":-1,
          "soul":""
        }]
    },
    "309530-0":{
      "refId":"flora_bc_mushroom_04",
      "inventory":[{
          "refId":"ingred_russula_01",
          "count":2,
          "charge":-1,
          "enchantmentCharge":-1,
          "soul":""
        }]
    },
    "309545-0":{
      "refId":"flora_bc_shelffungus_02",
      "inventory":[{
          "refId":"ingred_bc_bungler's_bane",
          "count":1,
          "charge":-1,
          "enchantmentCharge":-1,
          "soul":""
        }]
    },
    "249123-0":{
      "refId":"flora_bc_mushroom_02",
      "inventory":[{
          "refId":"ingred_russula_01",
          "count":2,
          "charge":-1,
          "enchantmentCharge":-1,
          "soul":""
        }]
    },
    "249166-0":{
      "refId":"flora_bc_mushroom_01",
      "inventory":[{
          "refId":"ingred_russula_01",
          "count":1,
          "charge":-1,
          "enchantmentCharge":-1,
          "soul":""
        }]
    }
  },
  "loadState":{
    "hasFullContainerData":true,
    "hasFullActorList":true
  }
}