{
  "packets":{
    "actorList":["41642-0","270749-0","67596-0","67597-0"],
    "ai":[],
    "cellChangeFrom":[],
    "cellChangeTo":[],
    "container":["34085-0","34086-0","34087-0","34088-0","34108-0","34109-0","41500-0","41501-0","41502-0","41504-0","41505-0","41506-0","41507-0","41508-0","34092-0","41503-0","41509-0","34107-0","34091-0","34093-0","67596-0","67597-0","41642-0","270749-0"],
    "death":[],
    "delete":[],
    "doorState":[],
    "equipment":["270749-0","41642-0","67596-0","67597-0"],
    "lock":[],
    "place":[],
    "position":["270749-0","41642-0","67596-0","67597-0"],
    "scale":[],
    "spawn":[],
    "state":[],
    "statsDynamic":["270749-0","41642-0","67596-0","67597-0"],
    "trap":[],
    "spellsActive":[],
    "miscellaneous":[],
    "clientScriptLocal":[]
  },
  "entry":{
    "creationTime":1670164168,
    "description":"-3, -3"
  },
  "lastVisit":{
    "focal01":1670197903
  },
  "recordLinks":[],
  "objectData":{
    "41642-0":{
      "refId":"hul",
      "location":{
        "posX":-22732.556640625,
        "posZ":461.10565185547,
        "posY":-17158.546875,
        "rotX":0.25942629575729,
        "rotY":0,
        "rotZ":3.0387375354767
      },
      "stats":{
        "healthCurrent":40,
        "magickaCurrent":102,
        "healthModified":40,
        "fatigueBase":166,
        "fatigueModified":166,
        "healthBase":40,
        "magickaModified":102,
        "magickaBase":102,
        "fatigueCurrent":166
      },
      "equipment":{
        "8":{
          "refId":"common_shirt_05",
          "count":1,
          "charge":-1,
          "enchantmentCharge":-1
        },
        "15":{
          "refId":"common_belt_01",
          "count":1,
          "charge":-1,
          "enchantmentCharge":-1
        },
        "9":{
          "refId":"common_pants_01",
          "count":1,
          "charge":-1,
          "enchantmentCharge":-1
        }
      },
      "inventory":[{
          "refId":"common_belt_01",
          "count":1,
          "charge":-1,
          "enchantmentCharge":-1,
          "soul":""
        },{
          "refId":"common_shirt_05",
          "count":1,
          "charge":-1,
          "enchantmentCharge":-1,
          "soul":""
        },{
          "refId":"common_pants_01",
          "count":1,
          "charge":-1,
          "enchantmentCharge":-1,
          "soul":""
        }]
    },
    "41503-0":{
      "refId":"crate_01_random_pos",
      "inventory":[{
          "refId":"misc_com_bottle_10",
          "count":2,
          "charge":-1,
          "enchantmentCharge":-1,
          "soul":""
        },{
          "refId":"misc_com_bottle_15",
          "count":2,
          "charge":-1,
          "enchantmentCharge":-1,
          "soul":""
        },{
          "refId":"misc_com_wood_bowl_04",
          "count":1,
          "charge":-1,
          "enchantmentCharge":-1,
          "soul":""
        },{
          "refId":"gold_001",
          "count":5,
          "charge":-1,
          "enchantmentCharge":-1,
          "soul":""
        }]
    },
    "34093-0":{
      "refId":"urn_03_ingred",
      "inventory":[{
          "refId":"ingred_wickwheat_01",
          "count":1,
          "charge":-1,
          "enchantmentCharge":-1,
          "soul":""
        }]
    },
    "41500-0":{
      "refId":"crate_01_food_misc01",
      "inventory":[{
          "refId":"ingred_marshmerrow_01",
          "count":7,
          "charge":-1,
          "enchantmentCharge":-1,
          "soul":""
        },{
          "refId":"ingred_rat_meat_01",
          "count":3,
          "charge":-1,
          "enchantmentCharge":-1,
          "soul":""
        },{
          "refId":"ingred_saltrice_01",
          "count":8,
          "charge":-1,
          "enchantmentCharge":-1,
          "soul":""
        }]
    },
    "34086-0":{
      "refId":"urn_04_food",
      "inventory":[{
          "refId":"food_kwama_egg_01",
          "count":4,
          "charge":-1,
          "enchantmentCharge":-1,
          "soul":""
        }]
    },
    "34091-0":{
      "refId":"urn_02_ingred",
      "inventory":[{
          "refId":"ingred_kwama_cuttle_01",
          "count":1,
          "charge":-1,
          "enchantmentCharge":-1,
          "soul":""
        }]
    },
    "34092-0":{
      "refId":"urn_01_ingred",
      "inventory":[]
    },
    "34087-0":{
      "refId":"urn_02_food",
      "inventory":[{
          "refId":"ingred_scuttle_01",
          "count":4,
          "charge":-1,
          "enchantmentCharge":-1,
          "soul":""
        }]
    },
    "34088-0":{
      "refId":"urn_01_food",
      "inventory":[{
          "refId":"ingred_saltrice_01",
          "count":3,
          "charge":-1,
          "enchantmentCharge":-1,
          "soul":""
        }]
    },
    "41509-0":{
      "refId":"crate_01_empty",
      "inventory":[]
    },
    "67596-0":{
      "refId":"tedryn brenur",
      "location":{
        "posX":-21126.806640625,
        "posZ":833.39172363281,
        "posY":-16452.802734375,
        "rotX":0,
        "rotY":0,
        "rotZ":4.2831840515137
      },
      "stats":{
        "healthCurrent":119,
        "magickaCurrent":92,
        "healthModified":119,
        "fatigueBase":230,
        "fatigueModified":230,
        "healthBase":119,
        "magickaModified":92,
        "magickaBase":92,
        "fatigueCurrent":230
      },
      "equipment":{
        "1":{
          "refId":"netch_leather_boiled_cuirass",
          "count":1,
          "charge":-1,
          "enchantmentCharge":-1
        },
        "5":{
          "refId":"cloth bracer left",
          "count":1,
          "charge":-1,
          "enchantmentCharge":-1
        },
        "6":{
          "refId":"cloth bracer right",
          "count":1,
          "charge":-1,
          "enchantmentCharge":-1
        },
        "7":{
          "refId":"netch_leather_boots",
          "count":1,
          "charge":-1,
          "enchantmentCharge":-1
        },
        "8":{
          "refId":"common_shirt_04_c",
          "count":1,
          "charge":-1,
          "enchantmentCharge":-1
        },
        "9":{
          "refId":"common_pants_03",
          "count":1,
          "charge":-1,
          "enchantmentCharge":-1
        },
        "16":{
          "refId":"iron mace",
          "count":1,
          "charge":-1,
          "enchantmentCharge":-1
        }
      },
      "inventory":[{
          "refId":"cloth bracer right",
          "count":1,
          "charge":-1,
          "enchantmentCharge":-1,
          "soul":""
        },{
          "refId":"cloth bracer left",
          "count":1,
          "charge":-1,
          "enchantmentCharge":-1,
          "soul":""
        },{
          "refId":"netch_leather_boots",
          "count":1,
          "charge":-1,
          "enchantmentCharge":-1,
          "soul":""
        },{
          "refId":"netch_leather_boiled_cuirass",
          "count":1,
          "charge":-1,
          "enchantmentCharge":-1,
          "soul":""
        },{
          "refId":"common_shirt_04_c",
          "count":1,
          "charge":-1,
          "enchantmentCharge":-1,
          "soul":""
        },{
          "refId":"common_pants_03",
          "count":1,
          "charge":-1,
          "enchantmentCharge":-1,
          "soul":""
        },{
          "refId":"iron mace",
          "count":1,
          "charge":-1,
          "enchantmentCharge":-1,
          "soul":""
        }]
    },
    "34109-0":{
      "refId":"urn_04_food",
      "inventory":[{
          "refId":"food_kwama_egg_01",
          "count":4,
          "charge":-1,
          "enchantmentCharge":-1,
          "soul":""
        }]
    },
    "34107-0":{
      "refId":"com_basket_01_empty",
      "inventory":[]
    },
    "41502-0":{
      "refId":"crate_01_eggs",
      "inventory":[{
          "refId":"food_kwama_egg_02",
          "count":1,
          "charge":-1,
          "enchantmentCharge":-1,
          "soul":""
        }]
    },
    "41508-0":{
      "refId":"crate_02_food",
      "inventory":[{
          "refId":"food_kwama_egg_02",
          "count":3,
          "charge":-1,
          "enchantmentCharge":-1,
          "soul":""
        }]
    },
    "270749-0":{
      "refId":"selvil sareloth",
      "location":{
        "posX":-21226.6484375,
        "posZ":1085.9833984375,
        "posY":-18292.150390625,
        "rotX":0,
        "rotY":0,
        "rotZ":0
      },
      "stats":{
        "healthCurrent":45,
        "magickaCurrent":100,
        "healthModified":45,
        "fatigueBase":160,
        "fatigueModified":160,
        "healthBase":45,
        "magickaModified":100,
        "magickaBase":100,
        "fatigueCurrent":160
      },
      "equipment":[null,null,null,null,null,null,{
          "refId":"common_shoes_01",
          "count":1,
          "charge":-1,
          "enchantmentCharge":-1
        },{
          "refId":"common_shirt_02_h",
          "count":1,
          "charge":-1,
          "enchantmentCharge":-1
        },{
          "refId":"common_pants_04",
          "count":1,
          "charge":-1,
          "enchantmentCharge":-1
        }],
      "inventory":[{
          "refId":"common_shirt_02_h",
          "count":1,
          "charge":-1,
          "enchantmentCharge":-1,
          "soul":""
        },{
          "refId":"common_shoes_01",
          "count":1,
          "charge":-1,
          "enchantmentCharge":-1,
          "soul":""
        },{
          "refId":"common_pants_04",
          "count":1,
          "charge":-1,
          "enchantmentCharge":-1,
          "soul":""
        }]
    },
    "41506-0":{
      "refId":"crate_01_empty",
      "inventory":[]
    },
    "34085-0":{
      "refId":"com_basket_01_empty",
      "inventory":[]
    },
    "41507-0":{
      "refId":"crate_02_random_pos",
      "inventory":[{
          "refId":"p_restore_luck_e",
          "count":1,
          "charge":-1,
          "enchantmentCharge":-1,
          "soul":""
        },{
          "refId":"sc_paper plain",
          "count":1,
          "charge":-1,
          "enchantmentCharge":-1,
          "soul":""
        },{
          "refId":"misc_com_wood_cup_01",
          "count":1,
          "charge":-1,
          "enchantmentCharge":-1,
          "soul":""
        },{
          "refId":"misc_com_bottle_15",
          "count":1,
          "charge":-1,
          "enchantmentCharge":-1,
          "soul":""
        },{
          "refId":"misc_com_wood_bowl_04",
          "count":1,
          "charge":-1,
          "enchantmentCharge":-1,
          "soul":""
        },{
          "refId":"misc_com_bottle_10",
          "count":1,
          "charge":-1,
          "enchantmentCharge":-1,
          "soul":""
        },{
          "refId":"misc_com_plate_01",
          "count":1,
          "charge":-1,
          "enchantmentCharge":-1,
          "soul":""
        },{
          "refId":"gold_001",
          "count":6,
          "charge":-1,
          "enchantmentCharge":-1,
          "soul":""
        }]
    },
    "34108-0":{
      "refId":"com_basket_01_empty",
      "inventory":[]
    },
    "41501-0":{
      "refId":"crate_01_food_misc01",
      "inventory":[{
          "refId":"ingred_marshmerrow_01",
          "count":7,
          "charge":-1,
          "enchantmentCharge":-1,
          "soul":""
        },{
          "refId":"ingred_rat_meat_01",
          "count":3,
          "charge":-1,
          "enchantmentCharge":-1,
          "soul":""
        },{
          "refId":"ingred_saltrice_01",
          "count":8,
          "charge":-1,
          "enchantmentCharge":-1,
          "soul":""
        }]
    },
    "67597-0":{
      "refId":"dranas dradas",
      "location":{
        "posX":-21230.3515625,
        "posZ":833.39172363281,
        "posY":-16632.923828125,
        "rotX":0,
        "rotY":0,
        "rotZ":6.0999999046326
      },
      "stats":{
        "healthCurrent":94,
        "magickaCurrent":112,
        "healthModified":94,
        "fatigueBase":208,
        "fatigueModified":208,
        "healthBase":94,
        "magickaModified":112,
        "magickaBase":112,
        "fatigueCurrent":208
      },
      "equipment":{
        "16":{
          "refId":"steel spear",
          "count":1,
          "charge":-1,
          "enchantmentCharge":-1
        },
        "8":{
          "refId":"extravagant_shirt_01",
          "count":1,
          "charge":-1,
          "enchantmentCharge":-1
        },
        "9":{
          "refId":"common_pants_03_c",
          "count":1,
          "charge":-1,
          "enchantmentCharge":-1
        }
      },
      "inventory":[{
          "refId":"bonemold_bracer_right",
          "count":1,
          "charge":-1,
          "enchantmentCharge":-1,
          "soul":""
        },{
          "refId":"bonemold_bracer_left",
          "count":1,
          "charge":-1,
          "enchantmentCharge":-1,
          "soul":""
        },{
          "refId":"bonemold_boots",
          "count":1,
          "charge":-1,
          "enchantmentCharge":-1,
          "soul":""
        },{
          "refId":"bonemold_greaves",
          "count":1,
          "charge":-1,
          "enchantmentCharge":-1,
          "soul":""
        },{
          "refId":"extravagant_shirt_01",
          "count":1,
          "charge":-1,
          "enchantmentCharge":-1,
          "soul":""
        },{
          "refId":"common_pants_03_c",
          "count":1,
          "charge":-1,
          "enchantmentCharge":-1,
          "soul":""
        },{
          "refId":"steel spear",
          "count":1,
          "charge":-1,
          "enchantmentCharge":-1,
          "soul":""
        }]
    },
    "41505-0":{
      "refId":"crate_02_food",
      "inventory":[{
          "refId":"ingred_hound_meat_01",
          "count":3,
          "charge":-1,
          "enchantmentCharge":-1,
          "soul":""
        }]
    },
    "41504-0":{
      "refId":"crate_02_random_pos",
      "inventory":[{
          "refId":"sc_paper plain",
          "count":1,
          "charge":-1,
          "enchantmentCharge":-1,
          "soul":""
        },{
          "refId":"gold_001",
          "count":6,
          "charge":-1,
          "enchantmentCharge":-1,
          "soul":""
        },{
          "refId":"misc_com_redware_cup",
          "count":1,
          "charge":-1,
          "enchantmentCharge":-1,
          "soul":""
        },{
          "refId":"misc_com_wood_cup_01",
          "count":1,
          "charge":-1,
          "enchantmentCharge":-1,
          "soul":""
        },{
          "refId":"misc_com_redware_vase",
          "count":1,
          "charge":-1,
          "enchantmentCharge":-1,
          "soul":""
        }]
    }
  },
  "loadState":{
    "hasFullContainerData":true,
    "hasFullActorList":true
  }
}