{
  "packets":{
    "actorList":["0-6","0-5","0-4","0-2","0-7","0-3","288981-0"],
    "ai":[],
    "cellChangeFrom":[],
    "cellChangeTo":[],
    "container":["248920-0","248921-0","248922-0","248924-0","248925-0","248941-0","248943-0","248945-0","248953-0","248954-0","248955-0","248958-0","248959-0","248960-0","248962-0","248968-0","248987-0","248988-0","248989-0","248990-0","248992-0","248993-0","248994-0","249002-0","249013-0","249014-0","249040-0","249041-0","249042-0","249050-0","249061-0","249062-0","249066-0","249067-0","249068-0","249069-0","249072-0","249073-0","249074-0","249075-0","249076-0","249077-0","463198-0","463204-0","249095-0","249094-0","249098-0","249097-0","249106-0","288981-0","0-6","0-5","0-4","0-2","0-7","0-3"],
    "death":[],
    "delete":[],
    "doorState":[],
    "equipment":["288981-0"],
    "lock":[],
    "place":[],
    "position":["288981-0","0-2","0-3","0-4","0-5","0-6","0-7"],
    "scale":[],
    "spawn":["0-6","0-5","0-4","0-2","0-7","0-3"],
    "state":[],
    "statsDynamic":["288981-0","0-2","0-3","0-4","0-5","0-6","0-7"],
    "trap":[],
    "spellsActive":[],
    "miscellaneous":[],
    "clientScriptLocal":[]
  },
  "entry":{
    "creationTime":1670164126,
    "description":"-3, -9"
  },
  "lastVisit":{
    "focal02":1670172851,
    "focal01":1670164168
  },
  "recordLinks":[],
  "objectData":{
    "248941-0":{
      "refId":"flora_bc_mushroom_02",
      "inventory":[{
          "refId":"ingred_russula_01",
          "count":1,
          "charge":-1,
          "enchantmentCharge":-1,
          "soul":""
        }]
    },
    "248924-0":{
      "refId":"flora_bc_mushroom_04",
      "inventory":[{
          "refId":"ingred_russula_01",
          "count":2,
          "charge":-1,
          "enchantmentCharge":-1,
          "soul":""
        }]
    },
    "248955-0":{
      "refId":"flora_bc_mushroom_05",
      "inventory":[{
          "refId":"ingred_russula_01",
          "count":1,
          "charge":-1,
          "enchantmentCharge":-1,
          "soul":""
        }]
    },
    "249075-0":{
      "refId":"flora_bc_mushroom_08",
      "inventory":[{
          "refId":"ingred_coprinus_01",
          "count":1,
          "charge":-1,
          "enchantmentCharge":-1,
          "soul":""
        }]
    },
    "249095-0":{
      "refId":"flora_bc_shelffungus_02",
      "inventory":[]
    },
    "248994-0":{
      "refId":"flora_bc_mushroom_08",
      "inventory":[{
          "refId":"ingred_coprinus_01",
          "count":2,
          "charge":-1,
          "enchantmentCharge":-1,
          "soul":""
        }]
    },
    "0-6":{
      "refId":"scrib",
      "location":{
        "posX":-18731.9296875,
        "posZ":195.78570556641,
        "posY":-66683.25,
        "rotX":0.0046511823311448,
        "rotY":0,
        "rotZ":-1.0691063404083
      },
      "stats":{
        "healthCurrent":8,
        "magickaCurrent":12,
        "healthModified":8,
        "fatigueBase":300,
        "fatigueModified":300,
        "healthBase":8,
        "magickaModified":12,
        "magickaBase":12,
        "fatigueCurrent":300
      },
      "inventory":[{
          "refId":"ingred_scrib_jelly_01",
          "count":1,
          "charge":-1,
          "enchantmentCharge":-1,
          "soul":""
        }]
    },
    "0-2":{
      "refId":"slaughterfish_small",
      "location":{
        "posX":-22294.271484375,
        "posZ":-163.60070800781,
        "posY":-68155.59375,
        "rotX":0,
        "rotY":0,
        "rotZ":1.5757281780243
      },
      "stats":{
        "healthCurrent":15,
        "magickaCurrent":10,
        "healthModified":15,
        "fatigueBase":300,
        "fatigueModified":300,
        "healthBase":15,
        "magickaModified":10,
        "magickaBase":10,
        "fatigueCurrent":300
      },
      "inventory":[]
    },
    "249067-0":{
      "refId":"flora_bc_mushroom_04",
      "inventory":[{
          "refId":"ingred_russula_01",
          "count":1,
          "charge":-1,
          "enchantmentCharge":-1,
          "soul":""
        }]
    },
    "248992-0":{
      "refId":"flora_bc_mushroom_08",
      "inventory":[{
          "refId":"ingred_coprinus_01",
          "count":2,
          "charge":-1,
          "enchantmentCharge":-1,
          "soul":""
        }]
    },
    "249066-0":{
      "refId":"flora_bc_mushroom_01",
      "inventory":[{
          "refId":"ingred_russula_01",
          "count":1,
          "charge":-1,
          "enchantmentCharge":-1,
          "soul":""
        }]
    },
    "248968-0":{
      "refId":"flora_bc_fern_01",
      "inventory":[{
          "refId":"ingred_bc_spore_pod",
          "count":3,
          "charge":-1,
          "enchantmentCharge":-1,
          "soul":""
        }]
    },
    "248922-0":{
      "refId":"flora_bc_mushroom_01",
      "inventory":[{
          "refId":"ingred_russula_01",
          "count":1,
          "charge":-1,
          "enchantmentCharge":-1,
          "soul":""
        }]
    },
    "248962-0":{
      "refId":"flora_hackle-lo_01",
      "inventory":[{
          "refId":"ingred_hackle-lo_leaf_01",
          "count":1,
          "charge":-1,
          "enchantmentCharge":-1,
          "soul":""
        }]
    },
    "0-3":{
      "refId":"mudcrab",
      "location":{
        "posX":-20788.146484375,
        "posZ":75.616714477539,
        "posY":-68751.125,
        "rotX":0.69495856761932,
        "rotY":0,
        "rotZ":-2.9666168689728
      },
      "stats":{
        "healthCurrent":15,
        "magickaCurrent":5,
        "healthModified":15,
        "fatigueBase":400,
        "fatigueModified":400,
        "healthBase":15,
        "magickaModified":5,
        "magickaBase":5,
        "fatigueCurrent":400
      },
      "inventory":[{
          "refId":"ingred_crab_meat_01",
          "count":2,
          "charge":-1,
          "enchantmentCharge":-1,
          "soul":""
        }]
    },
    "248989-0":{
      "refId":"flora_bc_mushroom_02",
      "inventory":[{
          "refId":"ingred_russula_01",
          "count":1,
          "charge":-1,
          "enchantmentCharge":-1,
          "soul":""
        }]
    },
    "248987-0":{
      "refId":"flora_bc_mushroom_04",
      "inventory":[{
          "refId":"ingred_russula_01",
          "count":2,
          "charge":-1,
          "enchantmentCharge":-1,
          "soul":""
        }]
    },
    "249002-0":{
      "refId":"flora_bc_fern_01",
      "inventory":[{
          "refId":"ingred_bc_spore_pod",
          "count":3,
          "charge":-1,
          "enchantmentCharge":-1,
          "soul":""
        }]
    },
    "248945-0":{
      "refId":"flora_bc_mushroom_04",
      "inventory":[{
          "refId":"ingred_russula_01",
          "count":2,
          "charge":-1,
          "enchantmentCharge":-1,
          "soul":""
        }]
    },
    "249074-0":{
      "refId":"flora_bc_mushroom_01",
      "inventory":[]
    },
    "0-5":{
      "refId":"kwama forager",
      "location":{
        "posX":-19378.568359375,
        "posZ":107.41753387451,
        "posY":-67025.7890625,
        "rotX":-0.17957459390163,
        "rotY":0,
        "rotZ":-2.6987612247467
      },
      "stats":{
        "healthCurrent":23,
        "magickaCurrent":15,
        "healthModified":23,
        "fatigueBase":300,
        "fatigueModified":300,
        "healthBase":23,
        "magickaModified":15,
        "magickaBase":15,
        "fatigueCurrent":300
      },
      "inventory":[{
          "refId":"ingred_kwama_cuttle_01",
          "count":1,
          "charge":-1,
          "enchantmentCharge":-1,
          "soul":""
        }]
    },
    "249041-0":{
      "refId":"flora_bc_mushroom_05",
      "inventory":[{
          "refId":"ingred_russula_01",
          "count":1,
          "charge":-1,
          "enchantmentCharge":-1,
          "soul":""
        }]
    },
    "249014-0":{
      "refId":"flora_bc_shelffungus_04",
      "inventory":[{
          "refId":"ingred_bc_hypha_facia",
          "count":1,
          "charge":-1,
          "enchantmentCharge":-1,
          "soul":""
        }]
    },
    "248943-0":{
      "refId":"flora_bc_mushroom_01",
      "inventory":[{
          "refId":"ingred_russula_01",
          "count":1,
          "charge":-1,
          "enchantmentCharge":-1,
          "soul":""
        }]
    },
    "249076-0":{
      "refId":"flora_bc_mushroom_08",
      "inventory":[{
          "refId":"ingred_coprinus_01",
          "count":1,
          "charge":-1,
          "enchantmentCharge":-1,
          "soul":""
        }]
    },
    "248954-0":{
      "refId":"flora_bc_mushroom_02",
      "inventory":[{
          "refId":"ingred_russula_01",
          "count":1,
          "charge":-1,
          "enchantmentCharge":-1,
          "soul":""
        }]
    },
    "248993-0":{
      "refId":"flora_bc_mushroom_08",
      "inventory":[{
          "refId":"ingred_coprinus_01",
          "count":2,
          "charge":-1,
          "enchantmentCharge":-1,
          "soul":""
        }]
    },
    "248990-0":{
      "refId":"flora_bc_mushroom_08",
      "inventory":[{
          "refId":"ingred_coprinus_01",
          "count":2,
          "charge":-1,
          "enchantmentCharge":-1,
          "soul":""
        }]
    },
    "249098-0":{
      "refId":"flora_bc_shelffungus_03",
      "inventory":[{
          "refId":"ingred_bc_hypha_facia",
          "count":1,
          "charge":-1,
          "enchantmentCharge":-1,
          "soul":""
        }]
    },
    "249061-0":{
      "refId":"flora_bc_shelffungus_02",
      "inventory":[{
          "refId":"ingred_bc_bungler's_bane",
          "count":1,
          "charge":-1,
          "enchantmentCharge":-1,
          "soul":""
        }]
    },
    "248921-0":{
      "refId":"flora_bc_mushroom_03",
      "inventory":[{
          "refId":"ingred_russula_01",
          "count":1,
          "charge":-1,
          "enchantmentCharge":-1,
          "soul":""
        }]
    },
    "248958-0":{
      "refId":"flora_bc_mushroom_08",
      "inventory":[{
          "refId":"ingred_coprinus_01",
          "count":2,
          "charge":-1,
          "enchantmentCharge":-1,
          "soul":""
        }]
    },
    "463198-0":{
      "refId":"kollop_03_pearl",
      "inventory":[{
          "refId":"ingred_pearl_01",
          "count":1,
          "charge":-1,
          "enchantmentCharge":-1,
          "soul":""
        }]
    },
    "288981-0":{
      "refId":"processus vitellius",
      "location":{
        "posX":-19516.904296875,
        "posZ":187.47219848633,
        "posY":-67530.4375,
        "rotX":0,
        "rotY":0,
        "rotZ":0.10000006109476
      },
      "stats":{
        "healthCurrent":0,
        "magickaCurrent":96,
        "healthModified":0,
        "fatigueBase":192,
        "fatigueModified":192,
        "healthBase":0,
        "magickaModified":96,
        "magickaBase":96,
        "fatigueCurrent":192
      },
      "equipment":[null,null,null,null,null,null,{
          "refId":"common_shoes_05",
          "count":1,
          "charge":-1,
          "enchantmentCharge":-1
        },{
          "refId":"common_shirt_05",
          "count":1,
          "charge":-1,
          "enchantmentCharge":-1
        },{
          "refId":"common_pants_05",
          "count":1,
          "charge":-1,
          "enchantmentCharge":-1
        }],
      "inventory":[{
          "refId":"bk_seydaneentaxrecord",
          "count":1,
          "charge":-1,
          "enchantmentCharge":-1,
          "soul":""
        },{
          "refId":"common_shirt_05",
          "count":1,
          "charge":-1,
          "enchantmentCharge":-1,
          "soul":""
        },{
          "refId":"common_shoes_05",
          "count":1,
          "charge":-1,
          "enchantmentCharge":-1,
          "soul":""
        },{
          "refId":"common_pants_05",
          "count":1,
          "charge":-1,
          "enchantmentCharge":-1,
          "soul":""
        },{
          "refId":"gold_001",
          "count":200,
          "charge":-1,
          "enchantmentCharge":-1,
          "soul":""
        }]
    },
    "248925-0":{
      "refId":"flora_bc_mushroom_08",
      "inventory":[{
          "refId":"ingred_coprinus_01",
          "count":2,
          "charge":-1,
          "enchantmentCharge":-1,
          "soul":""
        }]
    },
    "463204-0":{
      "refId":"kollop_03_pearl",
      "inventory":[{
          "refId":"ingred_pearl_01",
          "count":1,
          "charge":-1,
          "enchantmentCharge":-1,
          "soul":""
        }]
    },
    "0-4":{
      "refId":"slaughterfish_small",
      "location":{
        "posX":-21858.34765625,
        "posZ":-139.81396484375,
        "posY":-66534.7265625,
        "rotX":-2.1161511540413e-05,
        "rotY":0,
        "rotZ":2.0186903476715
      },
      "stats":{
        "healthCurrent":15,
        "magickaCurrent":10,
        "healthModified":15,
        "fatigueBase":300,
        "fatigueModified":300,
        "healthBase":15,
        "magickaModified":10,
        "magickaBase":10,
        "fatigueCurrent":300
      },
      "inventory":[]
    },
    "249077-0":{
      "refId":"flora_bc_mushroom_08",
      "inventory":[{
          "refId":"ingred_coprinus_01",
          "count":1,
          "charge":-1,
          "enchantmentCharge":-1,
          "soul":""
        }]
    },
    "249072-0":{
      "refId":"flora_bc_mushroom_02",
      "inventory":[{
          "refId":"ingred_russula_01",
          "count":2,
          "charge":-1,
          "enchantmentCharge":-1,
          "soul":""
        }]
    },
    "249013-0":{
      "refId":"flora_bc_shelffungus_02",
      "inventory":[{
          "refId":"ingred_bc_bungler's_bane",
          "count":1,
          "charge":-1,
          "enchantmentCharge":-1,
          "soul":""
        }]
    },
    "249040-0":{
      "refId":"flora_bc_mushroom_02",
      "inventory":[{
          "refId":"ingred_russula_01",
          "count":2,
          "charge":-1,
          "enchantmentCharge":-1,
          "soul":""
        }]
    },
    "249068-0":{
      "refId":"flora_bc_mushroom_02",
      "inventory":[{
          "refId":"ingred_russula_01",
          "count":2,
          "charge":-1,
          "enchantmentCharge":-1,
          "soul":""
        }]
    },
    "249062-0":{
      "refId":"flora_bc_shelffungus_04",
      "inventory":[{
          "refId":"ingred_bc_hypha_facia",
          "count":1,
          "charge":-1,
          "enchantmentCharge":-1,
          "soul":""
        }]
    },
    "248920-0":{
      "refId":"flora_bc_mushroom_02",
      "inventory":[{
          "refId":"ingred_russula_01",
          "count":2,
          "charge":-1,
          "enchantmentCharge":-1,
          "soul":""
        }]
    },
    "248960-0":{
      "refId":"flora_bc_mushroom_08",
      "inventory":[{
          "refId":"ingred_coprinus_01",
          "count":1,
          "charge":-1,
          "enchantmentCharge":-1,
          "soul":""
        }]
    },
    "249097-0":{
      "refId":"flora_bc_shelffungus_03",
      "inventory":[{
          "refId":"ingred_bc_hypha_facia",
          "count":1,
          "charge":-1,
          "enchantmentCharge":-1,
          "soul":""
        }]
    },
    "249073-0":{
      "refId":"flora_bc_mushroom_05",
      "inventory":[{
          "refId":"ingred_russula_01",
          "count":1,
          "charge":-1,
          "enchantmentCharge":-1,
          "soul":""
        }]
    },
    "249069-0":{
      "refId":"flora_bc_fern_01",
      "inventory":[{
          "refId":"ingred_bc_spore_pod",
          "count":3,
          "charge":-1,
          "enchantmentCharge":-1,
          "soul":""
        }]
    },
    "249106-0":{
      "refId":"flora_bc_mushroom_03",
      "inventory":[{
          "refId":"ingred_russula_01",
          "count":1,
          "charge":-1,
          "enchantmentCharge":-1,
          "soul":""
        }]
    },
    "249094-0":{
      "refId":"flora_bc_shelffungus_01",
      "inventory":[{
          "refId":"ingred_bc_bungler's_bane",
          "count":1,
          "charge":-1,
          "enchantmentCharge":-1,
          "soul":""
        }]
    },
    "249042-0":{
      "refId":"flora_bc_mushroom_01",
      "inventory":[{
          "refId":"ingred_russula_01",
          "count":1,
          "charge":-1,
          "enchantmentCharge":-1,
          "soul":""
        }]
    },
    "249050-0":{
      "refId":"flora_bc_fern_01",
      "inventory":[{
          "refId":"ingred_bc_spore_pod",
          "count":3,
          "charge":-1,
          "enchantmentCharge":-1,
          "soul":""
        }]
    },
    "248953-0":{
      "refId":"flora_bc_mushroom_01",
      "inventory":[{
          "refId":"ingred_russula_01",
          "count":1,
          "charge":-1,
          "enchantmentCharge":-1,
          "soul":""
        }]
    },
    "248959-0":{
      "refId":"flora_bc_mushroom_08",
      "inventory":[{
          "refId":"ingred_coprinus_01",
          "count":2,
          "charge":-1,
          "enchantmentCharge":-1,
          "soul":""
        }]
    },
    "0-7":{
      "refId":"kwama forager",
      "location":{
        "posX":-18780.806640625,
        "posZ":169.74975585938,
        "posY":-66828.765625,
        "rotX":-0.24449229240417,
        "rotY":0,
        "rotZ":0.30675435066223
      },
      "stats":{
        "healthCurrent":23,
        "magickaCurrent":15,
        "healthModified":23,
        "fatigueBase":300,
        "fatigueModified":300,
        "healthBase":23,
        "magickaModified":15,
        "magickaBase":15,
        "fatigueCurrent":300
      },
      "inventory":[{
          "refId":"ingred_kwama_cuttle_01",
          "count":1,
          "charge":-1,
          "enchantmentCharge":-1,
          "soul":""
        }]
    },
    "248988-0":{
      "refId":"flora_bc_mushroom_01",
      "inventory":[{
          "refId":"ingred_russula_01",
          "count":1,
          "charge":-1,
          "enchantmentCharge":-1,
          "soul":""
        }]
    }
  },
  "loadState":{
    "hasFullContainerData":true,
    "hasFullActorList":true
  }
}