{
  "packets":{
    "actorList":["0-26","0-27"],
    "ai":[],
    "cellChangeFrom":[],
    "cellChangeTo":[],
    "container":["76761-0","76767-0","76768-0","76769-0","76777-0","76785-0","76786-0","76789-0","476347-0","476359-0","476360-0","476361-0","476362-0","476363-0","476364-0","476365-0","476366-0","476367-0","476368-0","476369-0","476370-0","476371-0","0-26","0-27"],
    "death":[],
    "delete":[],
    "doorState":[],
    "equipment":[],
    "lock":[],
    "place":[],
    "position":["0-26","0-27"],
    "scale":[],
    "spawn":["0-26","0-27"],
    "state":[],
    "statsDynamic":["0-26","0-27"],
    "trap":[],
    "spellsActive":[],
    "miscellaneous":[],
    "clientScriptLocal":[]
  },
  "entry":{
    "creationTime":1670164169,
    "description":"-3, -4"
  },
  "lastVisit":{
    "focal01":1670173529
  },
  "recordLinks":[],
  "objectData":{
    "476368-0":{
      "refId":"flora_willow_flower_02",
      "inventory":[{
          "refId":"ingred_willow_anther_01",
          "count":1,
          "charge":-1,
          "enchantmentCharge":-1,
          "soul":""
        }]
    },
    "76785-0":{
      "refId":"flora_heather_01",
      "inventory":[{
          "refId":"ingred_heather_01",
          "count":1,
          "charge":-1,
          "enchantmentCharge":-1,
          "soul":""
        }]
    },
    "476365-0":{
      "refId":"flora_willow_flower_02",
      "inventory":[]
    },
    "476363-0":{
      "refId":"flora_willow_flower_01",
      "inventory":[{
          "refId":"ingred_willow_anther_01",
          "count":1,
          "charge":-1,
          "enchantmentCharge":-1,
          "soul":""
        }]
    },
    "0-27":{
      "refId":"scrib",
      "location":{
        "posX":-20793.93359375,
        "posZ":371.2194519043,
        "posY":-31359.94921875,
        "rotX":-0.45525872707367,
        "rotY":0,
        "rotZ":-1.4706528186798
      },
      "stats":{
        "healthCurrent":8,
        "magickaCurrent":12,
        "healthModified":8,
        "fatigueBase":300,
        "fatigueModified":300,
        "healthBase":8,
        "magickaModified":12,
        "magickaBase":12,
        "fatigueCurrent":300
      },
      "inventory":[{
          "refId":"ingred_scrib_jelly_01",
          "count":1,
          "charge":-1,
          "enchantmentCharge":-1,
          "soul":""
        }]
    },
    "476366-0":{
      "refId":"flora_willow_flower_01",
      "inventory":[{
          "refId":"ingred_willow_anther_01",
          "count":1,
          "charge":-1,
          "enchantmentCharge":-1,
          "soul":""
        }]
    },
    "76768-0":{
      "refId":"flora_heather_01",
      "inventory":[{
          "refId":"ingred_heather_01",
          "count":2,
          "charge":-1,
          "enchantmentCharge":-1,
          "soul":""
        }]
    },
    "476360-0":{
      "refId":"flora_willow_flower_02",
      "inventory":[{
          "refId":"ingred_willow_anther_01",
          "count":1,
          "charge":-1,
          "enchantmentCharge":-1,
          "soul":""
        }]
    },
    "76761-0":{
      "refId":"flora_corkbulb",
      "inventory":[{
          "refId":"ingred_corkbulb_root_01",
          "count":1,
          "charge":-1,
          "enchantmentCharge":-1,
          "soul":""
        }]
    },
    "476370-0":{
      "refId":"flora_willow_flower_01",
      "inventory":[{
          "refId":"ingred_willow_anther_01",
          "count":1,
          "charge":-1,
          "enchantmentCharge":-1,
          "soul":""
        }]
    },
    "476359-0":{
      "refId":"flora_willow_flower_01",
      "inventory":[{
          "refId":"ingred_willow_anther_01",
          "count":1,
          "charge":-1,
          "enchantmentCharge":-1,
          "soul":""
        }]
    },
    "76769-0":{
      "refId":"flora_heather_01",
      "inventory":[{
          "refId":"ingred_heather_01",
          "count":2,
          "charge":-1,
          "enchantmentCharge":-1,
          "soul":""
        }]
    },
    "476364-0":{
      "refId":"flora_willow_flower_01",
      "inventory":[{
          "refId":"ingred_willow_anther_01",
          "count":1,
          "charge":-1,
          "enchantmentCharge":-1,
          "soul":""
        }]
    },
    "476347-0":{
      "refId":"flora_heather_01",
      "inventory":[{
          "refId":"ingred_heather_01",
          "count":2,
          "charge":-1,
          "enchantmentCharge":-1,
          "soul":""
        }]
    },
    "76786-0":{
      "refId":"flora_corkbulb",
      "inventory":[{
          "refId":"ingred_corkbulb_root_01",
          "count":1,
          "charge":-1,
          "enchantmentCharge":-1,
          "soul":""
        }]
    },
    "76767-0":{
      "refId":"flora_heather_01",
      "inventory":[{
          "refId":"ingred_heather_01",
          "count":2,
          "charge":-1,
          "enchantmentCharge":-1,
          "soul":""
        }]
    },
    "476371-0":{
      "refId":"flora_willow_flower_02",
      "inventory":[{
          "refId":"ingred_willow_anther_01",
          "count":1,
          "charge":-1,
          "enchantmentCharge":-1,
          "soul":""
        }]
    },
    "476367-0":{
      "refId":"flora_willow_flower_01",
      "inventory":[{
          "refId":"ingred_willow_anther_01",
          "count":1,
          "charge":-1,
          "enchantmentCharge":-1,
          "soul":""
        }]
    },
    "476362-0":{
      "refId":"flora_willow_flower_02",
      "inventory":[{
          "refId":"ingred_willow_anther_01",
          "count":1,
          "charge":-1,
          "enchantmentCharge":-1,
          "soul":""
        }]
    },
    "76777-0":{
      "refId":"flora_comberry_01",
      "inventory":[{
          "refId":"ingred_comberry_01",
          "count":1,
          "charge":-1,
          "enchantmentCharge":-1,
          "soul":""
        }]
    },
    "476361-0":{
      "refId":"flora_willow_flower_01",
      "inventory":[{
          "refId":"ingred_willow_anther_01",
          "count":1,
          "charge":-1,
          "enchantmentCharge":-1,
          "soul":""
        }]
    },
    "476369-0":{
      "refId":"flora_willow_flower_02",
      "inventory":[{
          "refId":"ingred_willow_anther_01",
          "count":1,
          "charge":-1,
          "enchantmentCharge":-1,
          "soul":""
        }]
    },
    "76789-0":{
      "refId":"flora_corkbulb",
      "inventory":[{
          "refId":"ingred_corkbulb_root_01",
          "count":1,
          "charge":-1,
          "enchantmentCharge":-1,
          "soul":""
        }]
    },
    "0-26":{
      "refId":"rat",
      "location":{
        "posX":-19022.640625,
        "posZ":194.85400390625,
        "posY":-28041.939453125,
        "rotX":-1.066678404808,
        "rotY":0,
        "rotZ":2.8779318332672
      },
      "stats":{
        "healthCurrent":23,
        "magickaCurrent":10,
        "healthModified":23,
        "fatigueBase":300,
        "fatigueModified":300,
        "healthBase":23,
        "magickaModified":10,
        "magickaBase":10,
        "fatigueCurrent":300
      },
      "inventory":[{
          "refId":"ingred_rat_meat_01",
          "count":1,
          "charge":-1,
          "enchantmentCharge":-1,
          "soul":""
        }]
    }
  },
  "loadState":{
    "hasFullContainerData":true,
    "hasFullActorList":true
  }
}