{
  "packets":{
    "actorList":[],
    "ai":[],
    "cellChangeFrom":[],
    "cellChangeTo":[],
    "container":["476297-0","476298-0","476299-0","476300-0","476301-0","476302-0","476303-0","476304-0","476305-0","476306-0","476307-0","476308-0","476309-0"],
    "death":[],
    "delete":[],
    "doorState":[],
    "equipment":[],
    "lock":[],
    "place":[],
    "position":[],
    "scale":[],
    "spawn":[],
    "state":[],
    "statsDynamic":[],
    "trap":[],
    "spellsActive":[],
    "miscellaneous":[],
    "clientScriptLocal":[]
  },
  "entry":{
    "creationTime":1670164197,
    "description":"-3, -1"
  },
  "lastVisit":{
    "focal01":1670197903
  },
  "recordLinks":[],
  "objectData":{
    "476301-0":{
      "refId":"flora_kreshweed_03",
      "inventory":[]
    },
    "476306-0":{
      "refId":"flora_bittergreen_03",
      "inventory":[{
          "refId":"ingred_bittergreen_petals_01",
          "count":3,
          "charge":-1,
          "enchantmentCharge":-1,
          "soul":""
        }]
    },
    "476299-0":{
      "refId":"flora_kreshweed_03",
      "inventory":[{
          "refId":"ingred_kresh_fiber_01",
          "count":1,
          "charge":-1,
          "enchantmentCharge":-1,
          "soul":""
        }]
    },
    "476297-0":{
      "refId":"flora_kreshweed_02",
      "inventory":[{
          "refId":"ingred_kresh_fiber_01",
          "count":1,
          "charge":-1,
          "enchantmentCharge":-1,
          "soul":""
        }]
    },
    "476298-0":{
      "refId":"flora_chokeweed_02",
      "inventory":[{
          "refId":"ingred_chokeweed_01",
          "count":1,
          "charge":-1,
          "enchantmentCharge":-1,
          "soul":""
        }]
    },
    "476308-0":{
      "refId":"flora_kreshweed_03",
      "inventory":[{
          "refId":"ingred_kresh_fiber_01",
          "count":1,
          "charge":-1,
          "enchantmentCharge":-1,
          "soul":""
        }]
    },
    "476309-0":{
      "refId":"flora_roobrush_02",
      "inventory":[{
          "refId":"ingred_roobrush_01",
          "count":1,
          "charge":-1,
          "enchantmentCharge":-1,
          "soul":""
        }]
    },
    "476303-0":{
      "refId":"flora_bittergreen_pod_01",
      "inventory":[]
    },
    "476302-0":{
      "refId":"flora_kreshweed_03",
      "inventory":[{
          "refId":"ingred_kresh_fiber_01",
          "count":1,
          "charge":-1,
          "enchantmentCharge":-1,
          "soul":""
        }]
    },
    "476304-0":{
      "refId":"flora_bittergreen_01",
      "inventory":[{
          "refId":"ingred_bittergreen_petals_01",
          "count":1,
          "charge":-1,
          "enchantmentCharge":-1,
          "soul":""
        }]
    },
    "476307-0":{
      "refId":"flora_bittergreen_04",
      "inventory":[{
          "refId":"ingred_bittergreen_petals_01",
          "count":2,
          "charge":-1,
          "enchantmentCharge":-1,
          "soul":""
        }]
    },
    "476305-0":{
      "refId":"flora_bittergreen_02",
      "inventory":[{
          "refId":"ingred_bittergreen_petals_01",
          "count":1,
          "charge":-1,
          "enchantmentCharge":-1,
          "soul":""
        }]
    },
    "476300-0":{
      "refId":"flora_kreshweed_01",
      "inventory":[{
          "refId":"ingred_kresh_fiber_01",
          "count":1,
          "charge":-1,
          "enchantmentCharge":-1,
          "soul":""
        }]
    }
  },
  "loadState":{
    "hasFullContainerData":true,
    "hasFullActorList":true
  }
}