{
  "packets":{
    "actorList":["295995-0","41610-0","41609-0","41618-0","428719-0","41611-0","428720-0","41619-0","428718-0"],
    "ai":[],
    "cellChangeFrom":[],
    "cellChangeTo":[],
    "container":["34022-0","34026-0","34031-0","34032-0","34034-0","34041-0","34043-0","34045-0","34048-0","34051-0","40096-0","41385-0","41386-0","41387-0","41388-0","41389-0","41390-0","41391-0","41392-0","41393-0","41394-0","41395-0","41396-0","41397-0","41398-0","41399-0","41402-0","41403-0","41405-0","41406-0","41407-0","41410-0","41411-0","41412-0","41413-0","41414-0","41415-0","41416-0","41417-0","41418-0","41419-0","41420-0","41421-0","41422-0","41423-0","41425-0","41426-0","41427-0","41428-0","41429-0","41430-0","41432-0","41433-0","41434-0","41435-0","41436-0","41437-0","41438-0","41439-0","41440-0","41441-0","41442-0","41443-0","41431-0","41424-0","40095-0","34049-0","41404-0","40115-0","34040-0","41610-0","41611-0","41618-0","41619-0","41609-0","295995-0","428718-0","428719-0","428720-0"],
    "death":[],
    "delete":[],
    "doorState":[],
    "equipment":["295995-0","41610-0","41609-0","41618-0","428719-0","41611-0","428720-0","41619-0","428718-0"],
    "lock":[],
    "place":[],
    "position":["295995-0","41609-0","41610-0","41611-0","41618-0","41619-0","428718-0","428719-0","428720-0"],
    "scale":[],
    "spawn":[],
    "state":[],
    "statsDynamic":["295995-0","41609-0","41610-0","41611-0","41618-0","41619-0","428718-0","428719-0","428720-0"],
    "trap":[],
    "spellsActive":[],
    "miscellaneous":["428720-0"],
    "clientScriptLocal":[]
  },
  "entry":{
    "creationTime":1670164168,
    "description":"-3, -2"
  },
  "lastVisit":{
    "focal01":1670197903
  },
  "recordLinks":[],
  "objectData":{
    "41424-0":{
      "refId":"crate_02_food",
      "inventory":[{
          "refId":"food_kwama_egg_01",
          "count":3,
          "charge":-1,
          "enchantmentCharge":-1,
          "soul":""
        }]
    },
    "41618-0":{
      "refId":"shargam gro-shagdulg",
      "location":{
        "posX":-22260.302734375,
        "posZ":505,
        "posY":-12477.53125,
        "rotX":0,
        "rotY":0,
        "rotZ":3.1831870079041
      },
      "stats":{
        "healthCurrent":58,
        "magickaCurrent":62,
        "healthModified":58,
        "fatigueBase":194,
        "fatigueModified":194,
        "healthBase":58,
        "magickaModified":62,
        "magickaBase":62,
        "fatigueCurrent":194
      },
      "equipment":{
        "5":{
          "refId":"common_glove_left_01",
          "count":1,
          "charge":-1,
          "enchantmentCharge":-1
        },
        "6":{
          "refId":"common_glove_right_01",
          "count":1,
          "charge":-1,
          "enchantmentCharge":-1
        },
        "7":{
          "refId":"common_shoes_03",
          "count":1,
          "charge":-1,
          "enchantmentCharge":-1
        },
        "8":{
          "refId":"common_shirt_03",
          "count":1,
          "charge":-1,
          "enchantmentCharge":-1
        },
        "9":{
          "refId":"common_pants_02",
          "count":1,
          "charge":-1,
          "enchantmentCharge":-1
        },
        "15":{
          "refId":"common_belt_05",
          "count":1,
          "charge":-1,
          "enchantmentCharge":-1
        }
      },
      "inventory":[{
          "refId":"common_glove_left_01",
          "count":1,
          "charge":-1,
          "enchantmentCharge":-1,
          "soul":""
        },{
          "refId":"common_glove_right_01",
          "count":1,
          "charge":-1,
          "enchantmentCharge":-1,
          "soul":""
        },{
          "refId":"common_belt_05",
          "count":1,
          "charge":-1,
          "enchantmentCharge":-1,
          "soul":""
        },{
          "refId":"common_shirt_03",
          "count":1,
          "charge":-1,
          "enchantmentCharge":-1,
          "soul":""
        },{
          "refId":"common_shoes_03",
          "count":1,
          "charge":-1,
          "enchantmentCharge":-1,
          "soul":""
        },{
          "refId":"common_pants_02",
          "count":1,
          "charge":-1,
          "enchantmentCharge":-1,
          "soul":""
        }]
    },
    "41611-0":{
      "refId":"dralosa athren",
      "location":{
        "posX":-19298.01953125,
        "posZ":273.00006103516,
        "posY":-14888.01171875,
        "rotX":0.012459354475141,
        "rotY":0,
        "rotZ":-1.5708148479462
      },
      "stats":{
        "healthCurrent":45,
        "magickaCurrent":84,
        "healthModified":45,
        "fatigueBase":160,
        "fatigueModified":160,
        "healthBase":45,
        "magickaModified":84,
        "magickaBase":84,
        "fatigueCurrent":160
      },
      "equipment":{
        "7":{
          "refId":"common_shoes_04",
          "count":1,
          "charge":-1,
          "enchantmentCharge":-1
        },
        "11":{
          "refId":"common_robe_05",
          "count":1,
          "charge":-1,
          "enchantmentCharge":-1
        },
        "12":{
          "refId":"common_ring_03",
          "count":1,
          "charge":-1,
          "enchantmentCharge":-1
        }
      },
      "inventory":[{
          "refId":"common_ring_03",
          "count":1,
          "charge":-1,
          "enchantmentCharge":-1,
          "soul":""
        },{
          "refId":"common_robe_05",
          "count":1,
          "charge":-1,
          "enchantmentCharge":-1,
          "soul":""
        },{
          "refId":"common_shoes_04",
          "count":1,
          "charge":-1,
          "enchantmentCharge":-1,
          "soul":""
        }]
    },
    "41411-0":{
      "refId":"crate_01_random_pos",
      "inventory":[{
          "refId":"misc_com_wood_spoon_02",
          "count":1,
          "charge":-1,
          "enchantmentCharge":-1,
          "soul":""
        },{
          "refId":"misc_com_bottle_10",
          "count":1,
          "charge":-1,
          "enchantmentCharge":-1,
          "soul":""
        },{
          "refId":"misc_soulgem_petty",
          "count":1,
          "charge":-1,
          "enchantmentCharge":-1,
          "soul":""
        },{
          "refId":"misc_com_redware_vase",
          "count":1,
          "charge":-1,
          "enchantmentCharge":-1,
          "soul":""
        },{
          "refId":"misc_com_wood_cup_01",
          "count":1,
          "charge":-1,
          "enchantmentCharge":-1,
          "soul":""
        },{
          "refId":"misc_com_bottle_15",
          "count":1,
          "charge":-1,
          "enchantmentCharge":-1,
          "soul":""
        },{
          "refId":"gold_001",
          "count":3,
          "charge":-1,
          "enchantmentCharge":-1,
          "soul":""
        }]
    },
    "34022-0":{
      "refId":"com_basket_01_empty",
      "inventory":[]
    },
    "41420-0":{
      "refId":"crate_02_empty",
      "inventory":[]
    },
    "41416-0":{
      "refId":"crate_01_random_pos",
      "inventory":[{
          "refId":"sc_paper plain",
          "count":1,
          "charge":-1,
          "enchantmentCharge":-1,
          "soul":""
        },{
          "refId":"misc_com_wood_cup_01",
          "count":1,
          "charge":-1,
          "enchantmentCharge":-1,
          "soul":""
        },{
          "refId":"misc_com_basket_02",
          "count":2,
          "charge":-1,
          "enchantmentCharge":-1,
          "soul":""
        },{
          "refId":"misc_com_bottle_15",
          "count":1,
          "charge":-1,
          "enchantmentCharge":-1,
          "soul":""
        },{
          "refId":"misc_com_pitcher_metal_01",
          "count":1,
          "charge":-1,
          "enchantmentCharge":-1,
          "soul":""
        },{
          "refId":"gold_001",
          "count":2,
          "charge":-1,
          "enchantmentCharge":-1,
          "soul":""
        }]
    },
    "41428-0":{
      "refId":"crate_01_empty",
      "inventory":[]
    },
    "41405-0":{
      "refId":"crate_02_random_pos",
      "inventory":[{
          "refId":"misc_com_basket_02",
          "count":1,
          "charge":-1,
          "enchantmentCharge":-1,
          "soul":""
        },{
          "refId":"misc_com_metal_goblet_01",
          "count":2,
          "charge":-1,
          "enchantmentCharge":-1,
          "soul":""
        },{
          "refId":"misc_com_pitcher_metal_01",
          "count":1,
          "charge":-1,
          "enchantmentCharge":-1,
          "soul":""
        },{
          "refId":"misc_soulgem_petty",
          "count":1,
          "charge":-1,
          "enchantmentCharge":-1,
          "soul":""
        },{
          "refId":"misc_com_wood_spoon_02",
          "count":1,
          "charge":-1,
          "enchantmentCharge":-1,
          "soul":""
        },{
          "refId":"gold_001",
          "count":9,
          "charge":-1,
          "enchantmentCharge":-1,
          "soul":""
        }]
    },
    "41430-0":{
      "refId":"crate_02_empty",
      "inventory":[]
    },
    "41438-0":{
      "refId":"crate_02_random_pos",
      "inventory":[{
          "refId":"p_restore_personality_e",
          "count":1,
          "charge":-1,
          "enchantmentCharge":-1,
          "soul":""
        },{
          "refId":"misc_com_wood_bowl_04",
          "count":2,
          "charge":-1,
          "enchantmentCharge":-1,
          "soul":""
        },{
          "refId":"misc_soulgem_petty",
          "count":1,
          "charge":-1,
          "enchantmentCharge":-1,
          "soul":""
        },{
          "refId":"misc_com_bottle_15",
          "count":1,
          "charge":-1,
          "enchantmentCharge":-1,
          "soul":""
        },{
          "refId":"misc_com_plate_01",
          "count":1,
          "charge":-1,
          "enchantmentCharge":-1,
          "soul":""
        },{
          "refId":"gold_001",
          "count":8,
          "charge":-1,
          "enchantmentCharge":-1,
          "soul":""
        }]
    },
    "41406-0":{
      "refId":"crate_01_random_pos",
      "inventory":[{
          "refId":"misc_com_redware_cup",
          "count":3,
          "charge":-1,
          "enchantmentCharge":-1,
          "soul":""
        },{
          "refId":"misc_com_metal_goblet_01",
          "count":1,
          "charge":-1,
          "enchantmentCharge":-1,
          "soul":""
        },{
          "refId":"misc_com_bottle_10",
          "count":1,
          "charge":-1,
          "enchantmentCharge":-1,
          "soul":""
        },{
          "refId":"gold_001",
          "count":3,
          "charge":-1,
          "enchantmentCharge":-1,
          "soul":""
        }]
    },
    "41412-0":{
      "refId":"crate_02_random_pos",
      "inventory":[{
          "refId":"bookskill_mercantile2",
          "count":1,
          "charge":-1,
          "enchantmentCharge":-1,
          "soul":""
        },{
          "refId":"misc_com_redware_cup",
          "count":1,
          "charge":-1,
          "enchantmentCharge":-1,
          "soul":""
        },{
          "refId":"misc_com_redware_vase",
          "count":1,
          "charge":-1,
          "enchantmentCharge":-1,
          "soul":""
        },{
          "refId":"misc_com_metal_goblet_01",
          "count":1,
          "charge":-1,
          "enchantmentCharge":-1,
          "soul":""
        },{
          "refId":"misc_com_bottle_15",
          "count":1,
          "charge":-1,
          "enchantmentCharge":-1,
          "soul":""
        },{
          "refId":"misc_com_wood_bowl_04",
          "count":1,
          "charge":-1,
          "enchantmentCharge":-1,
          "soul":""
        },{
          "refId":"misc_com_plate_01",
          "count":1,
          "charge":-1,
          "enchantmentCharge":-1,
          "soul":""
        },{
          "refId":"gold_001",
          "count":4,
          "charge":-1,
          "enchantmentCharge":-1,
          "soul":""
        }]
    },
    "34048-0":{
      "refId":"urn_03_food",
      "inventory":[{
          "refId":"ingred_saltrice_01",
          "count":2,
          "charge":-1,
          "enchantmentCharge":-1,
          "soul":""
        }]
    },
    "41440-0":{
      "refId":"crate_02_random_pos",
      "inventory":[{
          "refId":"misc_com_metal_goblet_01",
          "count":3,
          "charge":-1,
          "enchantmentCharge":-1,
          "soul":""
        },{
          "refId":"misc_com_basket_02",
          "count":1,
          "charge":-1,
          "enchantmentCharge":-1,
          "soul":""
        },{
          "refId":"misc_com_bottle_10",
          "count":1,
          "charge":-1,
          "enchantmentCharge":-1,
          "soul":""
        },{
          "refId":"misc_com_pitcher_metal_01",
          "count":1,
          "charge":-1,
          "enchantmentCharge":-1,
          "soul":""
        },{
          "refId":"gold_001",
          "count":6,
          "charge":-1,
          "enchantmentCharge":-1,
          "soul":""
        }]
    },
    "41421-0":{
      "refId":"crate_01_food",
      "inventory":[{
          "refId":"ingred_rat_meat_01",
          "count":4,
          "charge":-1,
          "enchantmentCharge":-1,
          "soul":""
        }]
    },
    "41436-0":{
      "refId":"crate_02_random_pos",
      "inventory":[{
          "refId":"misc_com_metal_goblet_01",
          "count":2,
          "charge":-1,
          "enchantmentCharge":-1,
          "soul":""
        },{
          "refId":"misc_com_bottle_10",
          "count":1,
          "charge":-1,
          "enchantmentCharge":-1,
          "soul":""
        },{
          "refId":"misc_com_redware_vase",
          "count":1,
          "charge":-1,
          "enchantmentCharge":-1,
          "soul":""
        },{
          "refId":"misc_com_plate_01",
          "count":1,
          "charge":-1,
          "enchantmentCharge":-1,
          "soul":""
        },{
          "refId":"misc_com_pitcher_metal_01",
          "count":1,
          "charge":-1,
          "enchantmentCharge":-1,
          "soul":""
        },{
          "refId":"gold_001",
          "count":6,
          "charge":-1,
          "enchantmentCharge":-1,
          "soul":""
        }]
    },
    "41429-0":{
      "refId":"crate_01_eggs",
      "inventory":[{
          "refId":"food_kwama_egg_02",
          "count":1,
          "charge":-1,
          "enchantmentCharge":-1,
          "soul":""
        }]
    },
    "41414-0":{
      "refId":"crate_01_random_pos",
      "inventory":[{
          "refId":"sc_paper plain",
          "count":1,
          "charge":-1,
          "enchantmentCharge":-1,
          "soul":""
        },{
          "refId":"misc_com_metal_goblet_01",
          "count":1,
          "charge":-1,
          "enchantmentCharge":-1,
          "soul":""
        },{
          "refId":"misc_com_bottle_15",
          "count":1,
          "charge":-1,
          "enchantmentCharge":-1,
          "soul":""
        },{
          "refId":"misc_com_redware_vase",
          "count":1,
          "charge":-1,
          "enchantmentCharge":-1,
          "soul":""
        },{
          "refId":"gold_001",
          "count":1,
          "charge":-1,
          "enchantmentCharge":-1,
          "soul":""
        }]
    },
    "41435-0":{
      "refId":"crate_02_random_pos",
      "inventory":[{
          "refId":"misc_soulgem_petty",
          "count":1,
          "charge":-1,
          "enchantmentCharge":-1,
          "soul":""
        },{
          "refId":"misc_com_basket_02",
          "count":1,
          "charge":-1,
          "enchantmentCharge":-1,
          "soul":""
        },{
          "refId":"misc_com_pitcher_metal_01",
          "count":1,
          "charge":-1,
          "enchantmentCharge":-1,
          "soul":""
        },{
          "refId":"misc_com_metal_goblet_01",
          "count":1,
          "charge":-1,
          "enchantmentCharge":-1,
          "soul":""
        },{
          "refId":"misc_com_bottle_10",
          "count":1,
          "charge":-1,
          "enchantmentCharge":-1,
          "soul":""
        },{
          "refId":"misc_com_wood_spoon_02",
          "count":1,
          "charge":-1,
          "enchantmentCharge":-1,
          "soul":""
        },{
          "refId":"gold_001",
          "count":5,
          "charge":-1,
          "enchantmentCharge":-1,
          "soul":""
        }]
    },
    "34032-0":{
      "refId":"com_basket_01_empty",
      "inventory":[]
    },
    "41427-0":{
      "refId":"crate_01_empty",
      "inventory":[]
    },
    "41426-0":{
      "refId":"crate_02_food",
      "inventory":[{
          "refId":"food_kwama_egg_02",
          "count":3,
          "charge":-1,
          "enchantmentCharge":-1,
          "soul":""
        }]
    },
    "34043-0":{
      "refId":"com_basket_01_empty",
      "inventory":[]
    },
    "34031-0":{
      "refId":"com_basket_01_empty",
      "inventory":[]
    },
    "34049-0":{
      "refId":"urn_02_food",
      "inventory":[{
          "refId":"ingred_saltrice_01",
          "count":4,
          "charge":-1,
          "enchantmentCharge":-1,
          "soul":""
        }]
    },
    "41386-0":{
      "refId":"crate_02_food",
      "inventory":[{
          "refId":"ingred_saltrice_01",
          "count":3,
          "charge":-1,
          "enchantmentCharge":-1,
          "soul":""
        }]
    },
    "34045-0":{
      "refId":"urn_03_food",
      "inventory":[{
          "refId":"ingred_hackle-lo_leaf_01",
          "count":2,
          "charge":-1,
          "enchantmentCharge":-1,
          "soul":""
        }]
    },
    "41437-0":{
      "refId":"crate_01_eggs",
      "inventory":[{
          "refId":"food_kwama_egg_02",
          "count":1,
          "charge":-1,
          "enchantmentCharge":-1,
          "soul":""
        }]
    },
    "41403-0":{
      "refId":"crate_01_food",
      "inventory":[{
          "refId":"ingred_saltrice_01",
          "count":4,
          "charge":-1,
          "enchantmentCharge":-1,
          "soul":""
        }]
    },
    "41388-0":{
      "refId":"crate_01_food_misc01",
      "inventory":[{
          "refId":"ingred_marshmerrow_01",
          "count":7,
          "charge":-1,
          "enchantmentCharge":-1,
          "soul":""
        },{
          "refId":"ingred_rat_meat_01",
          "count":3,
          "charge":-1,
          "enchantmentCharge":-1,
          "soul":""
        },{
          "refId":"ingred_saltrice_01",
          "count":8,
          "charge":-1,
          "enchantmentCharge":-1,
          "soul":""
        }]
    },
    "428718-0":{
      "refId":"hlaalu guard_outside",
      "location":{
        "posX":-17288.396484375,
        "posZ":169,
        "posY":-13661.055664063,
        "rotX":0.001498588360846,
        "rotY":0,
        "rotZ":0.16327404975891
      },
      "stats":{
        "healthCurrent":210,
        "magickaCurrent":122,
        "healthModified":210,
        "fatigueBase":307,
        "fatigueModified":307,
        "healthBase":210,
        "magickaModified":122,
        "magickaBase":122,
        "fatigueCurrent":307
      },
      "equipment":{
        "0":{
          "refId":"bonemold_armun-an_helm",
          "count":1,
          "charge":-1,
          "enchantmentCharge":-1
        },
        "1":{
          "refId":"bonemold_armun-an_cuirass",
          "count":1,
          "charge":-1,
          "enchantmentCharge":-1
        },
        "2":{
          "refId":"bonemold_greaves",
          "count":1,
          "charge":-1,
          "enchantmentCharge":-1
        },
        "3":{
          "refId":"bonemold_armun-an_pauldron_l",
          "count":1,
          "charge":-1,
          "enchantmentCharge":-1
        },
        "4":{
          "refId":"bonemold_armun-an_pauldron_r",
          "count":1,
          "charge":-1,
          "enchantmentCharge":-1
        },
        "5":{
          "refId":"bonemold_bracer_left",
          "count":1,
          "charge":-1,
          "enchantmentCharge":-1
        },
        "6":{
          "refId":"bonemold_bracer_right",
          "count":1,
          "charge":-1,
          "enchantmentCharge":-1
        },
        "7":{
          "refId":"bonemold_boots",
          "count":1,
          "charge":-1,
          "enchantmentCharge":-1
        },
        "9":{
          "refId":"expensive_pants_01_e",
          "count":1,
          "charge":-1,
          "enchantmentCharge":-1
        },
        "16":{
          "refId":"steel longsword",
          "count":1,
          "charge":-1,
          "enchantmentCharge":-1
        },
        "17":{
          "refId":"bonemold_tshield_hlaaluguard",
          "count":1,
          "charge":-1,
          "enchantmentCharge":-1
        }
      },
      "inventory":[{
          "refId":"bonemold_bracer_right",
          "count":1,
          "charge":-1,
          "enchantmentCharge":-1,
          "soul":""
        },{
          "refId":"bonemold_bracer_left",
          "count":1,
          "charge":-1,
          "enchantmentCharge":-1,
          "soul":""
        },{
          "refId":"bonemold_tshield_hlaaluguard",
          "count":1,
          "charge":-1,
          "enchantmentCharge":-1,
          "soul":""
        },{
          "refId":"bonemold_boots",
          "count":1,
          "charge":-1,
          "enchantmentCharge":-1,
          "soul":""
        },{
          "refId":"bonemold_greaves",
          "count":1,
          "charge":-1,
          "enchantmentCharge":-1,
          "soul":""
        },{
          "refId":"bonemold_armun-an_pauldron_r",
          "count":1,
          "charge":-1,
          "enchantmentCharge":-1,
          "soul":""
        },{
          "refId":"bonemold_armun-an_pauldron_l",
          "count":1,
          "charge":-1,
          "enchantmentCharge":-1,
          "soul":""
        },{
          "refId":"bonemold_armun-an_cuirass",
          "count":1,
          "charge":-1,
          "enchantmentCharge":-1,
          "soul":""
        },{
          "refId":"bonemold_armun-an_helm",
          "count":1,
          "charge":-1,
          "enchantmentCharge":-1,
          "soul":""
        },{
          "refId":"expensive_pants_01_e",
          "count":1,
          "charge":-1,
          "enchantmentCharge":-1,
          "soul":""
        },{
          "refId":"torch_infinite_time",
          "count":1,
          "charge":-1,
          "enchantmentCharge":-1,
          "soul":""
        },{
          "refId":"steel longsword",
          "count":1,
          "charge":-1,
          "enchantmentCharge":-1,
          "soul":""
        }]
    },
    "41439-0":{
      "refId":"crate_02_random_pos",
      "inventory":[{
          "refId":"misc_com_plate_01",
          "count":1,
          "charge":-1,
          "enchantmentCharge":-1,
          "soul":""
        },{
          "refId":"misc_com_redware_vase",
          "count":1,
          "charge":-1,
          "enchantmentCharge":-1,
          "soul":""
        },{
          "refId":"misc_com_bottle_15",
          "count":1,
          "charge":-1,
          "enchantmentCharge":-1,
          "soul":""
        },{
          "refId":"gold_001",
          "count":8,
          "charge":-1,
          "enchantmentCharge":-1,
          "soul":""
        },{
          "refId":"misc_com_wood_cup_01",
          "count":1,
          "charge":-1,
          "enchantmentCharge":-1,
          "soul":""
        },{
          "refId":"misc_com_metal_goblet_01",
          "count":1,
          "charge":-1,
          "enchantmentCharge":-1,
          "soul":""
        }]
    },
    "428720-0":{
      "refId":"hlaalu guard_outside",
      "location":{
        "posX":-21961.63671875,
        "posZ":469.85992431641,
        "posY":-14960.424804688,
        "rotX":0,
        "rotY":0,
        "rotZ":-0.68589377403259
      },
      "stats":{
        "healthCurrent":210,
        "magickaCurrent":122,
        "healthModified":210,
        "fatigueBase":307,
        "fatigueModified":307,
        "healthBase":210,
        "magickaModified":122,
        "magickaBase":122,
        "fatigueCurrent":307
      },
      "equipment":{
        "0":{
          "refId":"bonemold_armun-an_helm",
          "count":1,
          "charge":-1,
          "enchantmentCharge":-1
        },
        "1":{
          "refId":"bonemold_armun-an_cuirass",
          "count":1,
          "charge":-1,
          "enchantmentCharge":-1
        },
        "2":{
          "refId":"bonemold_greaves",
          "count":1,
          "charge":-1,
          "enchantmentCharge":-1
        },
        "3":{
          "refId":"bonemold_armun-an_pauldron_l",
          "count":1,
          "charge":-1,
          "enchantmentCharge":-1
        },
        "4":{
          "refId":"bonemold_armun-an_pauldron_r",
          "count":1,
          "charge":-1,
          "enchantmentCharge":-1
        },
        "5":{
          "refId":"bonemold_bracer_left",
          "count":1,
          "charge":-1,
          "enchantmentCharge":-1
        },
        "6":{
          "refId":"bonemold_bracer_right",
          "count":1,
          "charge":-1,
          "enchantmentCharge":-1
        },
        "7":{
          "refId":"bonemold_boots",
          "count":1,
          "charge":-1,
          "enchantmentCharge":-1
        },
        "9":{
          "refId":"expensive_pants_01_e",
          "count":1,
          "charge":-1,
          "enchantmentCharge":-1
        },
        "16":{
          "refId":"steel longsword",
          "count":1,
          "charge":-1,
          "enchantmentCharge":-1
        },
        "17":{
          "refId":"bonemold_tshield_hlaaluguard",
          "count":1,
          "charge":-1,
          "enchantmentCharge":-1
        }
      },
      "inventory":[{
          "refId":"bonemold_bracer_right",
          "count":1,
          "charge":-1,
          "enchantmentCharge":-1,
          "soul":""
        },{
          "refId":"bonemold_bracer_left",
          "count":1,
          "charge":-1,
          "enchantmentCharge":-1,
          "soul":""
        },{
          "refId":"bonemold_tshield_hlaaluguard",
          "count":1,
          "charge":-1,
          "enchantmentCharge":-1,
          "soul":""
        },{
          "refId":"bonemold_boots",
          "count":1,
          "charge":-1,
          "enchantmentCharge":-1,
          "soul":""
        },{
          "refId":"bonemold_greaves",
          "count":1,
          "charge":-1,
          "enchantmentCharge":-1,
          "soul":""
        },{
          "refId":"bonemold_armun-an_pauldron_r",
          "count":1,
          "charge":-1,
          "enchantmentCharge":-1,
          "soul":""
        },{
          "refId":"bonemold_armun-an_pauldron_l",
          "count":1,
          "charge":-1,
          "enchantmentCharge":-1,
          "soul":""
        },{
          "refId":"bonemold_armun-an_cuirass",
          "count":1,
          "charge":-1,
          "enchantmentCharge":-1,
          "soul":""
        },{
          "refId":"bonemold_armun-an_helm",
          "count":1,
          "charge":-1,
          "enchantmentCharge":-1,
          "soul":""
        },{
          "refId":"expensive_pants_01_e",
          "count":1,
          "charge":-1,
          "enchantmentCharge":-1,
          "soul":""
        },{
          "refId":"torch_infinite_time",
          "count":1,
          "charge":-1,
          "enchantmentCharge":-1,
          "soul":""
        },{
          "refId":"steel longsword",
          "count":1,
          "charge":-1,
          "enchantmentCharge":-1,
          "soul":""
        }],
      "goldPool":0,
      "lastGoldRestockHour":15.575174331665,
      "lastGoldRestockDay":2
    },
    "41433-0":{
      "refId":"crate_01_eggs",
      "inventory":[{
          "refId":"food_kwama_egg_02",
          "count":1,
          "charge":-1,
          "enchantmentCharge":-1,
          "soul":""
        }]
    },
    "41396-0":{
      "refId":"crate_01_random_pos",
      "inventory":[{
          "refId":"sc_paper plain",
          "count":1,
          "charge":-1,
          "enchantmentCharge":-1,
          "soul":""
        },{
          "refId":"misc_soulgem_petty",
          "count":1,
          "charge":-1,
          "enchantmentCharge":-1,
          "soul":""
        },{
          "refId":"misc_com_bottle_10",
          "count":1,
          "charge":-1,
          "enchantmentCharge":-1,
          "soul":""
        },{
          "refId":"misc_com_metal_goblet_01",
          "count":1,
          "charge":-1,
          "enchantmentCharge":-1,
          "soul":""
        },{
          "refId":"misc_com_basket_02",
          "count":1,
          "charge":-1,
          "enchantmentCharge":-1,
          "soul":""
        },{
          "refId":"misc_com_wood_cup_01",
          "count":1,
          "charge":-1,
          "enchantmentCharge":-1,
          "soul":""
        },{
          "refId":"gold_001",
          "count":3,
          "charge":-1,
          "enchantmentCharge":-1,
          "soul":""
        }]
    },
    "41399-0":{
      "refId":"crate_01_random_pos",
      "inventory":[{
          "refId":"misc_com_bottle_15",
          "count":1,
          "charge":-1,
          "enchantmentCharge":-1,
          "soul":""
        },{
          "refId":"misc_soulgem_petty",
          "count":1,
          "charge":-1,
          "enchantmentCharge":-1,
          "soul":""
        },{
          "refId":"misc_com_redware_vase",
          "count":1,
          "charge":-1,
          "enchantmentCharge":-1,
          "soul":""
        },{
          "refId":"misc_com_redware_cup",
          "count":1,
          "charge":-1,
          "enchantmentCharge":-1,
          "soul":""
        },{
          "refId":"misc_com_metal_goblet_01",
          "count":1,
          "charge":-1,
          "enchantmentCharge":-1,
          "soul":""
        },{
          "refId":"gold_001",
          "count":1,
          "charge":-1,
          "enchantmentCharge":-1,
          "soul":""
        }]
    },
    "41390-0":{
      "refId":"crate_02_random_pos",
      "inventory":[{
          "refId":"misc_com_redware_vase",
          "count":1,
          "charge":-1,
          "enchantmentCharge":-1,
          "soul":""
        },{
          "refId":"misc_com_metal_goblet_01",
          "count":1,
          "charge":-1,
          "enchantmentCharge":-1,
          "soul":""
        },{
          "refId":"misc_soulgem_petty",
          "count":1,
          "charge":-1,
          "enchantmentCharge":-1,
          "soul":""
        },{
          "refId":"misc_com_redware_cup",
          "count":1,
          "charge":-1,
          "enchantmentCharge":-1,
          "soul":""
        },{
          "refId":"misc_com_wood_cup_01",
          "count":1,
          "charge":-1,
          "enchantmentCharge":-1,
          "soul":""
        },{
          "refId":"gold_001",
          "count":3,
          "charge":-1,
          "enchantmentCharge":-1,
          "soul":""
        }]
    },
    "41394-0":{
      "refId":"crate_02_random_pos",
      "inventory":[{
          "refId":"gold_001",
          "count":7,
          "charge":-1,
          "enchantmentCharge":-1,
          "soul":""
        },{
          "refId":"misc_com_metal_goblet_01",
          "count":1,
          "charge":-1,
          "enchantmentCharge":-1,
          "soul":""
        },{
          "refId":"misc_com_basket_02",
          "count":1,
          "charge":-1,
          "enchantmentCharge":-1,
          "soul":""
        },{
          "refId":"misc_com_plate_01",
          "count":1,
          "charge":-1,
          "enchantmentCharge":-1,
          "soul":""
        },{
          "refId":"misc_com_bottle_15",
          "count":2,
          "charge":-1,
          "enchantmentCharge":-1,
          "soul":""
        }]
    },
    "41402-0":{
      "refId":"crate_02_random_pos",
      "inventory":[{
          "refId":"p_restore_endurance_q",
          "count":1,
          "charge":-1,
          "enchantmentCharge":-1,
          "soul":""
        },{
          "refId":"misc_com_plate_01",
          "count":2,
          "charge":-1,
          "enchantmentCharge":-1,
          "soul":""
        },{
          "refId":"misc_com_bottle_10",
          "count":1,
          "charge":-1,
          "enchantmentCharge":-1,
          "soul":""
        },{
          "refId":"misc_com_redware_vase",
          "count":1,
          "charge":-1,
          "enchantmentCharge":-1,
          "soul":""
        },{
          "refId":"misc_com_metal_goblet_01",
          "count":1,
          "charge":-1,
          "enchantmentCharge":-1,
          "soul":""
        },{
          "refId":"misc_com_wood_cup_01",
          "count":1,
          "charge":-1,
          "enchantmentCharge":-1,
          "soul":""
        },{
          "refId":"gold_001",
          "count":7,
          "charge":-1,
          "enchantmentCharge":-1,
          "soul":""
        }]
    },
    "34026-0":{
      "refId":"com_basket_01_empty",
      "inventory":[]
    },
    "41419-0":{
      "refId":"crate_02_empty",
      "inventory":[]
    },
    "40115-0":{
      "refId":"urn_05_food",
      "inventory":[{
          "refId":"food_kwama_egg_02",
          "count":2,
          "charge":-1,
          "enchantmentCharge":-1,
          "soul":""
        },{
          "refId":"ingred_saltrice_01",
          "count":2,
          "charge":-1,
          "enchantmentCharge":-1,
          "soul":""
        }]
    },
    "41417-0":{
      "refId":"crate_01_random_pos",
      "inventory":[{
          "refId":"sc_paper plain",
          "count":1,
          "charge":-1,
          "enchantmentCharge":-1,
          "soul":""
        },{
          "refId":"misc_com_wood_cup_01",
          "count":1,
          "charge":-1,
          "enchantmentCharge":-1,
          "soul":""
        },{
          "refId":"misc_com_bottle_15",
          "count":1,
          "charge":-1,
          "enchantmentCharge":-1,
          "soul":""
        },{
          "refId":"misc_com_wood_bowl_04",
          "count":1,
          "charge":-1,
          "enchantmentCharge":-1,
          "soul":""
        },{
          "refId":"misc_com_plate_01",
          "count":1,
          "charge":-1,
          "enchantmentCharge":-1,
          "soul":""
        },{
          "refId":"gold_001",
          "count":3,
          "charge":-1,
          "enchantmentCharge":-1,
          "soul":""
        }]
    },
    "41425-0":{
      "refId":"crate_02_random_pos",
      "inventory":[{
          "refId":"sc_paper plain",
          "count":1,
          "charge":-1,
          "enchantmentCharge":-1,
          "soul":""
        },{
          "refId":"misc_com_redware_cup",
          "count":1,
          "charge":-1,
          "enchantmentCharge":-1,
          "soul":""
        },{
          "refId":"misc_soulgem_petty",
          "count":1,
          "charge":-1,
          "enchantmentCharge":-1,
          "soul":""
        },{
          "refId":"misc_com_wood_cup_01",
          "count":1,
          "charge":-1,
          "enchantmentCharge":-1,
          "soul":""
        },{
          "refId":"misc_com_redware_vase",
          "count":1,
          "charge":-1,
          "enchantmentCharge":-1,
          "soul":""
        },{
          "refId":"misc_com_bottle_15",
          "count":1,
          "charge":-1,
          "enchantmentCharge":-1,
          "soul":""
        },{
          "refId":"gold_001",
          "count":5,
          "charge":-1,
          "enchantmentCharge":-1,
          "soul":""
        }]
    },
    "34040-0":{
      "refId":"urn_02_ingred",
      "inventory":[{
          "refId":"ingred_bittergreen_petals_01",
          "count":1,
          "charge":-1,
          "enchantmentCharge":-1,
          "soul":""
        },{
          "refId":"ingred_roobrush_01",
          "count":1,
          "charge":-1,
          "enchantmentCharge":-1,
          "soul":""
        },{
          "refId":"ingred_scuttle_01",
          "count":1,
          "charge":-1,
          "enchantmentCharge":-1,
          "soul":""
        }]
    },
    "34041-0":{
      "refId":"urn_03_food",
      "inventory":[{
          "refId":"ingred_scuttle_01",
          "count":2,
          "charge":-1,
          "enchantmentCharge":-1,
          "soul":""
        }]
    },
    "41387-0":{
      "refId":"crate_02_food",
      "inventory":[{
          "refId":"ingred_saltrice_01",
          "count":3,
          "charge":-1,
          "enchantmentCharge":-1,
          "soul":""
        }]
    },
    "41392-0":{
      "refId":"crate_01_random_pos",
      "inventory":[{
          "refId":"misc_com_wood_cup_01",
          "count":1,
          "charge":-1,
          "enchantmentCharge":-1,
          "soul":""
        },{
          "refId":"misc_com_wood_spoon_02",
          "count":1,
          "charge":-1,
          "enchantmentCharge":-1,
          "soul":""
        },{
          "refId":"misc_com_redware_vase",
          "count":1,
          "charge":-1,
          "enchantmentCharge":-1,
          "soul":""
        },{
          "refId":"misc_com_redware_cup",
          "count":1,
          "charge":-1,
          "enchantmentCharge":-1,
          "soul":""
        },{
          "refId":"misc_com_metal_goblet_01",
          "count":1,
          "charge":-1,
          "enchantmentCharge":-1,
          "soul":""
        },{
          "refId":"misc_com_wood_bowl_04",
          "count":1,
          "charge":-1,
          "enchantmentCharge":-1,
          "soul":""
        },{
          "refId":"gold_001",
          "count":3,
          "charge":-1,
          "enchantmentCharge":-1,
          "soul":""
        }]
    },
    "41609-0":{
      "refId":"balyn omavel",
      "location":{
        "posX":-17094,
        "posZ":161,
        "posY":-11810.379882813,
        "rotX":0,
        "rotY":0,
        "rotZ":-0.29072403907776
      },
      "stats":{
        "healthCurrent":88,
        "magickaCurrent":126,
        "healthModified":88,
        "fatigueBase":213,
        "fatigueModified":213,
        "healthBase":88,
        "magickaModified":126,
        "magickaBase":126,
        "fatigueCurrent":213
      },
      "equipment":{
        "7":{
          "refId":"common_shoes_05",
          "count":1,
          "charge":-1,
          "enchantmentCharge":-1
        },
        "8":{
          "refId":"common_shirt_02_t",
          "count":1,
          "charge":-1,
          "enchantmentCharge":-1
        },
        "16":{
          "refId":"dire flameblade",
          "count":1,
          "charge":-1,
          "enchantmentCharge":-1
        },
        "9":{
          "refId":"common_pants_05",
          "count":1,
          "charge":-1,
          "enchantmentCharge":-1
        }
      },
      "inventory":[{
          "refId":"common_shirt_02_t",
          "count":1,
          "charge":-1,
          "enchantmentCharge":-1,
          "soul":""
        },{
          "refId":"common_shoes_05",
          "count":1,
          "charge":-1,
          "enchantmentCharge":-1,
          "soul":""
        },{
          "refId":"common_pants_05",
          "count":1,
          "charge":-1,
          "enchantmentCharge":-1,
          "soul":""
        },{
          "refId":"gold_001",
          "count":22,
          "charge":-1,
          "enchantmentCharge":-1,
          "soul":""
        },{
          "refId":"dire flameblade",
          "count":1,
          "charge":-1,
          "enchantmentCharge":-1,
          "soul":""
        }]
    },
    "34051-0":{
      "refId":"urn_01_food",
      "inventory":[{
          "refId":"ingred_scuttle_01",
          "count":3,
          "charge":-1,
          "enchantmentCharge":-1,
          "soul":""
        }]
    },
    "428719-0":{
      "refId":"hlaalu guard_outside",
      "location":{
        "posX":-17735.11328125,
        "posZ":469.88525390625,
        "posY":-15336.336914063,
        "rotX":-0.00074412114918232,
        "rotY":0,
        "rotZ":2.8439185619354
      },
      "stats":{
        "healthCurrent":210,
        "magickaCurrent":122,
        "healthModified":210,
        "fatigueBase":307,
        "fatigueModified":307,
        "healthBase":210,
        "magickaModified":122,
        "magickaBase":122,
        "fatigueCurrent":307
      },
      "equipment":{
        "0":{
          "refId":"bonemold_armun-an_helm",
          "count":1,
          "charge":-1,
          "enchantmentCharge":-1
        },
        "1":{
          "refId":"bonemold_armun-an_cuirass",
          "count":1,
          "charge":-1,
          "enchantmentCharge":-1
        },
        "2":{
          "refId":"bonemold_greaves",
          "count":1,
          "charge":-1,
          "enchantmentCharge":-1
        },
        "3":{
          "refId":"bonemold_armun-an_pauldron_l",
          "count":1,
          "charge":-1,
          "enchantmentCharge":-1
        },
        "4":{
          "refId":"bonemold_armun-an_pauldron_r",
          "count":1,
          "charge":-1,
          "enchantmentCharge":-1
        },
        "5":{
          "refId":"bonemold_bracer_left",
          "count":1,
          "charge":-1,
          "enchantmentCharge":-1
        },
        "6":{
          "refId":"bonemold_bracer_right",
          "count":1,
          "charge":-1,
          "enchantmentCharge":-1
        },
        "7":{
          "refId":"bonemold_boots",
          "count":1,
          "charge":-1,
          "enchantmentCharge":-1
        },
        "9":{
          "refId":"expensive_pants_01_e",
          "count":1,
          "charge":-1,
          "enchantmentCharge":-1
        },
        "16":{
          "refId":"steel longsword",
          "count":1,
          "charge":-1,
          "enchantmentCharge":-1
        },
        "17":{
          "refId":"bonemold_tshield_hlaaluguard",
          "count":1,
          "charge":-1,
          "enchantmentCharge":-1
        }
      },
      "inventory":[{
          "refId":"bonemold_bracer_right",
          "count":1,
          "charge":-1,
          "enchantmentCharge":-1,
          "soul":""
        },{
          "refId":"bonemold_bracer_left",
          "count":1,
          "charge":-1,
          "enchantmentCharge":-1,
          "soul":""
        },{
          "refId":"bonemold_tshield_hlaaluguard",
          "count":1,
          "charge":-1,
          "enchantmentCharge":-1,
          "soul":""
        },{
          "refId":"bonemold_boots",
          "count":1,
          "charge":-1,
          "enchantmentCharge":-1,
          "soul":""
        },{
          "refId":"bonemold_greaves",
          "count":1,
          "charge":-1,
          "enchantmentCharge":-1,
          "soul":""
        },{
          "refId":"bonemold_armun-an_pauldron_r",
          "count":1,
          "charge":-1,
          "enchantmentCharge":-1,
          "soul":""
        },{
          "refId":"bonemold_armun-an_pauldron_l",
          "count":1,
          "charge":-1,
          "enchantmentCharge":-1,
          "soul":""
        },{
          "refId":"bonemold_armun-an_cuirass",
          "count":1,
          "charge":-1,
          "enchantmentCharge":-1,
          "soul":""
        },{
          "refId":"bonemold_armun-an_helm",
          "count":1,
          "charge":-1,
          "enchantmentCharge":-1,
          "soul":""
        },{
          "refId":"expensive_pants_01_e",
          "count":1,
          "charge":-1,
          "enchantmentCharge":-1,
          "soul":""
        },{
          "refId":"torch_infinite_time",
          "count":1,
          "charge":-1,
          "enchantmentCharge":-1,
          "soul":""
        },{
          "refId":"steel longsword",
          "count":1,
          "charge":-1,
          "enchantmentCharge":-1,
          "soul":""
        }]
    },
    "41395-0":{
      "refId":"crate_02_random_pos",
      "inventory":[{
          "refId":"sc_paper plain",
          "count":1,
          "charge":-1,
          "enchantmentCharge":-1,
          "soul":""
        },{
          "refId":"gold_001",
          "count":6,
          "charge":-1,
          "enchantmentCharge":-1,
          "soul":""
        },{
          "refId":"misc_com_bottle_15",
          "count":1,
          "charge":-1,
          "enchantmentCharge":-1,
          "soul":""
        },{
          "refId":"misc_com_wood_cup_01",
          "count":1,
          "charge":-1,
          "enchantmentCharge":-1,
          "soul":""
        },{
          "refId":"misc_com_bottle_10",
          "count":1,
          "charge":-1,
          "enchantmentCharge":-1,
          "soul":""
        },{
          "refId":"misc_com_basket_02",
          "count":1,
          "charge":-1,
          "enchantmentCharge":-1,
          "soul":""
        }]
    },
    "41410-0":{
      "refId":"crate_01_random_pos",
      "inventory":[{
          "refId":"misc_com_plate_01",
          "count":1,
          "charge":-1,
          "enchantmentCharge":-1,
          "soul":""
        },{
          "refId":"gold_001",
          "count":4,
          "charge":-1,
          "enchantmentCharge":-1,
          "soul":""
        },{
          "refId":"misc_com_basket_02",
          "count":1,
          "charge":-1,
          "enchantmentCharge":-1,
          "soul":""
        },{
          "refId":"misc_com_bottle_15",
          "count":1,
          "charge":-1,
          "enchantmentCharge":-1,
          "soul":""
        },{
          "refId":"misc_com_pitcher_metal_01",
          "count":1,
          "charge":-1,
          "enchantmentCharge":-1,
          "soul":""
        }]
    },
    "41422-0":{
      "refId":"crate_01_food",
      "inventory":[{
          "refId":"ingred_bread_01",
          "count":4,
          "charge":-1,
          "enchantmentCharge":-1,
          "soul":""
        }]
    },
    "40096-0":{
      "refId":"com_basket_01_empty",
      "inventory":[]
    },
    "295995-0":{
      "refId":"llandras belaal",
      "location":{
        "posX":-21333.65625,
        "posZ":404.08880615234,
        "posY":-12579.411132813,
        "rotX":0.33694449067116,
        "rotY":0,
        "rotZ":1.2494585514069
      },
      "stats":{
        "healthCurrent":68,
        "magickaCurrent":36,
        "healthModified":68,
        "fatigueBase":193,
        "fatigueModified":193,
        "healthBase":68,
        "magickaModified":36,
        "magickaBase":36,
        "fatigueCurrent":193
      },
      "equipment":{
        "5":{
          "refId":"cloth bracer left",
          "count":1,
          "charge":-1,
          "enchantmentCharge":-1
        },
        "6":{
          "refId":"cloth bracer right",
          "count":1,
          "charge":-1,
          "enchantmentCharge":-1
        },
        "7":{
          "refId":"chitin boots",
          "count":1,
          "charge":-1,
          "enchantmentCharge":-1
        },
        "8":{
          "refId":"common_shirt_01",
          "count":1,
          "charge":-1,
          "enchantmentCharge":-1
        },
        "9":{
          "refId":"common_pants_01",
          "count":1,
          "charge":-1,
          "enchantmentCharge":-1
        },
        "16":{
          "refId":"long bow",
          "count":1,
          "charge":-1,
          "enchantmentCharge":-1
        },
        "18":{
          "refId":"iron arrow",
          "count":100,
          "charge":-1,
          "enchantmentCharge":-1
        }
      },
      "inventory":[{
          "refId":"cloth bracer right",
          "count":1,
          "charge":-1,
          "enchantmentCharge":-1,
          "soul":""
        },{
          "refId":"cloth bracer left",
          "count":1,
          "charge":-1,
          "enchantmentCharge":-1,
          "soul":""
        },{
          "refId":"chitin boots",
          "count":1,
          "charge":-1,
          "enchantmentCharge":-1,
          "soul":""
        },{
          "refId":"common_shirt_01",
          "count":1,
          "charge":-1,
          "enchantmentCharge":-1,
          "soul":""
        },{
          "refId":"common_pants_01",
          "count":1,
          "charge":-1,
          "enchantmentCharge":-1,
          "soul":""
        },{
          "refId":"food_kwama_egg_02",
          "count":3,
          "charge":-1,
          "enchantmentCharge":-1,
          "soul":""
        },{
          "refId":"ingred_saltrice_01",
          "count":1,
          "charge":-1,
          "enchantmentCharge":-1,
          "soul":""
        },{
          "refId":"ingred_marshmerrow_01",
          "count":1,
          "charge":-1,
          "enchantmentCharge":-1,
          "soul":""
        },{
          "refId":"ingred_kwama_cuttle_01",
          "count":1,
          "charge":-1,
          "enchantmentCharge":-1,
          "soul":""
        },{
          "refId":"torch",
          "count":1,
          "charge":-1,
          "enchantmentCharge":-1,
          "soul":""
        },{
          "refId":"gold_001",
          "count":236,
          "charge":-1,
          "enchantmentCharge":-1,
          "soul":""
        },{
          "refId":"hammer_repair",
          "count":1,
          "charge":-1,
          "enchantmentCharge":-1,
          "soul":""
        },{
          "refId":"iron arrow",
          "count":100,
          "charge":-1,
          "enchantmentCharge":-1,
          "soul":""
        },{
          "refId":"long bow",
          "count":1,
          "charge":-1,
          "enchantmentCharge":-1,
          "soul":""
        },{
          "refId":"steel dagger",
          "count":1,
          "charge":-1,
          "enchantmentCharge":-1,
          "soul":""
        }]
    },
    "41431-0":{
      "refId":"crate_02_empty",
      "inventory":[]
    },
    "41418-0":{
      "refId":"crate_02_food",
      "inventory":[{
          "refId":"ingred_bread_01",
          "count":3,
          "charge":-1,
          "enchantmentCharge":-1,
          "soul":""
        }]
    },
    "41398-0":{
      "refId":"crate_02_random_pos",
      "inventory":[{
          "refId":"p_restore_personality_q",
          "count":1,
          "charge":-1,
          "enchantmentCharge":-1,
          "soul":""
        },{
          "refId":"sc_paper plain",
          "count":2,
          "charge":-1,
          "enchantmentCharge":-1,
          "soul":""
        },{
          "refId":"misc_com_wood_spoon_02",
          "count":1,
          "charge":-1,
          "enchantmentCharge":-1,
          "soul":""
        },{
          "refId":"misc_com_metal_goblet_01",
          "count":1,
          "charge":-1,
          "enchantmentCharge":-1,
          "soul":""
        },{
          "refId":"misc_com_bottle_15",
          "count":1,
          "charge":-1,
          "enchantmentCharge":-1,
          "soul":""
        },{
          "refId":"misc_com_bottle_10",
          "count":1,
          "charge":-1,
          "enchantmentCharge":-1,
          "soul":""
        },{
          "refId":"gold_001",
          "count":6,
          "charge":-1,
          "enchantmentCharge":-1,
          "soul":""
        }]
    },
    "41393-0":{
      "refId":"crate_01_random_pos",
      "inventory":[{
          "refId":"misc_com_basket_02",
          "count":1,
          "charge":-1,
          "enchantmentCharge":-1,
          "soul":""
        },{
          "refId":"gold_001",
          "count":5,
          "charge":-1,
          "enchantmentCharge":-1,
          "soul":""
        },{
          "refId":"misc_com_plate_01",
          "count":1,
          "charge":-1,
          "enchantmentCharge":-1,
          "soul":""
        },{
          "refId":"misc_soulgem_petty",
          "count":1,
          "charge":-1,
          "enchantmentCharge":-1,
          "soul":""
        }]
    },
    "41423-0":{
      "refId":"crate_01_food",
      "inventory":[{
          "refId":"food_kwama_egg_02",
          "count":4,
          "charge":-1,
          "enchantmentCharge":-1,
          "soul":""
        }]
    },
    "41610-0":{
      "refId":"rararyn radarys",
      "location":{
        "posX":-21712.4375,
        "posZ":472.73559570313,
        "posY":-14944.002929688,
        "rotX":-0.011026509106159,
        "rotY":0,
        "rotZ":-1.5926764011383
      },
      "stats":{
        "healthCurrent":63,
        "magickaCurrent":86,
        "healthModified":63,
        "fatigueBase":172,
        "fatigueModified":172,
        "healthBase":63,
        "magickaModified":86,
        "magickaBase":86,
        "fatigueCurrent":172
      },
      "equipment":{
        "7":{
          "refId":"common_shoes_01",
          "count":1,
          "charge":-1,
          "enchantmentCharge":-1
        },
        "11":{
          "refId":"common_robe_02",
          "count":1,
          "charge":-1,
          "enchantmentCharge":-1
        },
        "15":{
          "refId":"common_belt_03",
          "count":1,
          "charge":-1,
          "enchantmentCharge":-1
        },
        "9":{
          "refId":"common_pants_01",
          "count":1,
          "charge":-1,
          "enchantmentCharge":-1
        }
      },
      "inventory":[{
          "refId":"common_robe_02",
          "count":1,
          "charge":-1,
          "enchantmentCharge":-1,
          "soul":""
        },{
          "refId":"common_belt_03",
          "count":1,
          "charge":-1,
          "enchantmentCharge":-1,
          "soul":""
        },{
          "refId":"common_shoes_01",
          "count":1,
          "charge":-1,
          "enchantmentCharge":-1,
          "soul":""
        },{
          "refId":"common_pants_01",
          "count":1,
          "charge":-1,
          "enchantmentCharge":-1,
          "soul":""
        }]
    },
    "41397-0":{
      "refId":"crate_01_random_pos",
      "inventory":[{
          "refId":"p_restore_intelligence_e",
          "count":1,
          "charge":-1,
          "enchantmentCharge":-1,
          "soul":""
        },{
          "refId":"misc_com_wood_bowl_04",
          "count":1,
          "charge":-1,
          "enchantmentCharge":-1,
          "soul":""
        },{
          "refId":"misc_com_basket_02",
          "count":2,
          "charge":-1,
          "enchantmentCharge":-1,
          "soul":""
        },{
          "refId":"misc_com_metal_goblet_01",
          "count":1,
          "charge":-1,
          "enchantmentCharge":-1,
          "soul":""
        },{
          "refId":"misc_soulgem_petty",
          "count":1,
          "charge":-1,
          "enchantmentCharge":-1,
          "soul":""
        },{
          "refId":"misc_com_bottle_15",
          "count":1,
          "charge":-1,
          "enchantmentCharge":-1,
          "soul":""
        },{
          "refId":"gold_001",
          "count":4,
          "charge":-1,
          "enchantmentCharge":-1,
          "soul":""
        }]
    },
    "41442-0":{
      "refId":"crate_01_eggs",
      "inventory":[{
          "refId":"food_kwama_egg_02",
          "count":1,
          "charge":-1,
          "enchantmentCharge":-1,
          "soul":""
        }]
    },
    "41619-0":{
      "refId":"heddvild",
      "location":{
        "posX":-21408.1328125,
        "posZ":352.81927490234,
        "posY":-15890.17578125,
        "rotX":-0.033125385642052,
        "rotY":0,
        "rotZ":3.1294825077057
      },
      "stats":{
        "healthCurrent":64,
        "magickaCurrent":64,
        "healthModified":64,
        "fatigueBase":195,
        "fatigueModified":195,
        "healthBase":64,
        "magickaModified":64,
        "magickaBase":64,
        "fatigueCurrent":195
      },
      "equipment":[{
          "refId":"fur_cuirass",
          "count":1,
          "charge":-1,
          "enchantmentCharge":-1
        },null,{
          "refId":"fur_pauldron_left",
          "count":1,
          "charge":-1,
          "enchantmentCharge":-1
        },{
          "refId":"fur_pauldron_right",
          "count":1,
          "charge":-1,
          "enchantmentCharge":-1
        },{
          "refId":"fur_bracer_left",
          "count":1,
          "charge":-1,
          "enchantmentCharge":-1
        },{
          "refId":"fur_bracer_right",
          "count":1,
          "charge":-1,
          "enchantmentCharge":-1
        },{
          "refId":"fur_boots",
          "count":1,
          "charge":-1,
          "enchantmentCharge":-1
        },null,{
          "refId":"common_pants_01",
          "count":1,
          "charge":-1,
          "enchantmentCharge":-1
        },null,null,null,null,null,null,{
          "refId":"nordic battle axe",
          "count":1,
          "charge":-1,
          "enchantmentCharge":-1
        }],
      "inventory":[{
          "refId":"fur_bracer_right",
          "count":1,
          "charge":-1,
          "enchantmentCharge":-1,
          "soul":""
        },{
          "refId":"fur_bracer_left",
          "count":1,
          "charge":-1,
          "enchantmentCharge":-1,
          "soul":""
        },{
          "refId":"fur_boots",
          "count":1,
          "charge":-1,
          "enchantmentCharge":-1,
          "soul":""
        },{
          "refId":"fur_pauldron_right",
          "count":1,
          "charge":-1,
          "enchantmentCharge":-1,
          "soul":""
        },{
          "refId":"fur_pauldron_left",
          "count":1,
          "charge":-1,
          "enchantmentCharge":-1,
          "soul":""
        },{
          "refId":"fur_cuirass",
          "count":1,
          "charge":-1,
          "enchantmentCharge":-1,
          "soul":""
        },{
          "refId":"common_pants_01",
          "count":1,
          "charge":-1,
          "enchantmentCharge":-1,
          "soul":""
        },{
          "refId":"nordic battle axe",
          "count":1,
          "charge":-1,
          "enchantmentCharge":-1,
          "soul":""
        }]
    },
    "41389-0":{
      "refId":"crate_02_iron_weapons",
      "inventory":[{
          "refId":"iron wakizashi",
          "count":1,
          "charge":-1,
          "enchantmentCharge":-1,
          "soul":""
        }]
    },
    "41391-0":{
      "refId":"crate_02_random_pos",
      "inventory":[{
          "refId":"misc_com_redware_cup",
          "count":1,
          "charge":-1,
          "enchantmentCharge":-1,
          "soul":""
        },{
          "refId":"misc_com_plate_01",
          "count":1,
          "charge":-1,
          "enchantmentCharge":-1,
          "soul":""
        },{
          "refId":"misc_com_bottle_15",
          "count":2,
          "charge":-1,
          "enchantmentCharge":-1,
          "soul":""
        },{
          "refId":"misc_com_wood_bowl_04",
          "count":1,
          "charge":-1,
          "enchantmentCharge":-1,
          "soul":""
        },{
          "refId":"gold_001",
          "count":6,
          "charge":-1,
          "enchantmentCharge":-1,
          "soul":""
        }]
    },
    "40095-0":{
      "refId":"com_basket_01_empty",
      "inventory":[]
    },
    "41443-0":{
      "refId":"crate_02_random_pos",
      "inventory":[{
          "refId":"p_restore_agility_q",
          "count":1,
          "charge":-1,
          "enchantmentCharge":-1,
          "soul":""
        },{
          "refId":"gold_001",
          "count":6,
          "charge":-1,
          "enchantmentCharge":-1,
          "soul":""
        },{
          "refId":"misc_com_basket_02",
          "count":1,
          "charge":-1,
          "enchantmentCharge":-1,
          "soul":""
        },{
          "refId":"misc_com_wood_bowl_04",
          "count":2,
          "charge":-1,
          "enchantmentCharge":-1,
          "soul":""
        },{
          "refId":"misc_com_bottle_15",
          "count":1,
          "charge":-1,
          "enchantmentCharge":-1,
          "soul":""
        },{
          "refId":"misc_com_bottle_10",
          "count":1,
          "charge":-1,
          "enchantmentCharge":-1,
          "soul":""
        }]
    },
    "41407-0":{
      "refId":"crate_02_random_pos",
      "inventory":[{
          "refId":"sc_paper plain",
          "count":2,
          "charge":-1,
          "enchantmentCharge":-1,
          "soul":""
        },{
          "refId":"misc_com_bottle_15",
          "count":1,
          "charge":-1,
          "enchantmentCharge":-1,
          "soul":""
        },{
          "refId":"misc_com_pitcher_metal_01",
          "count":2,
          "charge":-1,
          "enchantmentCharge":-1,
          "soul":""
        },{
          "refId":"misc_com_wood_bowl_04",
          "count":1,
          "charge":-1,
          "enchantmentCharge":-1,
          "soul":""
        },{
          "refId":"gold_001",
          "count":4,
          "charge":-1,
          "enchantmentCharge":-1,
          "soul":""
        }]
    },
    "41413-0":{
      "refId":"crate_01_random_pos",
      "inventory":[{
          "refId":"sc_paper plain",
          "count":1,
          "charge":-1,
          "enchantmentCharge":-1,
          "soul":""
        },{
          "refId":"misc_com_bottle_10",
          "count":1,
          "charge":-1,
          "enchantmentCharge":-1,
          "soul":""
        },{
          "refId":"misc_com_metal_goblet_01",
          "count":1,
          "charge":-1,
          "enchantmentCharge":-1,
          "soul":""
        },{
          "refId":"gold_001",
          "count":3,
          "charge":-1,
          "enchantmentCharge":-1,
          "soul":""
        },{
          "refId":"misc_com_basket_02",
          "count":1,
          "charge":-1,
          "enchantmentCharge":-1,
          "soul":""
        },{
          "refId":"misc_com_pitcher_metal_01",
          "count":1,
          "charge":-1,
          "enchantmentCharge":-1,
          "soul":""
        }]
    },
    "41415-0":{
      "refId":"crate_01_random_pos",
      "inventory":[{
          "refId":"misc_com_bottle_10",
          "count":1,
          "charge":-1,
          "enchantmentCharge":-1,
          "soul":""
        },{
          "refId":"misc_com_wood_cup_01",
          "count":1,
          "charge":-1,
          "enchantmentCharge":-1,
          "soul":""
        },{
          "refId":"misc_soulgem_petty",
          "count":2,
          "charge":-1,
          "enchantmentCharge":-1,
          "soul":""
        },{
          "refId":"misc_com_basket_02",
          "count":1,
          "charge":-1,
          "enchantmentCharge":-1,
          "soul":""
        },{
          "refId":"misc_com_wood_spoon_02",
          "count":1,
          "charge":-1,
          "enchantmentCharge":-1,
          "soul":""
        },{
          "refId":"gold_001",
          "count":2,
          "charge":-1,
          "enchantmentCharge":-1,
          "soul":""
        }]
    },
    "41385-0":{
      "refId":"crate_02_food",
      "inventory":[{
          "refId":"ingred_bread_01",
          "count":3,
          "charge":-1,
          "enchantmentCharge":-1,
          "soul":""
        }]
    },
    "34034-0":{
      "refId":"com_basket_01_empty",
      "inventory":[]
    },
    "41404-0":{
      "refId":"crate_01_random_pos",
      "inventory":[{
          "refId":"p_restore_intelligence_q",
          "count":1,
          "charge":-1,
          "enchantmentCharge":-1,
          "soul":""
        },{
          "refId":"gold_001",
          "count":4,
          "charge":-1,
          "enchantmentCharge":-1,
          "soul":""
        },{
          "refId":"misc_com_metal_goblet_01",
          "count":1,
          "charge":-1,
          "enchantmentCharge":-1,
          "soul":""
        },{
          "refId":"misc_com_basket_02",
          "count":1,
          "charge":-1,
          "enchantmentCharge":-1,
          "soul":""
        },{
          "refId":"misc_com_pitcher_metal_01",
          "count":1,
          "charge":-1,
          "enchantmentCharge":-1,
          "soul":""
        },{
          "refId":"misc_com_wood_spoon_02",
          "count":1,
          "charge":-1,
          "enchantmentCharge":-1,
          "soul":""
        },{
          "refId":"steel sparkcleaver",
          "count":1,
          "charge":-1,
          "enchantmentCharge":-1,
          "soul":""
        }]
    },
    "41434-0":{
      "refId":"crate_02_random_pos",
      "inventory":[{
          "refId":"misc_com_pitcher_metal_01",
          "count":2,
          "charge":-1,
          "enchantmentCharge":-1,
          "soul":""
        },{
          "refId":"misc_com_basket_02",
          "count":2,
          "charge":-1,
          "enchantmentCharge":-1,
          "soul":""
        },{
          "refId":"misc_com_bottle_10",
          "count":1,
          "charge":-1,
          "enchantmentCharge":-1,
          "soul":""
        },{
          "refId":"gold_001",
          "count":3,
          "charge":-1,
          "enchantmentCharge":-1,
          "soul":""
        }]
    },
    "41432-0":{
      "refId":"crate_02_random_pos",
      "inventory":[{
          "refId":"sc_paper plain",
          "count":1,
          "charge":-1,
          "enchantmentCharge":-1,
          "soul":""
        },{
          "refId":"misc_com_wood_cup_01",
          "count":1,
          "charge":-1,
          "enchantmentCharge":-1,
          "soul":""
        },{
          "refId":"misc_soulgem_petty",
          "count":1,
          "charge":-1,
          "enchantmentCharge":-1,
          "soul":""
        },{
          "refId":"misc_com_wood_spoon_02",
          "count":1,
          "charge":-1,
          "enchantmentCharge":-1,
          "soul":""
        },{
          "refId":"misc_com_bottle_10",
          "count":1,
          "charge":-1,
          "enchantmentCharge":-1,
          "soul":""
        },{
          "refId":"gold_001",
          "count":6,
          "charge":-1,
          "enchantmentCharge":-1,
          "soul":""
        }]
    },
    "41441-0":{
      "refId":"crate_02_random_pos",
      "inventory":[{
          "refId":"misc_com_metal_goblet_01",
          "count":1,
          "charge":-1,
          "enchantmentCharge":-1,
          "soul":""
        },{
          "refId":"misc_com_basket_02",
          "count":3,
          "charge":-1,
          "enchantmentCharge":-1,
          "soul":""
        },{
          "refId":"misc_com_pitcher_metal_01",
          "count":2,
          "charge":-1,
          "enchantmentCharge":-1,
          "soul":""
        },{
          "refId":"gold_001",
          "count":6,
          "charge":-1,
          "enchantmentCharge":-1,
          "soul":""
        }]
    }
  },
  "loadState":{
    "hasFullContainerData":true,
    "hasFullActorList":true
  }
}