{
  "packets":{
    "actorList":[],
    "ai":[],
    "cellChangeFrom":[],
    "cellChangeTo":[],
    "container":["279647-0","279648-0","279649-0","279650-0","279651-0","279652-0","279653-0","279654-0","279655-0","279656-0","279657-0","279658-0","476292-0","476293-0","476294-0"],
    "death":[],
    "delete":[],
    "doorState":[],
    "equipment":[],
    "lock":[],
    "place":[],
    "position":[],
    "scale":[],
    "spawn":[],
    "state":[],
    "statsDynamic":[],
    "trap":[],
    "spellsActive":[],
    "miscellaneous":[],
    "clientScriptLocal":[]
  },
  "entry":{
    "creationTime":1670198113,
    "description":"-3, 1"
  },
  "lastVisit":{
    "focal01":1670198199
  },
  "recordLinks":[],
  "objectData":{
    "279656-0":{
      "refId":"flora_rm_scathecraw_01",
      "inventory":[{
          "refId":"ingred_scathecraw_01",
          "count":1,
          "charge":-1,
          "enchantmentCharge":-1,
          "soul":""
        }]
    },
    "279648-0":{
      "refId":"flora_rm_scathecraw_01",
      "inventory":[{
          "refId":"ingred_scathecraw_01",
          "count":1,
          "charge":-1,
          "enchantmentCharge":-1,
          "soul":""
        }]
    },
    "279649-0":{
      "refId":"flora_rm_scathecraw_01",
      "inventory":[{
          "refId":"ingred_scathecraw_01",
          "count":1,
          "charge":-1,
          "enchantmentCharge":-1,
          "soul":""
        }]
    },
    "476293-0":{
      "refId":"flora_rm_scathecraw_02",
      "inventory":[{
          "refId":"ingred_scathecraw_01",
          "count":1,
          "charge":-1,
          "enchantmentCharge":-1,
          "soul":""
        }]
    },
    "279654-0":{
      "refId":"flora_bittergreen_05",
      "inventory":[{
          "refId":"ingred_bittergreen_petals_01",
          "count":2,
          "charge":-1,
          "enchantmentCharge":-1,
          "soul":""
        }]
    },
    "279652-0":{
      "refId":"flora_bittergreen_02",
      "inventory":[{
          "refId":"ingred_bittergreen_petals_01",
          "count":1,
          "charge":-1,
          "enchantmentCharge":-1,
          "soul":""
        }]
    },
    "279653-0":{
      "refId":"flora_bittergreen_04",
      "inventory":[{
          "refId":"ingred_bittergreen_petals_01",
          "count":2,
          "charge":-1,
          "enchantmentCharge":-1,
          "soul":""
        }]
    },
    "279655-0":{
      "refId":"flora_rm_scathecraw_01",
      "inventory":[{
          "refId":"ingred_scathecraw_01",
          "count":1,
          "charge":-1,
          "enchantmentCharge":-1,
          "soul":""
        }]
    },
    "476292-0":{
      "refId":"flora_rm_scathecraw_02",
      "inventory":[{
          "refId":"ingred_scathecraw_01",
          "count":1,
          "charge":-1,
          "enchantmentCharge":-1,
          "soul":""
        }]
    },
    "279657-0":{
      "refId":"flora_rm_scathecraw_02",
      "inventory":[{
          "refId":"ingred_scathecraw_01",
          "count":1,
          "charge":-1,
          "enchantmentCharge":-1,
          "soul":""
        }]
    },
    "279650-0":{
      "refId":"flora_bittergreen_pod_01",
      "inventory":[]
    },
    "279651-0":{
      "refId":"flora_bittergreen_01",
      "inventory":[{
          "refId":"ingred_bittergreen_petals_01",
          "count":1,
          "charge":-1,
          "enchantmentCharge":-1,
          "soul":""
        }]
    },
    "279658-0":{
      "refId":"flora_rm_scathecraw_02",
      "inventory":[{
          "refId":"ingred_scathecraw_01",
          "count":1,
          "charge":-1,
          "enchantmentCharge":-1,
          "soul":""
        }]
    },
    "476294-0":{
      "refId":"flora_rm_scathecraw_01",
      "inventory":[{
          "refId":"ingred_scathecraw_01",
          "count":1,
          "charge":-1,
          "enchantmentCharge":-1,
          "soul":""
        }]
    },
    "279647-0":{
      "refId":"flora_rm_scathecraw_01",
      "inventory":[{
          "refId":"ingred_scathecraw_01",
          "count":1,
          "charge":-1,
          "enchantmentCharge":-1,
          "soul":""
        }]
    }
  },
  "loadState":{
    "hasFullContainerData":true,
    "hasFullActorList":true
  }
}