{
  "packets":{
    "actorList":["291166-0"],
    "ai":[],
    "cellChangeFrom":[],
    "cellChangeTo":[],
    "container":["43267-0","43268-0","43269-0","43270-0","43271-0","43272-0","43273-0","43274-0","43275-0","43276-0","43284-0","43285-0","43286-0","43287-0","43288-0","43289-0","43290-0","43291-0","43292-0","43293-0","43317-0","43318-0","43319-0","43320-0","43321-0","49108-0","49110-0","279607-0","279608-0","279609-0","279610-0","279611-0","279612-0","279613-0","279614-0","279615-0","279616-0","279617-0","362897-0","362898-0","476231-0","476232-0","476233-0","476234-0","291166-0"],
    "death":[],
    "delete":[],
    "doorState":[],
    "equipment":["291166-0"],
    "lock":[],
    "place":[],
    "position":["291166-0"],
    "scale":[],
    "spawn":[],
    "state":[],
    "statsDynamic":["291166-0"],
    "trap":[],
    "spellsActive":[],
    "miscellaneous":[],
    "clientScriptLocal":[]
  },
  "entry":{
    "creationTime":1670198113,
    "description":"-3, 3"
  },
  "lastVisit":{
    "focal01":1670198199
  },
  "recordLinks":[],
  "objectData":{
    "43268-0":{
      "refId":"flora_chokeweed_02",
      "inventory":[{
          "refId":"ingred_chokeweed_01",
          "count":1,
          "charge":-1,
          "enchantmentCharge":-1,
          "soul":""
        }]
    },
    "279617-0":{
      "refId":"flora_kreshweed_02",
      "inventory":[{
          "refId":"ingred_kresh_fiber_01",
          "count":1,
          "charge":-1,
          "enchantmentCharge":-1,
          "soul":""
        }]
    },
    "279616-0":{
      "refId":"flora_kreshweed_01",
      "inventory":[{
          "refId":"ingred_kresh_fiber_01",
          "count":1,
          "charge":-1,
          "enchantmentCharge":-1,
          "soul":""
        }]
    },
    "43284-0":{
      "refId":"flora_chokeweed_02",
      "inventory":[{
          "refId":"ingred_chokeweed_01",
          "count":1,
          "charge":-1,
          "enchantmentCharge":-1,
          "soul":""
        }]
    },
    "43276-0":{
      "refId":"flora_chokeweed_02",
      "inventory":[{
          "refId":"ingred_chokeweed_01",
          "count":1,
          "charge":-1,
          "enchantmentCharge":-1,
          "soul":""
        }]
    },
    "43273-0":{
      "refId":"flora_chokeweed_02",
      "inventory":[{
          "refId":"ingred_chokeweed_01",
          "count":1,
          "charge":-1,
          "enchantmentCharge":-1,
          "soul":""
        }]
    },
    "476232-0":{
      "refId":"flora_kreshweed_02",
      "inventory":[{
          "refId":"ingred_kresh_fiber_01",
          "count":1,
          "charge":-1,
          "enchantmentCharge":-1,
          "soul":""
        }]
    },
    "49110-0":{
      "refId":"flora_chokeweed_02",
      "inventory":[]
    },
    "49108-0":{
      "refId":"flora_chokeweed_02",
      "inventory":[]
    },
    "43272-0":{
      "refId":"flora_chokeweed_02",
      "inventory":[{
          "refId":"ingred_chokeweed_01",
          "count":1,
          "charge":-1,
          "enchantmentCharge":-1,
          "soul":""
        }]
    },
    "279614-0":{
      "refId":"flora_kreshweed_01",
      "inventory":[{
          "refId":"ingred_kresh_fiber_01",
          "count":1,
          "charge":-1,
          "enchantmentCharge":-1,
          "soul":""
        }]
    },
    "279607-0":{
      "refId":"flora_kreshweed_01",
      "inventory":[{
          "refId":"ingred_kresh_fiber_01",
          "count":1,
          "charge":-1,
          "enchantmentCharge":-1,
          "soul":""
        }]
    },
    "43275-0":{
      "refId":"flora_chokeweed_02",
      "inventory":[{
          "refId":"ingred_chokeweed_01",
          "count":1,
          "charge":-1,
          "enchantmentCharge":-1,
          "soul":""
        }]
    },
    "43286-0":{
      "refId":"flora_chokeweed_02",
      "inventory":[{
          "refId":"ingred_chokeweed_01",
          "count":1,
          "charge":-1,
          "enchantmentCharge":-1,
          "soul":""
        }]
    },
    "476234-0":{
      "refId":"flora_kreshweed_03",
      "inventory":[{
          "refId":"ingred_kresh_fiber_01",
          "count":1,
          "charge":-1,
          "enchantmentCharge":-1,
          "soul":""
        }]
    },
    "362898-0":{
      "refId":"flora_kreshweed_03",
      "inventory":[{
          "refId":"ingred_kresh_fiber_01",
          "count":1,
          "charge":-1,
          "enchantmentCharge":-1,
          "soul":""
        }]
    },
    "476233-0":{
      "refId":"flora_chokeweed_02",
      "inventory":[{
          "refId":"ingred_chokeweed_01",
          "count":1,
          "charge":-1,
          "enchantmentCharge":-1,
          "soul":""
        }]
    },
    "43318-0":{
      "refId":"flora_chokeweed_02",
      "inventory":[]
    },
    "43319-0":{
      "refId":"flora_chokeweed_02",
      "inventory":[{
          "refId":"ingred_chokeweed_01",
          "count":1,
          "charge":-1,
          "enchantmentCharge":-1,
          "soul":""
        }]
    },
    "362897-0":{
      "refId":"flora_kreshweed_01",
      "inventory":[{
          "refId":"ingred_kresh_fiber_01",
          "count":1,
          "charge":-1,
          "enchantmentCharge":-1,
          "soul":""
        }]
    },
    "43287-0":{
      "refId":"flora_chokeweed_02",
      "inventory":[{
          "refId":"ingred_chokeweed_01",
          "count":1,
          "charge":-1,
          "enchantmentCharge":-1,
          "soul":""
        }]
    },
    "43291-0":{
      "refId":"flora_chokeweed_02",
      "inventory":[{
          "refId":"ingred_chokeweed_01",
          "count":1,
          "charge":-1,
          "enchantmentCharge":-1,
          "soul":""
        }]
    },
    "43320-0":{
      "refId":"flora_chokeweed_02",
      "inventory":[{
          "refId":"ingred_chokeweed_01",
          "count":1,
          "charge":-1,
          "enchantmentCharge":-1,
          "soul":""
        }]
    },
    "43288-0":{
      "refId":"flora_chokeweed_02",
      "inventory":[{
          "refId":"ingred_chokeweed_01",
          "count":1,
          "charge":-1,
          "enchantmentCharge":-1,
          "soul":""
        }]
    },
    "43274-0":{
      "refId":"flora_chokeweed_02",
      "inventory":[{
          "refId":"ingred_chokeweed_01",
          "count":1,
          "charge":-1,
          "enchantmentCharge":-1,
          "soul":""
        }]
    },
    "279608-0":{
      "refId":"flora_kreshweed_02",
      "inventory":[{
          "refId":"ingred_kresh_fiber_01",
          "count":1,
          "charge":-1,
          "enchantmentCharge":-1,
          "soul":""
        }]
    },
    "43317-0":{
      "refId":"flora_chokeweed_02",
      "inventory":[{
          "refId":"ingred_chokeweed_01",
          "count":1,
          "charge":-1,
          "enchantmentCharge":-1,
          "soul":""
        }]
    },
    "291166-0":{
      "refId":"hlormar wine-sot",
      "location":{
        "posX":-23066.814453125,
        "posZ":1332.8034667969,
        "posY":26255.080078125,
        "rotX":0,
        "rotY":0,
        "rotZ":2.8831861019135
      },
      "stats":{
        "healthCurrent":141,
        "magickaCurrent":0,
        "healthModified":141,
        "fatigueBase":259,
        "fatigueModified":259,
        "healthBase":141,
        "magickaModified":0,
        "magickaBase":0,
        "fatigueCurrent":259
      },
      "equipment":[],
      "inventory":[]
    },
    "279610-0":{
      "refId":"flora_roobrush_02",
      "inventory":[{
          "refId":"ingred_roobrush_01",
          "count":1,
          "charge":-1,
          "enchantmentCharge":-1,
          "soul":""
        }]
    },
    "43321-0":{
      "refId":"flora_chokeweed_02",
      "inventory":[]
    },
    "43270-0":{
      "refId":"flora_chokeweed_02",
      "inventory":[{
          "refId":"ingred_chokeweed_01",
          "count":1,
          "charge":-1,
          "enchantmentCharge":-1,
          "soul":""
        }]
    },
    "279609-0":{
      "refId":"flora_kreshweed_03",
      "inventory":[{
          "refId":"ingred_kresh_fiber_01",
          "count":1,
          "charge":-1,
          "enchantmentCharge":-1,
          "soul":""
        }]
    },
    "279613-0":{
      "refId":"flora_kreshweed_02",
      "inventory":[{
          "refId":"ingred_kresh_fiber_01",
          "count":1,
          "charge":-1,
          "enchantmentCharge":-1,
          "soul":""
        }]
    },
    "43289-0":{
      "refId":"flora_chokeweed_02",
      "inventory":[{
          "refId":"ingred_chokeweed_01",
          "count":1,
          "charge":-1,
          "enchantmentCharge":-1,
          "soul":""
        }]
    },
    "43269-0":{
      "refId":"flora_chokeweed_02",
      "inventory":[{
          "refId":"ingred_chokeweed_01",
          "count":1,
          "charge":-1,
          "enchantmentCharge":-1,
          "soul":""
        }]
    },
    "279611-0":{
      "refId":"flora_kreshweed_01",
      "inventory":[{
          "refId":"ingred_kresh_fiber_01",
          "count":1,
          "charge":-1,
          "enchantmentCharge":-1,
          "soul":""
        }]
    },
    "279612-0":{
      "refId":"flora_roobrush_02",
      "inventory":[{
          "refId":"ingred_roobrush_01",
          "count":1,
          "charge":-1,
          "enchantmentCharge":-1,
          "soul":""
        }]
    },
    "43271-0":{
      "refId":"flora_chokeweed_02",
      "inventory":[{
          "refId":"ingred_chokeweed_01",
          "count":1,
          "charge":-1,
          "enchantmentCharge":-1,
          "soul":""
        }]
    },
    "43293-0":{
      "refId":"flora_chokeweed_02",
      "inventory":[{
          "refId":"ingred_chokeweed_01",
          "count":1,
          "charge":-1,
          "enchantmentCharge":-1,
          "soul":""
        }]
    },
    "43285-0":{
      "refId":"flora_chokeweed_02",
      "inventory":[{
          "refId":"ingred_chokeweed_01",
          "count":1,
          "charge":-1,
          "enchantmentCharge":-1,
          "soul":""
        }]
    },
    "43267-0":{
      "refId":"flora_chokeweed_02",
      "inventory":[{
          "refId":"ingred_chokeweed_01",
          "count":1,
          "charge":-1,
          "enchantmentCharge":-1,
          "soul":""
        }]
    },
    "279615-0":{
      "refId":"flora_kreshweed_01",
      "inventory":[{
          "refId":"ingred_kresh_fiber_01",
          "count":1,
          "charge":-1,
          "enchantmentCharge":-1,
          "soul":""
        }]
    },
    "43290-0":{
      "refId":"flora_chokeweed_02",
      "inventory":[{
          "refId":"ingred_chokeweed_01",
          "count":1,
          "charge":-1,
          "enchantmentCharge":-1,
          "soul":""
        }]
    },
    "476231-0":{
      "refId":"flora_kreshweed_01",
      "inventory":[]
    },
    "43292-0":{
      "refId":"flora_chokeweed_02",
      "inventory":[{
          "refId":"ingred_chokeweed_01",
          "count":1,
          "charge":-1,
          "enchantmentCharge":-1,
          "soul":""
        }]
    }
  },
  "loadState":{
    "hasFullContainerData":true,
    "hasFullActorList":true
  }
}