{
  "packets":{
    "actorList":["482533-0"],
    "ai":[],
    "cellChangeFrom":[],
    "cellChangeTo":[],
    "container":["43348-0","43349-0","43350-0","43351-0","43352-0","43353-0","43354-0","43355-0","43356-0","43357-0","476262-0","476263-0","476264-0","476265-0","476266-0","476267-0","476268-0","476269-0","476270-0","476271-0","476272-0","476276-0","476277-0","476278-0","476280-0","476281-0","476282-0","476283-0","476284-0","476285-0","476286-0","476287-0","476288-0","476289-0","476290-0","476291-0","482533-0"],
    "death":[],
    "delete":[],
    "doorState":[],
    "equipment":["482533-0"],
    "lock":[],
    "place":[],
    "position":["482533-0"],
    "scale":[],
    "spawn":[],
    "state":[],
    "statsDynamic":["482533-0"],
    "trap":[],
    "spellsActive":[],
    "miscellaneous":[],
    "clientScriptLocal":[]
  },
  "entry":{
    "creationTime":1670198113,
    "description":"-3, 2"
  },
  "lastVisit":{
    "focal01":1670198199
  },
  "recordLinks":[],
  "objectData":{
    "476280-0":{
      "refId":"flora_stoneflower_01",
      "inventory":[{
          "refId":"ingred_stoneflower_petals_01",
          "count":1,
          "charge":-1,
          "enchantmentCharge":-1,
          "soul":""
        }]
    },
    "476277-0":{
      "refId":"flora_roobrush_02",
      "inventory":[{
          "refId":"ingred_roobrush_01",
          "count":1,
          "charge":-1,
          "enchantmentCharge":-1,
          "soul":""
        }]
    },
    "43348-0":{
      "refId":"flora_chokeweed_02",
      "inventory":[{
          "refId":"ingred_chokeweed_01",
          "count":1,
          "charge":-1,
          "enchantmentCharge":-1,
          "soul":""
        }]
    },
    "476267-0":{
      "refId":"flora_bittergreen_pod_01",
      "inventory":[]
    },
    "43355-0":{
      "refId":"flora_chokeweed_02",
      "inventory":[{
          "refId":"ingred_chokeweed_01",
          "count":1,
          "charge":-1,
          "enchantmentCharge":-1,
          "soul":""
        }]
    },
    "43349-0":{
      "refId":"flora_chokeweed_02",
      "inventory":[{
          "refId":"ingred_chokeweed_01",
          "count":1,
          "charge":-1,
          "enchantmentCharge":-1,
          "soul":""
        }]
    },
    "476286-0":{
      "refId":"flora_stoneflower_02",
      "inventory":[{
          "refId":"ingred_stoneflower_petals_01",
          "count":1,
          "charge":-1,
          "enchantmentCharge":-1,
          "soul":""
        }]
    },
    "476288-0":{
      "refId":"flora_stoneflower_01",
      "inventory":[{
          "refId":"ingred_stoneflower_petals_01",
          "count":1,
          "charge":-1,
          "enchantmentCharge":-1,
          "soul":""
        }]
    },
    "476268-0":{
      "refId":"flora_bittergreen_01",
      "inventory":[{
          "refId":"ingred_bittergreen_petals_01",
          "count":1,
          "charge":-1,
          "enchantmentCharge":-1,
          "soul":""
        }]
    },
    "476276-0":{
      "refId":"flora_kreshweed_02",
      "inventory":[{
          "refId":"ingred_kresh_fiber_01",
          "count":1,
          "charge":-1,
          "enchantmentCharge":-1,
          "soul":""
        }]
    },
    "476263-0":{
      "refId":"flora_rm_scathecraw_02",
      "inventory":[{
          "refId":"ingred_scathecraw_01",
          "count":1,
          "charge":-1,
          "enchantmentCharge":-1,
          "soul":""
        }]
    },
    "476287-0":{
      "refId":"flora_stoneflower_01",
      "inventory":[{
          "refId":"ingred_stoneflower_petals_01",
          "count":1,
          "charge":-1,
          "enchantmentCharge":-1,
          "soul":""
        }]
    },
    "476270-0":{
      "refId":"flora_bittergreen_03",
      "inventory":[{
          "refId":"ingred_bittergreen_petals_01",
          "count":3,
          "charge":-1,
          "enchantmentCharge":-1,
          "soul":""
        }]
    },
    "43353-0":{
      "refId":"flora_chokeweed_02",
      "inventory":[{
          "refId":"ingred_chokeweed_01",
          "count":1,
          "charge":-1,
          "enchantmentCharge":-1,
          "soul":""
        }]
    },
    "476272-0":{
      "refId":"flora_rm_scathecraw_02",
      "inventory":[{
          "refId":"ingred_scathecraw_01",
          "count":1,
          "charge":-1,
          "enchantmentCharge":-1,
          "soul":""
        }]
    },
    "476269-0":{
      "refId":"flora_bittergreen_02",
      "inventory":[{
          "refId":"ingred_bittergreen_petals_01",
          "count":1,
          "charge":-1,
          "enchantmentCharge":-1,
          "soul":""
        }]
    },
    "43350-0":{
      "refId":"flora_chokeweed_02",
      "inventory":[{
          "refId":"ingred_chokeweed_01",
          "count":1,
          "charge":-1,
          "enchantmentCharge":-1,
          "soul":""
        }]
    },
    "476278-0":{
      "refId":"flora_kreshweed_02",
      "inventory":[{
          "refId":"ingred_kresh_fiber_01",
          "count":1,
          "charge":-1,
          "enchantmentCharge":-1,
          "soul":""
        }]
    },
    "476266-0":{
      "refId":"flora_rm_scathecraw_01",
      "inventory":[{
          "refId":"ingred_scathecraw_01",
          "count":1,
          "charge":-1,
          "enchantmentCharge":-1,
          "soul":""
        }]
    },
    "43352-0":{
      "refId":"flora_chokeweed_02",
      "inventory":[{
          "refId":"ingred_chokeweed_01",
          "count":1,
          "charge":-1,
          "enchantmentCharge":-1,
          "soul":""
        }]
    },
    "476281-0":{
      "refId":"flora_stoneflower_01",
      "inventory":[]
    },
    "476284-0":{
      "refId":"flora_stoneflower_01",
      "inventory":[{
          "refId":"ingred_stoneflower_petals_01",
          "count":1,
          "charge":-1,
          "enchantmentCharge":-1,
          "soul":""
        }]
    },
    "476282-0":{
      "refId":"flora_stoneflower_02",
      "inventory":[{
          "refId":"ingred_stoneflower_petals_01",
          "count":1,
          "charge":-1,
          "enchantmentCharge":-1,
          "soul":""
        }]
    },
    "476283-0":{
      "refId":"flora_stoneflower_01",
      "inventory":[{
          "refId":"ingred_stoneflower_petals_01",
          "count":1,
          "charge":-1,
          "enchantmentCharge":-1,
          "soul":""
        }]
    },
    "476265-0":{
      "refId":"flora_rm_scathecraw_02",
      "inventory":[{
          "refId":"ingred_scathecraw_01",
          "count":1,
          "charge":-1,
          "enchantmentCharge":-1,
          "soul":""
        }]
    },
    "476285-0":{
      "refId":"flora_stoneflower_02",
      "inventory":[{
          "refId":"ingred_stoneflower_petals_01",
          "count":1,
          "charge":-1,
          "enchantmentCharge":-1,
          "soul":""
        }]
    },
    "43354-0":{
      "refId":"flora_chokeweed_02",
      "inventory":[]
    },
    "476271-0":{
      "refId":"flora_bittergreen_04",
      "inventory":[{
          "refId":"ingred_bittergreen_petals_01",
          "count":2,
          "charge":-1,
          "enchantmentCharge":-1,
          "soul":""
        }]
    },
    "43356-0":{
      "refId":"flora_chokeweed_02",
      "inventory":[{
          "refId":"ingred_chokeweed_01",
          "count":1,
          "charge":-1,
          "enchantmentCharge":-1,
          "soul":""
        }]
    },
    "482533-0":{
      "refId":"alveleg",
      "location":{
        "posX":-21677.078125,
        "posZ":2088.8735351563,
        "posY":16663.171875,
        "rotX":-0.076005965471268,
        "rotY":0,
        "rotZ":-1.9365413188934
      },
      "stats":{
        "healthCurrent":46,
        "magickaCurrent":84,
        "healthModified":46,
        "fatigueBase":165,
        "fatigueModified":165,
        "healthBase":46,
        "magickaModified":84,
        "magickaBase":84,
        "fatigueCurrent":165
      },
      "equipment":{
        "1":{
          "refId":"imperial_chain_cuirass",
          "count":1,
          "charge":-1,
          "enchantmentCharge":-1
        },
        "7":{
          "refId":"extravagant_shoes_02",
          "count":1,
          "charge":-1,
          "enchantmentCharge":-1
        },
        "8":{
          "refId":"common_shirt_02_t",
          "count":1,
          "charge":-1,
          "enchantmentCharge":-1
        },
        "9":{
          "refId":"common_pants_05",
          "count":1,
          "charge":-1,
          "enchantmentCharge":-1
        },
        "16":{
          "refId":"long bow",
          "count":1,
          "charge":-1,
          "enchantmentCharge":-1
        },
        "17":{
          "refId":"dragonscale_towershield",
          "count":1,
          "charge":-1,
          "enchantmentCharge":-1
        },
        "18":{
          "refId":"iron arrow",
          "count":60,
          "charge":-1,
          "enchantmentCharge":-1
        }
      },
      "inventory":[{
          "refId":"p_fire_shield_s",
          "count":1,
          "charge":-1,
          "enchantmentCharge":-1,
          "soul":""
        },{
          "refId":"p_restore_health_b",
          "count":2,
          "charge":-1,
          "enchantmentCharge":-1,
          "soul":""
        },{
          "refId":"dragonscale_towershield",
          "count":1,
          "charge":-1,
          "enchantmentCharge":-1,
          "soul":""
        },{
          "refId":"imperial_chain_cuirass",
          "count":1,
          "charge":-1,
          "enchantmentCharge":-1,
          "soul":""
        },{
          "refId":"common_shirt_02_t",
          "count":1,
          "charge":-1,
          "enchantmentCharge":-1,
          "soul":""
        },{
          "refId":"extravagant_shoes_02",
          "count":1,
          "charge":-1,
          "enchantmentCharge":-1,
          "soul":""
        },{
          "refId":"common_pants_05",
          "count":1,
          "charge":-1,
          "enchantmentCharge":-1,
          "soul":""
        },{
          "refId":"iron arrow",
          "count":60,
          "charge":-1,
          "enchantmentCharge":-1,
          "soul":""
        },{
          "refId":"long bow",
          "count":1,
          "charge":-1,
          "enchantmentCharge":-1,
          "soul":""
        },{
          "refId":"iron longsword",
          "count":1,
          "charge":-1,
          "enchantmentCharge":-1,
          "soul":""
        }]
    },
    "476291-0":{
      "refId":"flora_stoneflower_01",
      "inventory":[{
          "refId":"ingred_stoneflower_petals_01",
          "count":1,
          "charge":-1,
          "enchantmentCharge":-1,
          "soul":""
        }]
    },
    "43351-0":{
      "refId":"flora_chokeweed_02",
      "inventory":[{
          "refId":"ingred_chokeweed_01",
          "count":1,
          "charge":-1,
          "enchantmentCharge":-1,
          "soul":""
        }]
    },
    "476262-0":{
      "refId":"flora_rm_scathecraw_01",
      "inventory":[{
          "refId":"ingred_scathecraw_01",
          "count":1,
          "charge":-1,
          "enchantmentCharge":-1,
          "soul":""
        }]
    },
    "476290-0":{
      "refId":"flora_stoneflower_02",
      "inventory":[{
          "refId":"ingred_stoneflower_petals_01",
          "count":1,
          "charge":-1,
          "enchantmentCharge":-1,
          "soul":""
        }]
    },
    "43357-0":{
      "refId":"flora_chokeweed_02",
      "inventory":[{
          "refId":"ingred_chokeweed_01",
          "count":1,
          "charge":-1,
          "enchantmentCharge":-1,
          "soul":""
        }]
    },
    "476289-0":{
      "refId":"flora_stoneflower_01",
      "inventory":[{
          "refId":"ingred_stoneflower_petals_01",
          "count":1,
          "charge":-1,
          "enchantmentCharge":-1,
          "soul":""
        }]
    },
    "476264-0":{
      "refId":"flora_rm_scathecraw_01",
      "inventory":[{
          "refId":"ingred_scathecraw_01",
          "count":1,
          "charge":-1,
          "enchantmentCharge":-1,
          "soul":""
        }]
    }
  },
  "loadState":{
    "hasFullContainerData":true,
    "hasFullActorList":true
  }
}