{
  "packets":{
    "actorList":["0-12","0-10","0-11","474443-0"],
    "ai":[],
    "cellChangeFrom":[],
    "cellChangeTo":[],
    "container":["267076-0","267077-0","267078-0","267146-0","267147-0","267148-0","267230-0","267231-0","267232-0","267233-0","267234-0","267235-0","267239-0","267246-0","267285-0","267286-0","267290-0","267291-0","267292-0","267293-0","474443-0","0-12","0-10","0-11"],
    "death":[],
    "delete":[],
    "doorState":[],
    "equipment":["474443-0"],
    "lock":[],
    "place":[],
    "position":["474443-0","0-10","0-11","0-12"],
    "scale":[],
    "spawn":["0-12","0-10","0-11"],
    "state":["474443-0"],
    "statsDynamic":["474443-0","0-10","0-11","0-12"],
    "trap":[],
    "spellsActive":[],
    "miscellaneous":[],
    "clientScriptLocal":[]
  },
  "entry":{
    "creationTime":1670164126,
    "description":"-3, -8"
  },
  "lastVisit":{
    "focal02":1670172851,
    "focal01":1670164168
  },
  "recordLinks":[],
  "objectData":{
    "474443-0":{
      "refId":"agronian guy",
      "location":{
        "posX":-16747.36328125,
        "posZ":3114.6623535156,
        "posY":-58568.0390625,
        "rotX":0,
        "rotY":0,
        "rotZ":0
      },
      "stats":{
        "healthCurrent":5,
        "magickaCurrent":22,
        "healthModified":5,
        "fatigueBase":224,
        "magickaModified":22,
        "fatigueModified":224,
        "healthBase":5,
        "magickaBase":22,
        "fatigueCurrent":224
      },
      "equipment":{
        "0":{
          "refId":"fur_colovian_helm",
          "count":1,
          "charge":-1,
          "enchantmentCharge":-1
        },
        "11":{
          "refId":"extravagant_robe_01_t",
          "count":1,
          "charge":-1,
          "enchantmentCharge":-1
        },
        "16":{
          "refId":"iron sparksword",
          "count":1,
          "charge":-1,
          "enchantmentCharge":-1
        },
        "7":{
          "refId":"extravagant_shoes_02",
          "count":1,
          "charge":-1,
          "enchantmentCharge":-1
        }
      },
      "inventory":[{
          "refId":"fur_colovian_helm",
          "count":1,
          "charge":-1,
          "enchantmentCharge":-1,
          "soul":""
        },{
          "refId":"sc_icarianflight",
          "count":3,
          "charge":-1,
          "enchantmentCharge":-1,
          "soul":""
        },{
          "refId":"extravagant_robe_01_t",
          "count":1,
          "charge":-1,
          "enchantmentCharge":-1,
          "soul":""
        },{
          "refId":"extravagant_shoes_02",
          "count":1,
          "charge":-1,
          "enchantmentCharge":-1,
          "soul":""
        },{
          "refId":"gold_001",
          "count":13,
          "charge":-1,
          "enchantmentCharge":-1,
          "soul":""
        },{
          "refId":"iron sparksword",
          "count":1,
          "charge":-1,
          "enchantmentCharge":-1,
          "soul":""
        }],
      "state":false
    },
    "267146-0":{
      "refId":"flora_bc_podplant_03",
      "inventory":[{
          "refId":"ingred_bc_coda_flower",
          "count":1,
          "charge":-1,
          "enchantmentCharge":-1,
          "soul":""
        }]
    },
    "267148-0":{
      "refId":"flora_bc_podplant_01",
      "inventory":[]
    },
    "267077-0":{
      "refId":"flora_bc_mushroom_08",
      "inventory":[{
          "refId":"ingred_coprinus_01",
          "count":1,
          "charge":-1,
          "enchantmentCharge":-1,
          "soul":""
        }]
    },
    "267239-0":{
      "refId":"flora_bc_mushroom_03",
      "inventory":[]
    },
    "267291-0":{
      "refId":"flora_bc_mushroom_06",
      "inventory":[{
          "refId":"ingred_coprinus_01",
          "count":1,
          "charge":-1,
          "enchantmentCharge":-1,
          "soul":""
        }]
    },
    "267078-0":{
      "refId":"flora_bc_mushroom_08",
      "inventory":[{
          "refId":"ingred_coprinus_01",
          "count":2,
          "charge":-1,
          "enchantmentCharge":-1,
          "soul":""
        }]
    },
    "267285-0":{
      "refId":"flora_bc_mushroom_07",
      "inventory":[{
          "refId":"ingred_coprinus_01",
          "count":1,
          "charge":-1,
          "enchantmentCharge":-1,
          "soul":""
        }]
    },
    "0-11":{
      "refId":"kwama forager",
      "location":{
        "posX":-22397.291015625,
        "posZ":1878.2321777344,
        "posY":-60003.05078125,
        "rotX":-0.26645341515541,
        "rotY":0,
        "rotZ":1.6595070362091
      },
      "stats":{
        "healthCurrent":23,
        "magickaCurrent":15,
        "healthModified":23,
        "fatigueBase":300,
        "fatigueModified":300,
        "healthBase":23,
        "magickaModified":15,
        "magickaBase":15,
        "fatigueCurrent":300
      },
      "inventory":[{
          "refId":"ingred_kwama_cuttle_01",
          "count":1,
          "charge":-1,
          "enchantmentCharge":-1,
          "soul":""
        }]
    },
    "267246-0":{
      "refId":"flora_bc_mushroom_01",
      "inventory":[{
          "refId":"ingred_russula_01",
          "count":1,
          "charge":-1,
          "enchantmentCharge":-1,
          "soul":""
        }]
    },
    "0-10":{
      "refId":"mudcrab",
      "location":{
        "posX":-18561.93359375,
        "posZ":687.54351806641,
        "posY":-60543.66796875,
        "rotX":-0.26449507474899,
        "rotY":0,
        "rotZ":1.0061838626862
      },
      "stats":{
        "healthCurrent":15,
        "magickaCurrent":5,
        "healthModified":15,
        "fatigueBase":400,
        "fatigueModified":400,
        "healthBase":15,
        "magickaModified":5,
        "magickaBase":5,
        "fatigueCurrent":400
      },
      "inventory":[{
          "refId":"ingred_crab_meat_01",
          "count":1,
          "charge":-1,
          "enchantmentCharge":-1,
          "soul":""
        }]
    },
    "0-12":{
      "refId":"scrib",
      "location":{
        "posX":-20205.984375,
        "posZ":280.66876220703,
        "posY":-64770.8515625,
        "rotX":0.12966744601727,
        "rotY":0,
        "rotZ":-2.736043214798
      },
      "stats":{
        "healthCurrent":8,
        "magickaCurrent":12,
        "healthModified":8,
        "fatigueBase":300,
        "fatigueModified":300,
        "healthBase":8,
        "magickaModified":12,
        "magickaBase":12,
        "fatigueCurrent":300
      },
      "inventory":[{
          "refId":"ingred_scrib_jelly_01",
          "count":1,
          "charge":-1,
          "enchantmentCharge":-1,
          "soul":""
        }]
    },
    "267076-0":{
      "refId":"flora_bc_mushroom_08",
      "inventory":[{
          "refId":"ingred_coprinus_01",
          "count":2,
          "charge":-1,
          "enchantmentCharge":-1,
          "soul":""
        }]
    },
    "267290-0":{
      "refId":"flora_bc_podplant_01",
      "inventory":[{
          "refId":"ingred_bc_ampoule_pod",
          "count":1,
          "charge":-1,
          "enchantmentCharge":-1,
          "soul":""
        }]
    },
    "267147-0":{
      "refId":"flora_bc_podplant_01",
      "inventory":[{
          "refId":"ingred_bc_ampoule_pod",
          "count":1,
          "charge":-1,
          "enchantmentCharge":-1,
          "soul":""
        }]
    },
    "267235-0":{
      "refId":"flora_bc_mushroom_04",
      "inventory":[{
          "refId":"ingred_russula_01",
          "count":2,
          "charge":-1,
          "enchantmentCharge":-1,
          "soul":""
        }]
    },
    "267233-0":{
      "refId":"flora_bc_shelffungus_03",
      "inventory":[{
          "refId":"ingred_bc_hypha_facia",
          "count":1,
          "charge":-1,
          "enchantmentCharge":-1,
          "soul":""
        }]
    },
    "267286-0":{
      "refId":"flora_bc_mushroom_07",
      "inventory":[{
          "refId":"ingred_coprinus_01",
          "count":1,
          "charge":-1,
          "enchantmentCharge":-1,
          "soul":""
        }]
    },
    "267231-0":{
      "refId":"flora_bc_shelffungus_02",
      "inventory":[]
    },
    "267230-0":{
      "refId":"flora_bc_shelffungus_01",
      "inventory":[{
          "refId":"ingred_bc_bungler's_bane",
          "count":1,
          "charge":-1,
          "enchantmentCharge":-1,
          "soul":""
        }]
    },
    "267292-0":{
      "refId":"flora_bc_podplant_01",
      "inventory":[{
          "refId":"ingred_bc_ampoule_pod",
          "count":1,
          "charge":-1,
          "enchantmentCharge":-1,
          "soul":""
        }]
    },
    "267293-0":{
      "refId":"flora_bc_podplant_03",
      "inventory":[]
    },
    "267234-0":{
      "refId":"flora_bc_shelffungus_03",
      "inventory":[{
          "refId":"ingred_bc_hypha_facia",
          "count":1,
          "charge":-1,
          "enchantmentCharge":-1,
          "soul":""
        }]
    },
    "267232-0":{
      "refId":"flora_bc_shelffungus_02",
      "inventory":[{
          "refId":"ingred_bc_bungler's_bane",
          "count":1,
          "charge":-1,
          "enchantmentCharge":-1,
          "soul":""
        }]
    }
  },
  "loadState":{
    "hasFullContainerData":true,
    "hasFullActorList":true
  }
}