{
  "packets":{
    "actorList":[],
    "ai":[],
    "cellChangeFrom":[],
    "cellChangeTo":[],
    "container":["251933-0","251934-0","251935-0","251936-0","251937-0","252002-0","252003-0","252017-0","252018-0","252019-0","252020-0","252021-0","252030-0","252031-0","252032-0","252039-0","252040-0","252041-0","252047-0","252048-0","252049-0","252050-0","252051-0","252052-0","252053-0","252054-0","252075-0","252076-0"],
    "death":[],
    "delete":[],
    "doorState":[],
    "equipment":[],
    "lock":[],
    "place":[],
    "position":[],
    "scale":[],
    "spawn":[],
    "state":[],
    "statsDynamic":[],
    "trap":[],
    "spellsActive":[],
    "miscellaneous":[],
    "clientScriptLocal":[]
  },
  "entry":{
    "creationTime":1670164197,
    "description":"-4, -1"
  },
  "lastVisit":{
    "focal01":1670197903
  },
  "recordLinks":[],
  "objectData":{
    "251935-0":{
      "refId":"flora_bc_podplant_01",
      "inventory":[{
          "refId":"ingred_bc_ampoule_pod",
          "count":1,
          "charge":-1,
          "enchantmentCharge":-1,
          "soul":""
        }]
    },
    "252031-0":{
      "refId":"flora_bc_shelffungus_03",
      "inventory":[{
          "refId":"ingred_bc_hypha_facia",
          "count":1,
          "charge":-1,
          "enchantmentCharge":-1,
          "soul":""
        }]
    },
    "252002-0":{
      "refId":"flora_bc_mushroom_05",
      "inventory":[{
          "refId":"ingred_russula_01",
          "count":1,
          "charge":-1,
          "enchantmentCharge":-1,
          "soul":""
        }]
    },
    "252030-0":{
      "refId":"flora_hackle-lo_01",
      "inventory":[{
          "refId":"ingred_hackle-lo_leaf_01",
          "count":1,
          "charge":-1,
          "enchantmentCharge":-1,
          "soul":""
        }]
    },
    "252021-0":{
      "refId":"flora_bc_shelffungus_02",
      "inventory":[{
          "refId":"ingred_bc_bungler's_bane",
          "count":1,
          "charge":-1,
          "enchantmentCharge":-1,
          "soul":""
        }]
    },
    "251936-0":{
      "refId":"flora_bc_mushroom_08",
      "inventory":[{
          "refId":"ingred_coprinus_01",
          "count":2,
          "charge":-1,
          "enchantmentCharge":-1,
          "soul":""
        }]
    },
    "252018-0":{
      "refId":"flora_bc_shelffungus_03",
      "inventory":[{
          "refId":"ingred_bc_hypha_facia",
          "count":1,
          "charge":-1,
          "enchantmentCharge":-1,
          "soul":""
        }]
    },
    "251934-0":{
      "refId":"flora_bc_podplant_01",
      "inventory":[]
    },
    "252075-0":{
      "refId":"flora_bc_mushroom_05",
      "inventory":[{
          "refId":"ingred_russula_01",
          "count":1,
          "charge":-1,
          "enchantmentCharge":-1,
          "soul":""
        }]
    },
    "252048-0":{
      "refId":"flora_bc_shelffungus_01",
      "inventory":[{
          "refId":"ingred_bc_bungler's_bane",
          "count":1,
          "charge":-1,
          "enchantmentCharge":-1,
          "soul":""
        }]
    },
    "252039-0":{
      "refId":"flora_bc_mushroom_06",
      "inventory":[{
          "refId":"ingred_coprinus_01",
          "count":1,
          "charge":-1,
          "enchantmentCharge":-1,
          "soul":""
        }]
    },
    "251933-0":{
      "refId":"flora_bc_podplant_01",
      "inventory":[{
          "refId":"ingred_bc_ampoule_pod",
          "count":1,
          "charge":-1,
          "enchantmentCharge":-1,
          "soul":""
        }]
    },
    "252041-0":{
      "refId":"flora_bc_mushroom_06",
      "inventory":[{
          "refId":"ingred_coprinus_01",
          "count":1,
          "charge":-1,
          "enchantmentCharge":-1,
          "soul":""
        }]
    },
    "252052-0":{
      "refId":"flora_bc_shelffungus_03",
      "inventory":[{
          "refId":"ingred_bc_hypha_facia",
          "count":1,
          "charge":-1,
          "enchantmentCharge":-1,
          "soul":""
        }]
    },
    "252054-0":{
      "refId":"flora_bc_shelffungus_02",
      "inventory":[]
    },
    "252040-0":{
      "refId":"flora_bc_mushroom_08",
      "inventory":[{
          "refId":"ingred_coprinus_01",
          "count":1,
          "charge":-1,
          "enchantmentCharge":-1,
          "soul":""
        }]
    },
    "252049-0":{
      "refId":"flora_bc_shelffungus_01",
      "inventory":[{
          "refId":"ingred_bc_bungler's_bane",
          "count":1,
          "charge":-1,
          "enchantmentCharge":-1,
          "soul":""
        }]
    },
    "252032-0":{
      "refId":"flora_bc_shelffungus_04",
      "inventory":[]
    },
    "252017-0":{
      "refId":"flora_bc_shelffungus_03",
      "inventory":[{
          "refId":"ingred_bc_hypha_facia",
          "count":1,
          "charge":-1,
          "enchantmentCharge":-1,
          "soul":""
        }]
    },
    "252050-0":{
      "refId":"flora_bc_shelffungus_02",
      "inventory":[{
          "refId":"ingred_bc_bungler's_bane",
          "count":1,
          "charge":-1,
          "enchantmentCharge":-1,
          "soul":""
        }]
    },
    "252051-0":{
      "refId":"flora_bc_shelffungus_02",
      "inventory":[{
          "refId":"ingred_bc_bungler's_bane",
          "count":1,
          "charge":-1,
          "enchantmentCharge":-1,
          "soul":""
        }]
    },
    "251937-0":{
      "refId":"flora_bc_mushroom_06",
      "inventory":[{
          "refId":"ingred_coprinus_01",
          "count":1,
          "charge":-1,
          "enchantmentCharge":-1,
          "soul":""
        }]
    },
    "252003-0":{
      "refId":"flora_bc_mushroom_01",
      "inventory":[{
          "refId":"ingred_russula_01",
          "count":1,
          "charge":-1,
          "enchantmentCharge":-1,
          "soul":""
        }]
    },
    "252053-0":{
      "refId":"flora_bc_shelffungus_01",
      "inventory":[{
          "refId":"ingred_bc_bungler's_bane",
          "count":1,
          "charge":-1,
          "enchantmentCharge":-1,
          "soul":""
        }]
    },
    "252076-0":{
      "refId":"flora_bc_mushroom_01",
      "inventory":[{
          "refId":"ingred_russula_01",
          "count":1,
          "charge":-1,
          "enchantmentCharge":-1,
          "soul":""
        }]
    },
    "252019-0":{
      "refId":"flora_bc_shelffungus_04",
      "inventory":[{
          "refId":"ingred_bc_hypha_facia",
          "count":1,
          "charge":-1,
          "enchantmentCharge":-1,
          "soul":""
        }]
    },
    "252020-0":{
      "refId":"flora_bc_shelffungus_04",
      "inventory":[{
          "refId":"ingred_bc_hypha_facia",
          "count":1,
          "charge":-1,
          "enchantmentCharge":-1,
          "soul":""
        }]
    },
    "252047-0":{
      "refId":"flora_bc_mushroom_04",
      "inventory":[{
          "refId":"ingred_russula_01",
          "count":1,
          "charge":-1,
          "enchantmentCharge":-1,
          "soul":""
        }]
    }
  },
  "loadState":{
    "hasFullContainerData":true,
    "hasFullActorList":true
  }
}