{
  "packets":{
    "actorList":["480590-0","0-25"],
    "ai":[],
    "cellChangeFrom":[],
    "cellChangeTo":[],
    "container":["67301-0","67304-0","67314-0","252170-0","252171-0","252200-0","252212-0","252213-0","252218-0","252219-0","252220-0","252222-0","252223-0","252224-0","252225-0","34121-0","476456-0","476461-0","476463-0","476468-0","476473-0","476474-0","476475-0","476476-0","476477-0","480590-0","0-25"],
    "death":[],
    "delete":[],
    "doorState":[],
    "equipment":[],
    "lock":[],
    "place":[],
    "position":["480590-0","0-25"],
    "scale":[],
    "spawn":["0-25"],
    "state":[],
    "statsDynamic":["480590-0","0-25"],
    "trap":[],
    "spellsActive":[],
    "miscellaneous":[],
    "clientScriptLocal":[]
  },
  "entry":{
    "creationTime":1670164168,
    "description":"-4, -3"
  },
  "lastVisit":{
    "focal01":1670197903
  },
  "recordLinks":[],
  "objectData":{
    "476474-0":{
      "refId":"flora_gold_kanet_01",
      "inventory":[{
          "refId":"ingred_gold_kanet_01",
          "count":1,
          "charge":-1,
          "enchantmentCharge":-1,
          "soul":""
        }]
    },
    "252212-0":{
      "refId":"flora_bc_shelffungus_03",
      "inventory":[{
          "refId":"ingred_bc_hypha_facia",
          "count":1,
          "charge":-1,
          "enchantmentCharge":-1,
          "soul":""
        }]
    },
    "252213-0":{
      "refId":"flora_bc_shelffungus_04",
      "inventory":[{
          "refId":"ingred_bc_hypha_facia",
          "count":1,
          "charge":-1,
          "enchantmentCharge":-1,
          "soul":""
        }]
    },
    "476477-0":{
      "refId":"flora_willow_flower_02",
      "inventory":[{
          "refId":"ingred_willow_anther_01",
          "count":1,
          "charge":-1,
          "enchantmentCharge":-1,
          "soul":""
        }]
    },
    "252224-0":{
      "refId":"flora_bc_shelffungus_02",
      "inventory":[{
          "refId":"ingred_bc_bungler's_bane",
          "count":1,
          "charge":-1,
          "enchantmentCharge":-1,
          "soul":""
        }]
    },
    "252170-0":{
      "refId":"flora_hackle-lo_01",
      "inventory":[{
          "refId":"ingred_hackle-lo_leaf_01",
          "count":1,
          "charge":-1,
          "enchantmentCharge":-1,
          "soul":""
        }]
    },
    "252200-0":{
      "refId":"flora_bc_fern_01",
      "inventory":[{
          "refId":"ingred_bc_spore_pod",
          "count":3,
          "charge":-1,
          "enchantmentCharge":-1,
          "soul":""
        }]
    },
    "252218-0":{
      "refId":"flora_bc_mushroom_06",
      "inventory":[{
          "refId":"ingred_coprinus_01",
          "count":1,
          "charge":-1,
          "enchantmentCharge":-1,
          "soul":""
        }]
    },
    "476461-0":{
      "refId":"flora_comberry_01",
      "inventory":[{
          "refId":"ingred_comberry_01",
          "count":1,
          "charge":-1,
          "enchantmentCharge":-1,
          "soul":""
        }]
    },
    "476468-0":{
      "refId":"flora_heather_01",
      "inventory":[{
          "refId":"ingred_heather_01",
          "count":2,
          "charge":-1,
          "enchantmentCharge":-1,
          "soul":""
        }]
    },
    "252171-0":{
      "refId":"flora_bc_mushroom_04",
      "inventory":[{
          "refId":"ingred_russula_01",
          "count":2,
          "charge":-1,
          "enchantmentCharge":-1,
          "soul":""
        }]
    },
    "252220-0":{
      "refId":"flora_bc_mushroom_06",
      "inventory":[{
          "refId":"ingred_coprinus_01",
          "count":1,
          "charge":-1,
          "enchantmentCharge":-1,
          "soul":""
        }]
    },
    "0-25":{
      "refId":"cliff racer",
      "location":{
        "posX":-32722.78125,
        "posZ":751.89862060547,
        "posY":-16614.919921875,
        "rotX":4.3768435716629e-05,
        "rotY":0,
        "rotZ":-1.5625374317169
      },
      "stats":{
        "healthCurrent":45,
        "magickaCurrent":20,
        "healthModified":45,
        "fatigueBase":400,
        "fatigueModified":400,
        "healthBase":45,
        "magickaModified":20,
        "magickaBase":20,
        "fatigueCurrent":400
      },
      "inventory":[]
    },
    "67304-0":{
      "refId":"flora_corkbulb",
      "inventory":[]
    },
    "480590-0":{
      "refId":"scrib",
      "location":{
        "posX":-26685.923828125,
        "posZ":418.00238037109,
        "posY":-24375.4453125,
        "rotX":-0.18293315172195,
        "rotY":0,
        "rotZ":-1.8722474575043
      },
      "stats":{
        "healthCurrent":8,
        "magickaCurrent":12,
        "healthModified":8,
        "fatigueBase":300,
        "fatigueModified":300,
        "healthBase":8,
        "magickaModified":12,
        "magickaBase":12,
        "fatigueCurrent":300
      },
      "inventory":[{
          "refId":"ingred_scrib_jelly_01",
          "count":1,
          "charge":-1,
          "enchantmentCharge":-1,
          "soul":""
        }]
    },
    "34121-0":{
      "refId":"com_basket_01_empty",
      "inventory":[]
    },
    "67301-0":{
      "refId":"flora_corkbulb",
      "inventory":[{
          "refId":"ingred_corkbulb_root_01",
          "count":1,
          "charge":-1,
          "enchantmentCharge":-1,
          "soul":""
        }]
    },
    "476476-0":{
      "refId":"flora_willow_flower_01",
      "inventory":[{
          "refId":"ingred_willow_anther_01",
          "count":1,
          "charge":-1,
          "enchantmentCharge":-1,
          "soul":""
        }]
    },
    "476475-0":{
      "refId":"flora_gold_kanet_02",
      "inventory":[{
          "refId":"ingred_gold_kanet_01",
          "count":1,
          "charge":-1,
          "enchantmentCharge":-1,
          "soul":""
        }]
    },
    "252225-0":{
      "refId":"flora_bc_shelffungus_03",
      "inventory":[{
          "refId":"ingred_bc_hypha_facia",
          "count":1,
          "charge":-1,
          "enchantmentCharge":-1,
          "soul":""
        }]
    },
    "252222-0":{
      "refId":"flora_bc_shelffungus_01",
      "inventory":[{
          "refId":"ingred_bc_bungler's_bane",
          "count":1,
          "charge":-1,
          "enchantmentCharge":-1,
          "soul":""
        }]
    },
    "252219-0":{
      "refId":"flora_bc_mushroom_08",
      "inventory":[{
          "refId":"ingred_coprinus_01",
          "count":2,
          "charge":-1,
          "enchantmentCharge":-1,
          "soul":""
        }]
    },
    "476463-0":{
      "refId":"flora_heather_01",
      "inventory":[{
          "refId":"ingred_heather_01",
          "count":2,
          "charge":-1,
          "enchantmentCharge":-1,
          "soul":""
        }]
    },
    "476456-0":{
      "refId":"flora_heather_01",
      "inventory":[{
          "refId":"ingred_heather_01",
          "count":2,
          "charge":-1,
          "enchantmentCharge":-1,
          "soul":""
        }]
    },
    "476473-0":{
      "refId":"flora_heather_01",
      "inventory":[{
          "refId":"ingred_heather_01",
          "count":1,
          "charge":-1,
          "enchantmentCharge":-1,
          "soul":""
        }]
    },
    "67314-0":{
      "refId":"flora_heather_01",
      "inventory":[{
          "refId":"ingred_heather_01",
          "count":2,
          "charge":-1,
          "enchantmentCharge":-1,
          "soul":""
        }]
    },
    "252223-0":{
      "refId":"flora_bc_shelffungus_02",
      "inventory":[{
          "refId":"ingred_bc_bungler's_bane",
          "count":1,
          "charge":-1,
          "enchantmentCharge":-1,
          "soul":""
        }]
    }
  },
  "loadState":{
    "hasFullContainerData":true,
    "hasFullActorList":true
  }
}