{
  "packets":{
    "actorList":[],
    "ai":[],
    "cellChangeFrom":[],
    "cellChangeTo":[],
    "container":[],
    "death":[],
    "delete":[],
    "doorState":[],
    "equipment":[],
    "lock":[],
    "place":[],
    "position":[],
    "scale":[],
    "spawn":[],
    "state":["482626-0","288985-0","288983-0","288984-0"],
    "statsDynamic":[],
    "trap":[],
    "spellsActive":[],
    "miscellaneous":[],
    "clientScriptLocal":[]
  },
  "entry":{
    "creationTime":1670164783,
    "description":"-8, 2"
  },
  "lastVisit":[],
  "recordLinks":[],
  "objectData":{
    "482626-0":{
      "refId":"netch_bull_dead_2",
      "state":false
    },
    "288983-0":{
      "refId":"dreynis nothro",
      "state":false
    },
    "288985-0":{
      "refId":"farvyn oreyn",
      "state":false
    },
    "288984-0":{
      "refId":"vala herennius",
      "state":false
    }
  },
  "loadState":{
    "hasFullContainerData":false,
    "hasFullActorList":false
  }
}