{
  "packets":{
    "actorList":[],
    "ai":[],
    "cellChangeFrom":[],
    "cellChangeTo":[],
    "container":[],
    "death":[],
    "delete":[],
    "doorState":[],
    "equipment":[],
    "lock":[],
    "place":[],
    "position":[],
    "scale":[],
    "spawn":[],
    "state":["335106-0","335102-0","335099-0","335105-0","320832-0","320831-0","363119-0","390572-0","390573-0","390570-0","390571-0","335101-0","335107-0","335103-0","390575-0","335104-0","335100-0","390574-0"],
    "statsDynamic":[],
    "trap":[],
    "spellsActive":[],
    "miscellaneous":[],
    "clientScriptLocal":[]
  },
  "entry":{
    "creationTime":1670164782,
    "description":"-9, 4"
  },
  "lastVisit":[],
  "recordLinks":[],
  "objectData":{
    "335107-0":{
      "refId":"ex_de_scaffold_02a_boe",
      "state":false
    },
    "363119-0":{
      "refId":"duma gro-lag2",
      "state":false
    },
    "335100-0":{
      "refId":"misc_com_bucket_boe_unia",
      "state":false
    },
    "335102-0":{
      "refId":"ex_de_scaffold_02_boe",
      "state":false
    },
    "335103-0":{
      "refId":"ex_de_scaffold_02b_boe",
      "state":false
    },
    "335105-0":{
      "refId":"ex_de_scaffold_03_boe",
      "state":false
    },
    "390570-0":{
      "refId":"dumburz gro-bulfish",
      "state":false
    },
    "390573-0":{
      "refId":"lazgar gra-durog",
      "state":false
    },
    "335099-0":{
      "refId":"misc_com_bucket_boe_uni",
      "state":false
    },
    "390574-0":{
      "refId":"misc_com_bucket_boe_unib",
      "state":false
    },
    "320832-0":{
      "refId":"ex_dae_r_platform_01_boe",
      "state":false
    },
    "335101-0":{
      "refId":"ex_de_scaffold_01a_boe",
      "state":false
    },
    "320831-0":{
      "refId":"ex_dae_boethiah_fixed",
      "state":false
    },
    "390572-0":{
      "refId":"ugdumph gro-lumbuk",
      "state":false
    },
    "390575-0":{
      "refId":"ex_de_scaffold_02c_boe",
      "state":false
    },
    "390571-0":{
      "refId":"shulonk gro-azorku",
      "state":false
    },
    "335106-0":{
      "refId":"ex_de_scaffold_01_boe",
      "state":false
    },
    "335104-0":{
      "refId":"ex_de_scaffold_03a_boe",
      "state":false
    }
  },
  "loadState":{
    "hasFullContainerData":false,
    "hasFullActorList":false
  }
}