{
  "packets":{
    "actorList":["0-36","0-37"],
    "ai":[],
    "cellChangeFrom":[],
    "cellChangeTo":[],
    "container":["164419-0","164420-0","164421-0","164422-0","164423-0","164424-0","164425-0","164426-0","164427-0","164428-0","164429-0","164430-0","164431-0","164432-0","164433-0","164434-0","164435-0","164436-0","164437-0","164438-0","0-36","0-37"],
    "death":[],
    "delete":[],
    "doorState":[],
    "equipment":[],
    "lock":[],
    "place":[],
    "position":["0-36","0-37"],
    "scale":[],
    "spawn":["0-36","0-37"],
    "state":[],
    "statsDynamic":["0-36"],
    "trap":[],
    "spellsActive":[],
    "miscellaneous":[],
    "clientScriptLocal":[]
  },
  "entry":{
    "creationTime":1670173431,
    "description":"0, -3"
  },
  "lastVisit":{
    "focal01":1670173488
  },
  "recordLinks":[],
  "objectData":{
    "164431-0":{
      "refId":"tramaroot_05",
      "inventory":[]
    },
    "164434-0":{
      "refId":"tramaroot_02",
      "inventory":[{
          "refId":"ingred_trama_root_01",
          "count":1,
          "charge":-1,
          "enchantmentCharge":-1,
          "soul":""
        }]
    },
    "164437-0":{
      "refId":"tramaroot_02",
      "inventory":[{
          "refId":"ingred_trama_root_01",
          "count":1,
          "charge":-1,
          "enchantmentCharge":-1,
          "soul":""
        }]
    },
    "164421-0":{
      "refId":"tramaroot_01",
      "inventory":[{
          "refId":"ingred_trama_root_01",
          "count":1,
          "charge":-1,
          "enchantmentCharge":-1,
          "soul":""
        }]
    },
    "164420-0":{
      "refId":"tramaroot_01",
      "inventory":[{
          "refId":"ingred_trama_root_01",
          "count":2,
          "charge":-1,
          "enchantmentCharge":-1,
          "soul":""
        }]
    },
    "164432-0":{
      "refId":"tramaroot_06",
      "inventory":[]
    },
    "164435-0":{
      "refId":"tramaroot_02",
      "inventory":[]
    },
    "164422-0":{
      "refId":"tramaroot_02",
      "inventory":[{
          "refId":"ingred_trama_root_01",
          "count":1,
          "charge":-1,
          "enchantmentCharge":-1,
          "soul":""
        }]
    },
    "164425-0":{
      "refId":"tramaroot_03",
      "inventory":[{
          "refId":"ingred_trama_root_01",
          "count":1,
          "charge":-1,
          "enchantmentCharge":-1,
          "soul":""
        }]
    },
    "164436-0":{
      "refId":"tramaroot_02",
      "inventory":[{
          "refId":"ingred_trama_root_01",
          "count":1,
          "charge":-1,
          "enchantmentCharge":-1,
          "soul":""
        }]
    },
    "164438-0":{
      "refId":"tramaroot_01",
      "inventory":[{
          "refId":"ingred_trama_root_01",
          "count":3,
          "charge":-1,
          "enchantmentCharge":-1,
          "soul":""
        }]
    },
    "164429-0":{
      "refId":"tramaroot_04",
      "inventory":[{
          "refId":"ingred_trama_root_01",
          "count":1,
          "charge":-1,
          "enchantmentCharge":-1,
          "soul":""
        }]
    },
    "164428-0":{
      "refId":"tramaroot_06",
      "inventory":[]
    },
    "0-36":{
      "refId":"cliff racer",
      "location":{
        "posX":8016.2065429688,
        "posZ":3485.28515625,
        "posY":-18181.8984375,
        "rotX":0,
        "rotY":0,
        "rotZ":1.2148549556732
      },
      "stats":{
        "healthCurrent":45,
        "magickaCurrent":20,
        "healthModified":45,
        "fatigueBase":400,
        "fatigueModified":400,
        "healthBase":45,
        "magickaModified":20,
        "magickaBase":20,
        "fatigueCurrent":400
      },
      "inventory":[]
    },
    "0-37":{
      "refId":"cliff racer",
      "location":{
        "posX":2087.4477539063,
        "posZ":4526.9350585938,
        "posY":-21900.537109375,
        "rotX":0,
        "rotY":0,
        "rotZ":0.79409098625183
      },
      "inventory":[{
          "refId":"ingred_racer_plumes_01",
          "count":1,
          "charge":-1,
          "enchantmentCharge":-1,
          "soul":""
        }]
    },
    "164424-0":{
      "refId":"tramaroot_02",
      "inventory":[{
          "refId":"ingred_trama_root_01",
          "count":1,
          "charge":-1,
          "enchantmentCharge":-1,
          "soul":""
        }]
    },
    "164426-0":{
      "refId":"tramaroot_04",
      "inventory":[{
          "refId":"ingred_trama_root_01",
          "count":1,
          "charge":-1,
          "enchantmentCharge":-1,
          "soul":""
        }]
    },
    "164423-0":{
      "refId":"tramaroot_02",
      "inventory":[{
          "refId":"ingred_trama_root_01",
          "count":1,
          "charge":-1,
          "enchantmentCharge":-1,
          "soul":""
        }]
    },
    "164427-0":{
      "refId":"tramaroot_05",
      "inventory":[{
          "refId":"ingred_trama_root_01",
          "count":1,
          "charge":-1,
          "enchantmentCharge":-1,
          "soul":""
        }]
    },
    "164419-0":{
      "refId":"tramaroot_01",
      "inventory":[{
          "refId":"ingred_trama_root_01",
          "count":3,
          "charge":-1,
          "enchantmentCharge":-1,
          "soul":""
        }]
    },
    "164433-0":{
      "refId":"tramaroot_02",
      "inventory":[{
          "refId":"ingred_trama_root_01",
          "count":1,
          "charge":-1,
          "enchantmentCharge":-1,
          "soul":""
        }]
    },
    "164430-0":{
      "refId":"tramaroot_04",
      "inventory":[{
          "refId":"ingred_trama_root_01",
          "count":1,
          "charge":-1,
          "enchantmentCharge":-1,
          "soul":""
        }]
    }
  },
  "loadState":{
    "hasFullContainerData":true,
    "hasFullActorList":true
  }
}