{
  "packets":{
    "actorList":[],
    "ai":[],
    "cellChangeFrom":[],
    "cellChangeTo":[],
    "container":["76409-0","76410-0","76411-0","76412-0","76413-0","76255-0","76258-0","76259-0","359614-0","468006-0","468007-0","468008-0","468009-0","468010-0","468011-0","468013-0","468014-0","468015-0","468016-0","468017-0","468018-0","468019-0","468020-0","468021-0","468022-0","468023-0"],
    "death":[],
    "delete":[],
    "doorState":[],
    "equipment":[],
    "lock":[],
    "place":[],
    "position":[],
    "scale":[],
    "spawn":[],
    "state":[],
    "statsDynamic":[],
    "trap":[],
    "spellsActive":[],
    "miscellaneous":[],
    "clientScriptLocal":[]
  },
  "entry":{
    "creationTime":1670173431,
    "description":"0, -4"
  },
  "lastVisit":{
    "focal01":1670173488
  },
  "recordLinks":[],
  "objectData":{
    "76413-0":{
      "refId":"flora_comberry_01",
      "inventory":[{
          "refId":"ingred_comberry_01",
          "count":1,
          "charge":-1,
          "enchantmentCharge":-1,
          "soul":""
        }]
    },
    "468009-0":{
      "refId":"flora_gold_kanet_01",
      "inventory":[{
          "refId":"ingred_gold_kanet_01",
          "count":1,
          "charge":-1,
          "enchantmentCharge":-1,
          "soul":""
        }]
    },
    "468023-0":{
      "refId":"flora_willow_flower_02",
      "inventory":[{
          "refId":"ingred_willow_anther_01",
          "count":1,
          "charge":-1,
          "enchantmentCharge":-1,
          "soul":""
        }]
    },
    "76259-0":{
      "refId":"flora_heather_01",
      "inventory":[{
          "refId":"ingred_heather_01",
          "count":2,
          "charge":-1,
          "enchantmentCharge":-1,
          "soul":""
        }]
    },
    "468007-0":{
      "refId":"flora_gold_kanet_02",
      "inventory":[{
          "refId":"ingred_gold_kanet_01",
          "count":1,
          "charge":-1,
          "enchantmentCharge":-1,
          "soul":""
        }]
    },
    "468019-0":{
      "refId":"flora_black_anther_01",
      "inventory":[{
          "refId":"ingred_black_anther_01",
          "count":2,
          "charge":-1,
          "enchantmentCharge":-1,
          "soul":""
        }]
    },
    "76409-0":{
      "refId":"flora_corkbulb",
      "inventory":[{
          "refId":"ingred_corkbulb_root_01",
          "count":1,
          "charge":-1,
          "enchantmentCharge":-1,
          "soul":""
        }]
    },
    "468018-0":{
      "refId":"flora_black_anther_02",
      "inventory":[{
          "refId":"ingred_black_anther_01",
          "count":1,
          "charge":-1,
          "enchantmentCharge":-1,
          "soul":""
        }]
    },
    "359614-0":{
      "refId":"flora_corkbulb",
      "inventory":[{
          "refId":"ingred_corkbulb_root_01",
          "count":1,
          "charge":-1,
          "enchantmentCharge":-1,
          "soul":""
        }]
    },
    "76412-0":{
      "refId":"flora_comberry_01",
      "inventory":[{
          "refId":"ingred_comberry_01",
          "count":1,
          "charge":-1,
          "enchantmentCharge":-1,
          "soul":""
        }]
    },
    "468014-0":{
      "refId":"flora_black_anther_01",
      "inventory":[{
          "refId":"ingred_black_anther_01",
          "count":2,
          "charge":-1,
          "enchantmentCharge":-1,
          "soul":""
        }]
    },
    "468022-0":{
      "refId":"flora_willow_flower_01",
      "inventory":[{
          "refId":"ingred_willow_anther_01",
          "count":1,
          "charge":-1,
          "enchantmentCharge":-1,
          "soul":""
        }]
    },
    "468021-0":{
      "refId":"flora_willow_flower_02",
      "inventory":[{
          "refId":"ingred_willow_anther_01",
          "count":1,
          "charge":-1,
          "enchantmentCharge":-1,
          "soul":""
        }]
    },
    "76258-0":{
      "refId":"flora_heather_01",
      "inventory":[{
          "refId":"ingred_heather_01",
          "count":2,
          "charge":-1,
          "enchantmentCharge":-1,
          "soul":""
        }]
    },
    "468020-0":{
      "refId":"flora_willow_flower_01",
      "inventory":[{
          "refId":"ingred_willow_anther_01",
          "count":1,
          "charge":-1,
          "enchantmentCharge":-1,
          "soul":""
        }]
    },
    "468011-0":{
      "refId":"flora_stoneflower_02",
      "inventory":[{
          "refId":"ingred_stoneflower_petals_01",
          "count":1,
          "charge":-1,
          "enchantmentCharge":-1,
          "soul":""
        }]
    },
    "468015-0":{
      "refId":"flora_black_anther_02",
      "inventory":[{
          "refId":"ingred_black_anther_01",
          "count":1,
          "charge":-1,
          "enchantmentCharge":-1,
          "soul":""
        }]
    },
    "76410-0":{
      "refId":"flora_heather_01",
      "inventory":[{
          "refId":"ingred_heather_01",
          "count":2,
          "charge":-1,
          "enchantmentCharge":-1,
          "soul":""
        }]
    },
    "468006-0":{
      "refId":"flora_gold_kanet_01",
      "inventory":[]
    },
    "468016-0":{
      "refId":"flora_black_anther_02",
      "inventory":[{
          "refId":"ingred_black_anther_01",
          "count":1,
          "charge":-1,
          "enchantmentCharge":-1,
          "soul":""
        }]
    },
    "468017-0":{
      "refId":"flora_black_anther_01",
      "inventory":[{
          "refId":"ingred_black_anther_01",
          "count":2,
          "charge":-1,
          "enchantmentCharge":-1,
          "soul":""
        }]
    },
    "76411-0":{
      "refId":"flora_heather_01",
      "inventory":[{
          "refId":"ingred_heather_01",
          "count":2,
          "charge":-1,
          "enchantmentCharge":-1,
          "soul":""
        }]
    },
    "468010-0":{
      "refId":"flora_stoneflower_01",
      "inventory":[{
          "refId":"ingred_stoneflower_petals_01",
          "count":1,
          "charge":-1,
          "enchantmentCharge":-1,
          "soul":""
        }]
    },
    "468013-0":{
      "refId":"flora_stoneflower_01",
      "inventory":[{
          "refId":"ingred_stoneflower_petals_01",
          "count":1,
          "charge":-1,
          "enchantmentCharge":-1,
          "soul":""
        }]
    },
    "468008-0":{
      "refId":"flora_gold_kanet_02",
      "inventory":[{
          "refId":"ingred_gold_kanet_01",
          "count":1,
          "charge":-1,
          "enchantmentCharge":-1,
          "soul":""
        }]
    },
    "76255-0":{
      "refId":"flora_corkbulb",
      "inventory":[{
          "refId":"ingred_corkbulb_root_01",
          "count":1,
          "charge":-1,
          "enchantmentCharge":-1,
          "soul":""
        }]
    }
  },
  "loadState":{
    "hasFullContainerData":true,
    "hasFullActorList":true
  }
}