{
  "packets":{
    "actorList":["0-40","0-39","83144-0"],
    "ai":[],
    "cellChangeFrom":[],
    "cellChangeTo":[],
    "container":["83134-0","83135-0","83137-0","83142-0","83144-0","0-40","0-39"],
    "death":[],
    "delete":[],
    "doorState":[],
    "equipment":["83144-0"],
    "lock":[],
    "place":[],
    "position":["83144-0","0-39","0-40"],
    "scale":[],
    "spawn":["0-40","0-39"],
    "state":[],
    "statsDynamic":["83144-0","0-39","0-40"],
    "trap":[],
    "spellsActive":[],
    "miscellaneous":[],
    "clientScriptLocal":[]
  },
  "entry":{
    "creationTime":1670173431,
    "description":"0, -2"
  },
  "lastVisit":{
    "focal01":1670173488
  },
  "recordLinks":[],
  "objectData":{
    "0-39":{
      "refId":"scrib",
      "location":{
        "posX":3835.0290527344,
        "posZ":3412.0629882813,
        "posY":-13282.74609375,
        "rotX":-0.21494245529175,
        "rotY":0,
        "rotZ":1.0391895771027
      },
      "stats":{
        "healthCurrent":8,
        "magickaCurrent":12,
        "healthModified":8,
        "fatigueBase":300,
        "fatigueModified":300,
        "healthBase":8,
        "magickaModified":12,
        "magickaBase":12,
        "fatigueCurrent":300
      },
      "inventory":[]
    },
    "0-40":{
      "refId":"scrib",
      "location":{
        "posX":560.28253173828,
        "posZ":710.13397216797,
        "posY":-9737.392578125,
        "rotX":-0.064203880727291,
        "rotY":0,
        "rotZ":-0.40665721893311
      },
      "stats":{
        "healthCurrent":8,
        "magickaCurrent":12,
        "healthModified":8,
        "fatigueBase":300,
        "fatigueModified":300,
        "healthBase":8,
        "magickaModified":12,
        "magickaBase":12,
        "fatigueCurrent":300
      },
      "inventory":[{
          "refId":"ingred_scrib_jelly_01",
          "count":1,
          "charge":-1,
          "enchantmentCharge":-1,
          "soul":""
        }]
    },
    "83135-0":{
      "refId":"crate_01",
      "inventory":[{
          "refId":"gold_001",
          "count":11,
          "charge":-1,
          "enchantmentCharge":-1,
          "soul":""
        }]
    },
    "83144-0":{
      "refId":"snowy granius",
      "location":{
        "posX":655.884765625,
        "posZ":2496.9985351563,
        "posY":-13530.712890625,
        "rotX":0.012777673080564,
        "rotY":0,
        "rotZ":1.3471214771271
      },
      "stats":{
        "healthCurrent":54,
        "magickaCurrent":108,
        "healthModified":54,
        "fatigueBase":164,
        "fatigueModified":164,
        "healthBase":54,
        "magickaModified":108,
        "magickaBase":108,
        "fatigueCurrent":164
      },
      "equipment":{
        "1":{
          "refId":"iron_cuirass",
          "count":1,
          "charge":-1,
          "enchantmentCharge":-1
        },
        "7":{
          "refId":"fur_boots",
          "count":1,
          "charge":-1,
          "enchantmentCharge":-1
        },
        "16":{
          "refId":"iron war axe",
          "count":1,
          "charge":-1,
          "enchantmentCharge":-1
        },
        "9":{
          "refId":"common_pants_04_b",
          "count":1,
          "charge":-1,
          "enchantmentCharge":-1
        }
      },
      "inventory":[{
          "refId":"fur_boots",
          "count":1,
          "charge":-1,
          "enchantmentCharge":-1,
          "soul":""
        },{
          "refId":"iron_cuirass",
          "count":1,
          "charge":-1,
          "enchantmentCharge":-1,
          "soul":""
        },{
          "refId":"common_pants_04_b",
          "count":1,
          "charge":-1,
          "enchantmentCharge":-1,
          "soul":""
        },{
          "refId":"iron war axe",
          "count":1,
          "charge":-1,
          "enchantmentCharge":-1,
          "soul":""
        }]
    },
    "83142-0":{
      "refId":"dwrv_barrel00",
      "inventory":[{
          "refId":"ingred_raw_ebony_01",
          "count":1,
          "charge":-1,
          "enchantmentCharge":-1,
          "soul":""
        },{
          "refId":"ingred_scrap_metal_01",
          "count":1,
          "charge":-1,
          "enchantmentCharge":-1,
          "soul":""
        }]
    },
    "83137-0":{
      "refId":"crate_01",
      "inventory":[{
          "refId":"gold_001",
          "count":4,
          "charge":-1,
          "enchantmentCharge":-1,
          "soul":""
        }]
    },
    "83134-0":{
      "refId":"crate_01",
      "inventory":[{
          "refId":"gold_001",
          "count":12,
          "charge":-1,
          "enchantmentCharge":-1,
          "soul":""
        }]
    }
  },
  "loadState":{
    "hasFullContainerData":true,
    "hasFullActorList":true
  }
}