{
  "packets":{
    "actorList":[],
    "ai":[],
    "cellChangeFrom":[],
    "cellChangeTo":[],
    "container":[],
    "death":[],
    "delete":[],
    "doorState":[],
    "equipment":[],
    "lock":[],
    "place":[],
    "position":[],
    "scale":[],
    "spawn":[],
    "state":["369110-0"],
    "statsDynamic":[],
    "trap":[],
    "spellsActive":[],
    "miscellaneous":[],
    "clientScriptLocal":[]
  },
  "entry":{
    "creationTime":1670164783,
    "description":"17, -6"
  },
  "lastVisit":[],
  "recordLinks":[],
  "objectData":{
    "369110-0":{
      "refId":"larienna macrina",
      "state":false
    }
  },
  "loadState":{
    "hasFullContainerData":false,
    "hasFullActorList":false
  }
}