{
  "packets":{
    "actorList":[],
    "ai":[],
    "cellChangeFrom":[],
    "cellChangeTo":[],
    "container":[],
    "death":[],
    "delete":[],
    "doorState":[],
    "equipment":[],
    "lock":[],
    "place":[],
    "position":[],
    "scale":[],
    "spawn":[],
    "state":["480883-0","480884-0","480887-0","480886-0","480885-0"],
    "statsDynamic":[],
    "trap":[],
    "spellsActive":[],
    "miscellaneous":[],
    "clientScriptLocal":[]
  },
  "entry":{
    "creationTime":1670164783,
    "description":"3, 23"
  },
  "lastVisit":[],
  "recordLinks":[],
  "objectData":{
    "480887-0":{
      "refId":"atronach_flame_az",
      "state":false
    },
    "480886-0":{
      "refId":"atronach_storm_az",
      "state":false
    },
    "480883-0":{
      "refId":"daedroth_az",
      "state":false
    },
    "480884-0":{
      "refId":"hunger_az_01",
      "state":false
    },
    "480885-0":{
      "refId":"hunger_az_02",
      "state":false
    }
  },
  "loadState":{
    "hasFullContainerData":false,
    "hasFullActorList":false
  }
}