{
  "packets":{
    "actorList":[],
    "ai":[],
    "cellChangeFrom":[],
    "cellChangeTo":[],
    "container":[],
    "death":[],
    "delete":[],
    "doorState":[],
    "equipment":[],
    "lock":[],
    "place":[],
    "position":[],
    "scale":[],
    "spawn":[],
    "state":["281645-0","281646-0","108969-0","108970-0"],
    "statsDynamic":[],
    "trap":[],
    "spellsActive":[],
    "miscellaneous":[],
    "clientScriptLocal":[]
  },
  "entry":{
    "creationTime":1670164782,
    "description":"Ald-ruhn, Sarethi Manor"
  },
  "lastVisit":[],
  "recordLinks":[],
  "objectData":{
    "108970-0":{
      "refId":"redoran guard sarethi2",
      "state":false
    },
    "281646-0":{
      "refId":"gragus lleran",
      "state":false
    },
    "281645-0":{
      "refId":"arsyn salas",
      "state":false
    },
    "108969-0":{
      "refId":"redoran guard sarethi1",
      "state":false
    }
  },
  "loadState":{
    "hasFullContainerData":false,
    "hasFullActorList":false
  }
}