{
  "packets":{
    "actorList":[],
    "ai":[],
    "cellChangeFrom":[],
    "cellChangeTo":[],
    "container":[],
    "death":[],
    "delete":[],
    "doorState":[],
    "equipment":[],
    "lock":[],
    "place":[],
    "position":[],
    "scale":[],
    "spawn":[],
    "state":["390587-0","363183-0","363131-0","390592-0","363130-0","363129-0","363128-0"],
    "statsDynamic":[],
    "trap":[],
    "spellsActive":[],
    "miscellaneous":[],
    "clientScriptLocal":[]
  },
  "entry":{
    "creationTime":1670164783,
    "description":"Balmora, Balyn Omarel's House"
  },
  "lastVisit":[],
  "recordLinks":[],
  "objectData":{
    "390587-0":{
      "refId":"balyn omavel-dead",
      "state":false
    },
    "363130-0":{
      "refId":"misc_com_wood_knife_uni2",
      "state":false
    },
    "363183-0":{
      "refId":"furn_de_p_chair_02_uni2",
      "state":false
    },
    "363131-0":{
      "refId":"misc_com_metal_plate_07_uni2",
      "state":false
    },
    "363128-0":{
      "refId":"misc_com_wood_fork_uni2",
      "state":false
    },
    "390592-0":{
      "refId":"ingred_bread_01_uni2",
      "state":false
    },
    "363129-0":{
      "refId":"misc_com_wood_spoon_01_uni2",
      "state":false
    }
  },
  "loadState":{
    "hasFullContainerData":false,
    "hasFullActorList":false
  }
}