{
  "packets":{
    "actorList":["259837-0","243210-0","259839-0","243209-0","259838-0","243208-0"],
    "ai":[],
    "cellChangeFrom":[],
    "cellChangeTo":[],
    "container":["243272-0","243273-0","243274-0","243278-0","243356-0","243357-0","243435-0","259840-0","311304-0","311305-0","311306-0","311314-0","311315-0","311316-0","332066-0","332067-0","243434-0","477572-0","243208-0","243209-0","243210-0","259837-0","259838-0","259839-0"],
    "death":[],
    "delete":[],
    "doorState":[],
    "equipment":["259837-0","243210-0","259839-0","243209-0","259838-0","243208-0"],
    "lock":[],
    "place":[],
    "position":["243208-0","243209-0","243210-0","259837-0","259838-0","259839-0"],
    "scale":[],
    "spawn":[],
    "state":[],
    "statsDynamic":["243208-0","243209-0","243210-0","259837-0","259838-0","259839-0"],
    "trap":[],
    "spellsActive":[],
    "miscellaneous":["243210-0"],
    "clientScriptLocal":[]
  },
  "entry":{
    "creationTime":1670197784,
    "description":"Balmora, Temple"
  },
  "lastVisit":{
    "focal01":1670197892
  },
  "recordLinks":[],
  "objectData":{
    "243434-0":{
      "refId":"chest_small_02_ingfine2",
      "inventory":[{
          "refId":"ingred_frost_salts_01",
          "count":1,
          "charge":-1,
          "enchantmentCharge":-1,
          "soul":""
        },{
          "refId":"ingred_gravedust_01",
          "count":1,
          "charge":-1,
          "enchantmentCharge":-1,
          "soul":""
        },{
          "refId":"ingred_green_lichen_01",
          "count":1,
          "charge":-1,
          "enchantmentCharge":-1,
          "soul":""
        },{
          "refId":"ingred_guar_hide_01",
          "count":1,
          "charge":-1,
          "enchantmentCharge":-1,
          "soul":""
        },{
          "refId":"ingred_marshmerrow_01",
          "count":1,
          "charge":-1,
          "enchantmentCharge":-1,
          "soul":""
        }]
    },
    "243210-0":{
      "refId":"telis salvani",
      "location":{
        "posX":4170.451171875,
        "posZ":14993,
        "posY":3980.9765625,
        "rotX":0.0088195167481899,
        "rotY":0,
        "rotZ":1.099198102951
      },
      "stats":{
        "healthCurrent":64,
        "magickaCurrent":94,
        "healthModified":64,
        "fatigueBase":198,
        "fatigueModified":198,
        "healthBase":64,
        "magickaModified":94,
        "magickaBase":94,
        "fatigueCurrent":198
      },
      "equipment":{
        "7":{
          "refId":"common_shoes_04",
          "count":1,
          "charge":-1,
          "enchantmentCharge":-1
        },
        "11":{
          "refId":"common_robe_04",
          "count":1,
          "charge":-1,
          "enchantmentCharge":-1
        }
      },
      "inventory":[{
          "refId":"p_restore_health_c",
          "count":1,
          "charge":-1,
          "enchantmentCharge":-1,
          "soul":""
        },{
          "refId":"p_restore_fatigue_c",
          "count":1,
          "charge":-1,
          "enchantmentCharge":-1,
          "soul":""
        },{
          "refId":"p_fortify_health_c",
          "count":1,
          "charge":-1,
          "enchantmentCharge":-1,
          "soul":""
        },{
          "refId":"p_disease_resistance_c",
          "count":1,
          "charge":-1,
          "enchantmentCharge":-1,
          "soul":""
        },{
          "refId":"p_restore_fatigue_b",
          "count":1,
          "charge":-1,
          "enchantmentCharge":-1,
          "soul":""
        },{
          "refId":"p_restore_health_b",
          "count":1,
          "charge":-1,
          "enchantmentCharge":-1,
          "soul":""
        },{
          "refId":"common_robe_04",
          "count":1,
          "charge":-1,
          "enchantmentCharge":-1,
          "soul":""
        },{
          "refId":"common_shoes_04",
          "count":1,
          "charge":-1,
          "enchantmentCharge":-1,
          "soul":""
        },{
          "refId":"ingred_rat_meat_01",
          "count":5,
          "charge":-1,
          "enchantmentCharge":-1,
          "soul":""
        },{
          "refId":"ingred_netch_leather_01",
          "count":5,
          "charge":-1,
          "enchantmentCharge":-1,
          "soul":""
        },{
          "refId":"ingred_green_lichen_01",
          "count":5,
          "charge":-1,
          "enchantmentCharge":-1,
          "soul":""
        },{
          "refId":"ingred_comberry_01",
          "count":5,
          "charge":-1,
          "enchantmentCharge":-1,
          "soul":""
        },{
          "refId":"ingred_chokeweed_01",
          "count":5,
          "charge":-1,
          "enchantmentCharge":-1,
          "soul":""
        },{
          "refId":"ingred_bittergreen_petals_01",
          "count":5,
          "charge":-1,
          "enchantmentCharge":-1,
          "soul":""
        },{
          "refId":"ingred_ash_salts_01",
          "count":5,
          "charge":-1,
          "enchantmentCharge":-1,
          "soul":""
        }],
      "goldPool":250,
      "lastGoldRestockHour":15.873519897461,
      "lastGoldRestockDay":2
    },
    "243435-0":{
      "refId":"chest_small_01_gold_25",
      "inventory":[{
          "refId":"gold_001",
          "count":25,
          "charge":-1,
          "enchantmentCharge":-1,
          "soul":""
        }]
    },
    "332067-0":{
      "refId":"chest_01_v_potion_ap_02",
      "inventory":[{
          "refId":"p_lightning shield_c",
          "count":1,
          "charge":-1,
          "enchantmentCharge":-1,
          "soul":""
        },{
          "refId":"p_water_walking_s",
          "count":1,
          "charge":-1,
          "enchantmentCharge":-1,
          "soul":""
        },{
          "refId":"p_water_breathing_s",
          "count":1,
          "charge":-1,
          "enchantmentCharge":-1,
          "soul":""
        },{
          "refId":"p_swift_swim_c",
          "count":1,
          "charge":-1,
          "enchantmentCharge":-1,
          "soul":""
        },{
          "refId":"p_fire_shield_c",
          "count":1,
          "charge":-1,
          "enchantmentCharge":-1,
          "soul":""
        },{
          "refId":"p_restore_willpower_c",
          "count":1,
          "charge":-1,
          "enchantmentCharge":-1,
          "soul":""
        },{
          "refId":"p_restore_strength_c",
          "count":1,
          "charge":-1,
          "enchantmentCharge":-1,
          "soul":""
        },{
          "refId":"p_restore_magicka_c",
          "count":1,
          "charge":-1,
          "enchantmentCharge":-1,
          "soul":""
        },{
          "refId":"p_restore_speed_c",
          "count":1,
          "charge":-1,
          "enchantmentCharge":-1,
          "soul":""
        },{
          "refId":"p_restore_personality_c",
          "count":1,
          "charge":-1,
          "enchantmentCharge":-1,
          "soul":""
        },{
          "refId":"p_restore_luck_c",
          "count":1,
          "charge":-1,
          "enchantmentCharge":-1,
          "soul":""
        },{
          "refId":"p_restore_intelligence_c",
          "count":1,
          "charge":-1,
          "enchantmentCharge":-1,
          "soul":""
        },{
          "refId":"p_restore_health_c",
          "count":3,
          "charge":-1,
          "enchantmentCharge":-1,
          "soul":""
        },{
          "refId":"p_restore_fatigue_c",
          "count":3,
          "charge":-1,
          "enchantmentCharge":-1,
          "soul":""
        },{
          "refId":"p_restore_endurance_c",
          "count":1,
          "charge":-1,
          "enchantmentCharge":-1,
          "soul":""
        },{
          "refId":"p_restore_agility_c",
          "count":1,
          "charge":-1,
          "enchantmentCharge":-1,
          "soul":""
        },{
          "refId":"p_night-eye_c",
          "count":3,
          "charge":-1,
          "enchantmentCharge":-1,
          "soul":""
        },{
          "refId":"p_reflection_c",
          "count":2,
          "charge":-1,
          "enchantmentCharge":-1,
          "soul":""
        },{
          "refId":"p_poison_resistance_c",
          "count":3,
          "charge":-1,
          "enchantmentCharge":-1,
          "soul":""
        },{
          "refId":"p_disease_resistance_c",
          "count":3,
          "charge":-1,
          "enchantmentCharge":-1,
          "soul":""
        },{
          "refId":"p_disease_resistance_b",
          "count":3,
          "charge":-1,
          "enchantmentCharge":-1,
          "soul":""
        },{
          "refId":"p_light_b",
          "count":1,
          "charge":-1,
          "enchantmentCharge":-1,
          "soul":""
        },{
          "refId":"p_fortify_magicka_c",
          "count":1,
          "charge":-1,
          "enchantmentCharge":-1,
          "soul":""
        },{
          "refId":"p_fortify_health_c",
          "count":1,
          "charge":-1,
          "enchantmentCharge":-1,
          "soul":""
        },{
          "refId":"p_fortify_fatigue_c",
          "count":1,
          "charge":-1,
          "enchantmentCharge":-1,
          "soul":""
        },{
          "refId":"p_cure_poison_s",
          "count":1,
          "charge":-1,
          "enchantmentCharge":-1,
          "soul":""
        },{
          "refId":"p_cure_paralyzation_s",
          "count":1,
          "charge":-1,
          "enchantmentCharge":-1,
          "soul":""
        },{
          "refId":"p_cure_common_s",
          "count":2,
          "charge":-1,
          "enchantmentCharge":-1,
          "soul":""
        },{
          "refId":"p_cure_blight_s",
          "count":1,
          "charge":-1,
          "enchantmentCharge":-1,
          "soul":""
        }]
    },
    "259840-0":{
      "refId":"chest_small_01_gold_25",
      "inventory":[{
          "refId":"gold_001",
          "count":25,
          "charge":-1,
          "enchantmentCharge":-1,
          "soul":""
        }]
    },
    "243274-0":{
      "refId":"crate_02_random_pos",
      "inventory":[{
          "refId":"p_restore_agility_e",
          "count":1,
          "charge":-1,
          "enchantmentCharge":-1,
          "soul":""
        },{
          "refId":"sc_paper plain",
          "count":1,
          "charge":-1,
          "enchantmentCharge":-1,
          "soul":""
        },{
          "refId":"misc_com_wood_cup_01",
          "count":1,
          "charge":-1,
          "enchantmentCharge":-1,
          "soul":""
        },{
          "refId":"misc_com_wood_spoon_02",
          "count":1,
          "charge":-1,
          "enchantmentCharge":-1,
          "soul":""
        },{
          "refId":"misc_com_wood_bowl_04",
          "count":1,
          "charge":-1,
          "enchantmentCharge":-1,
          "soul":""
        },{
          "refId":"misc_soulgem_petty",
          "count":1,
          "charge":-1,
          "enchantmentCharge":-1,
          "soul":""
        },{
          "refId":"gold_001",
          "count":6,
          "charge":-1,
          "enchantmentCharge":-1,
          "soul":""
        },{
          "refId":"silver flameskewer",
          "count":1,
          "charge":-1,
          "enchantmentCharge":-1,
          "soul":""
        }]
    },
    "311316-0":{
      "refId":"de_p_chest_02_empty",
      "inventory":[]
    },
    "243357-0":{
      "refId":"de_p_table_01_pos3",
      "inventory":[{
          "refId":"misc_de_pot_mottled_01",
          "count":1,
          "charge":-1,
          "enchantmentCharge":-1,
          "soul":""
        },{
          "refId":"misc_soulgem_petty",
          "count":1,
          "charge":-1,
          "enchantmentCharge":-1,
          "soul":""
        },{
          "refId":"misc_de_bowl_orange_green_01",
          "count":1,
          "charge":-1,
          "enchantmentCharge":-1,
          "soul":""
        }]
    },
    "243356-0":{
      "refId":"de_p_table_01_pos3",
      "inventory":[{
          "refId":"misc_de_bowl_redware_01",
          "count":1,
          "charge":-1,
          "enchantmentCharge":-1,
          "soul":""
        },{
          "refId":"misc_de_pot_glass_peach_01",
          "count":1,
          "charge":-1,
          "enchantmentCharge":-1,
          "soul":""
        },{
          "refId":"misc_de_pot_redware_02",
          "count":1,
          "charge":-1,
          "enchantmentCharge":-1,
          "soul":""
        }]
    },
    "259839-0":{
      "refId":"llathyno hlaalu",
      "location":{
        "posX":3807.2683105469,
        "posZ":14225,
        "posY":3927.205078125,
        "rotX":0,
        "rotY":0,
        "rotZ":3.483186006546
      },
      "stats":{
        "healthCurrent":98,
        "magickaCurrent":122,
        "healthModified":98,
        "fatigueBase":254,
        "fatigueModified":254,
        "healthBase":98,
        "magickaModified":122,
        "magickaBase":122,
        "fatigueCurrent":254
      },
      "equipment":{
        "7":{
          "refId":"common_shoes_03",
          "count":1,
          "charge":-1,
          "enchantmentCharge":-1
        },
        "16":{
          "refId":"steel staff of divine judgement",
          "count":1,
          "charge":-1,
          "enchantmentCharge":-1
        },
        "11":{
          "refId":"common_robe_03",
          "count":1,
          "charge":-1,
          "enchantmentCharge":-1
        }
      },
      "inventory":[{
          "refId":"common_robe_03",
          "count":1,
          "charge":-1,
          "enchantmentCharge":-1,
          "soul":""
        },{
          "refId":"common_shoes_03",
          "count":1,
          "charge":-1,
          "enchantmentCharge":-1,
          "soul":""
        },{
          "refId":"ingred_willow_anther_01",
          "count":5,
          "charge":-1,
          "enchantmentCharge":-1,
          "soul":""
        },{
          "refId":"ingred_trama_root_01",
          "count":5,
          "charge":-1,
          "enchantmentCharge":-1,
          "soul":""
        },{
          "refId":"ingred_stoneflower_petals_01",
          "count":5,
          "charge":-1,
          "enchantmentCharge":-1,
          "soul":""
        },{
          "refId":"ingred_scuttle_01",
          "count":5,
          "charge":-1,
          "enchantmentCharge":-1,
          "soul":""
        },{
          "refId":"ingred_scrib_jelly_01",
          "count":5,
          "charge":-1,
          "enchantmentCharge":-1,
          "soul":""
        },{
          "refId":"ingred_resin_01",
          "count":5,
          "charge":-1,
          "enchantmentCharge":-1,
          "soul":""
        },{
          "refId":"ingred_muck_01",
          "count":5,
          "charge":-1,
          "enchantmentCharge":-1,
          "soul":""
        },{
          "refId":"ingred_kresh_fiber_01",
          "count":5,
          "charge":-1,
          "enchantmentCharge":-1,
          "soul":""
        },{
          "refId":"ingred_gravedust_01",
          "count":5,
          "charge":-1,
          "enchantmentCharge":-1,
          "soul":""
        },{
          "refId":"steel staff of divine judgement",
          "count":1,
          "charge":-1,
          "enchantmentCharge":-1,
          "soul":""
        }]
    },
    "311315-0":{
      "refId":"de_p_chest_02_empty",
      "inventory":[]
    },
    "332066-0":{
      "refId":"chest_01_v_potion_p_02",
      "inventory":[{
          "refId":"p_restore_health_b",
          "count":5,
          "charge":-1,
          "enchantmentCharge":-1,
          "soul":""
        },{
          "refId":"p_restore_health_c",
          "count":5,
          "charge":-1,
          "enchantmentCharge":-1,
          "soul":""
        },{
          "refId":"p_restore_fatigue_c",
          "count":2,
          "charge":-1,
          "enchantmentCharge":-1,
          "soul":""
        },{
          "refId":"p_disease_resistance_c",
          "count":2,
          "charge":-1,
          "enchantmentCharge":-1,
          "soul":""
        },{
          "refId":"p_cure_poison_s",
          "count":2,
          "charge":-1,
          "enchantmentCharge":-1,
          "soul":""
        },{
          "refId":"p_fortify_health_c",
          "count":2,
          "charge":-1,
          "enchantmentCharge":-1,
          "soul":""
        },{
          "refId":"p_restore_health_s",
          "count":2,
          "charge":-1,
          "enchantmentCharge":-1,
          "soul":""
        }]
    },
    "259837-0":{
      "refId":"ilen faveran",
      "location":{
        "posX":4171.6088867188,
        "posZ":14737,
        "posY":5068.5659179688,
        "rotX":0.0053928261622787,
        "rotY":0,
        "rotZ":3.0460617542267
      },
      "stats":{
        "healthCurrent":77,
        "magickaCurrent":148,
        "healthModified":77,
        "fatigueBase":210,
        "fatigueModified":210,
        "healthBase":77,
        "magickaModified":148,
        "magickaBase":148,
        "fatigueCurrent":210
      },
      "equipment":{
        "7":{
          "refId":"common_shoes_03",
          "count":1,
          "charge":-1,
          "enchantmentCharge":-1
        },
        "11":{
          "refId":"common_robe_03_a",
          "count":1,
          "charge":-1,
          "enchantmentCharge":-1
        }
      },
      "inventory":[{
          "refId":"shield_of_light",
          "count":1,
          "charge":-1,
          "enchantmentCharge":-1,
          "soul":""
        },{
          "refId":"velothian_helm",
          "count":1,
          "charge":-1,
          "enchantmentCharge":-1,
          "soul":""
        },{
          "refId":"sc_ondusisunhinging",
          "count":1,
          "charge":-1,
          "enchantmentCharge":-1,
          "soul":""
        },{
          "refId":"sc_daydenespanacea",
          "count":5,
          "charge":-1,
          "enchantmentCharge":-1,
          "soul":""
        },{
          "refId":"sc_almsiviintervention",
          "count":2,
          "charge":-1,
          "enchantmentCharge":-1,
          "soul":""
        },{
          "refId":"sc_fphyggisgemfeeder",
          "count":1,
          "charge":-1,
          "enchantmentCharge":-1,
          "soul":""
        },{
          "refId":"sc_vitality",
          "count":2,
          "charge":-1,
          "enchantmentCharge":-1,
          "soul":""
        },{
          "refId":"sc_oathfast",
          "count":2,
          "charge":-1,
          "enchantmentCharge":-1,
          "soul":""
        },{
          "refId":"sc_mageweal",
          "count":2,
          "charge":-1,
          "enchantmentCharge":-1,
          "soul":""
        },{
          "refId":"sc_insight",
          "count":2,
          "charge":-1,
          "enchantmentCharge":-1,
          "soul":""
        },{
          "refId":"sc_celerity",
          "count":2,
          "charge":-1,
          "enchantmentCharge":-1,
          "soul":""
        },{
          "refId":"sc_bloodthief",
          "count":1,
          "charge":-1,
          "enchantmentCharge":-1,
          "soul":""
        },{
          "refId":"sc_telvinscourage",
          "count":2,
          "charge":-1,
          "enchantmentCharge":-1,
          "soul":""
        },{
          "refId":"sc_restoration",
          "count":1,
          "charge":-1,
          "enchantmentCharge":-1,
          "soul":""
        },{
          "refId":"sc_greymind",
          "count":2,
          "charge":-1,
          "enchantmentCharge":-1,
          "soul":""
        },{
          "refId":"sc_blackfate",
          "count":1,
          "charge":-1,
          "enchantmentCharge":-1,
          "soul":""
        },{
          "refId":"sc_greysloth",
          "count":1,
          "charge":-1,
          "enchantmentCharge":-1,
          "soul":""
        },{
          "refId":"sc_inaschastening",
          "count":1,
          "charge":-1,
          "enchantmentCharge":-1,
          "soul":""
        },{
          "refId":"sc_tevilspeace",
          "count":1,
          "charge":-1,
          "enchantmentCharge":-1,
          "soul":""
        },{
          "refId":"common_robe_03_a",
          "count":1,
          "charge":-1,
          "enchantmentCharge":-1,
          "soul":""
        },{
          "refId":"common_shoes_03",
          "count":1,
          "charge":-1,
          "enchantmentCharge":-1,
          "soul":""
        }]
    },
    "243209-0":{
      "refId":"dralval andrano",
      "location":{
        "posX":4057.0715332031,
        "posZ":14743.243164063,
        "posY":3609.2919921875,
        "rotX":0.036250147968531,
        "rotY":0,
        "rotZ":-1.0515806674957
      },
      "stats":{
        "healthCurrent":86,
        "magickaCurrent":160,
        "healthModified":86,
        "fatigueBase":223,
        "fatigueModified":223,
        "healthBase":86,
        "magickaModified":160,
        "magickaBase":160,
        "fatigueCurrent":223
      },
      "equipment":{
        "7":{
          "refId":"common_shoes_02",
          "count":1,
          "charge":-1,
          "enchantmentCharge":-1
        },
        "11":{
          "refId":"common_robe_02",
          "count":1,
          "charge":-1,
          "enchantmentCharge":-1
        }
      },
      "inventory":[{
          "refId":"common_robe_02",
          "count":1,
          "charge":-1,
          "enchantmentCharge":-1,
          "soul":""
        },{
          "refId":"common_shoes_02",
          "count":1,
          "charge":-1,
          "enchantmentCharge":-1,
          "soul":""
        },{
          "refId":"ingred_bc_hypha_facia",
          "count":5,
          "charge":-1,
          "enchantmentCharge":-1,
          "soul":""
        },{
          "refId":"ingred_bc_bungler's_bane",
          "count":5,
          "charge":-1,
          "enchantmentCharge":-1,
          "soul":""
        },{
          "refId":"ingred_wickwheat_01",
          "count":5,
          "charge":-1,
          "enchantmentCharge":-1,
          "soul":""
        },{
          "refId":"ingred_scathecraw_01",
          "count":5,
          "charge":-1,
          "enchantmentCharge":-1,
          "soul":""
        },{
          "refId":"ingred_red_lichen_01",
          "count":5,
          "charge":-1,
          "enchantmentCharge":-1,
          "soul":""
        },{
          "refId":"ingred_marshmerrow_01",
          "count":5,
          "charge":-1,
          "enchantmentCharge":-1,
          "soul":""
        },{
          "refId":"ingred_kagouti_hide_01",
          "count":5,
          "charge":-1,
          "enchantmentCharge":-1,
          "soul":""
        },{
          "refId":"ingred_green_lichen_01",
          "count":5,
          "charge":-1,
          "enchantmentCharge":-1,
          "soul":""
        },{
          "refId":"ingred_black_lichen_01",
          "count":5,
          "charge":-1,
          "enchantmentCharge":-1,
          "soul":""
        }]
    },
    "477572-0":{
      "refId":"de_p_closet_02_faveran",
      "inventory":[{
          "refId":"holy_tower_shield",
          "count":1,
          "charge":-1,
          "enchantmentCharge":-1,
          "soul":""
        },{
          "refId":"veloths_tower_shield",
          "count":1,
          "charge":-1,
          "enchantmentCharge":-1,
          "soul":""
        },{
          "refId":"holy_shield",
          "count":1,
          "charge":-1,
          "enchantmentCharge":-1,
          "soul":""
        },{
          "refId":"blessed_shield",
          "count":1,
          "charge":-1,
          "enchantmentCharge":-1,
          "soul":""
        },{
          "refId":"spear_of_light",
          "count":2,
          "charge":-1,
          "enchantmentCharge":-1,
          "soul":""
        }]
    },
    "243208-0":{
      "refId":"feldrelo sadri",
      "location":{
        "posX":4258.119140625,
        "posZ":14993,
        "posY":4814.2592773438,
        "rotX":0.0053861867636442,
        "rotY":0,
        "rotZ":0.51964807510376
      },
      "stats":{
        "healthCurrent":131,
        "magickaCurrent":108,
        "healthModified":131,
        "fatigueBase":274,
        "fatigueModified":274,
        "healthBase":131,
        "magickaModified":108,
        "magickaBase":108,
        "fatigueCurrent":274
      },
      "equipment":{
        "7":{
          "refId":"common_shoes_03",
          "count":1,
          "charge":-1,
          "enchantmentCharge":-1
        },
        "11":{
          "refId":"expensive_robe_02",
          "count":1,
          "charge":-1,
          "enchantmentCharge":-1
        }
      },
      "inventory":[{
          "refId":"expensive_robe_02",
          "count":1,
          "charge":-1,
          "enchantmentCharge":-1,
          "soul":""
        },{
          "refId":"common_shoes_03",
          "count":1,
          "charge":-1,
          "enchantmentCharge":-1,
          "soul":""
        }]
    },
    "243273-0":{
      "refId":"crate_02_random_pos",
      "inventory":[{
          "refId":"misc_com_wood_bowl_04",
          "count":1,
          "charge":-1,
          "enchantmentCharge":-1,
          "soul":""
        },{
          "refId":"misc_com_bottle_15",
          "count":1,
          "charge":-1,
          "enchantmentCharge":-1,
          "soul":""
        },{
          "refId":"misc_com_wood_cup_01",
          "count":1,
          "charge":-1,
          "enchantmentCharge":-1,
          "soul":""
        },{
          "refId":"misc_com_plate_01",
          "count":1,
          "charge":-1,
          "enchantmentCharge":-1,
          "soul":""
        },{
          "refId":"misc_com_pitcher_metal_01",
          "count":1,
          "charge":-1,
          "enchantmentCharge":-1,
          "soul":""
        },{
          "refId":"misc_com_bottle_10",
          "count":1,
          "charge":-1,
          "enchantmentCharge":-1,
          "soul":""
        },{
          "refId":"gold_001",
          "count":7,
          "charge":-1,
          "enchantmentCharge":-1,
          "soul":""
        }]
    },
    "311305-0":{
      "refId":"com_sack_02_pos",
      "inventory":[]
    },
    "311314-0":{
      "refId":"de_p_chest_02_empty",
      "inventory":[]
    },
    "311304-0":{
      "refId":"com_sack_02_pos",
      "inventory":[]
    },
    "311306-0":{
      "refId":"com_sack_02_pos",
      "inventory":[]
    },
    "243278-0":{
      "refId":"chest_small_01_gold_05",
      "inventory":[{
          "refId":"gold_001",
          "count":5,
          "charge":-1,
          "enchantmentCharge":-1,
          "soul":""
        }]
    },
    "243272-0":{
      "refId":"crate_01_random_pos",
      "inventory":[{
          "refId":"sc_paper plain",
          "count":1,
          "charge":-1,
          "enchantmentCharge":-1,
          "soul":""
        },{
          "refId":"misc_com_wood_spoon_02",
          "count":1,
          "charge":-1,
          "enchantmentCharge":-1,
          "soul":""
        },{
          "refId":"misc_com_bottle_15",
          "count":1,
          "charge":-1,
          "enchantmentCharge":-1,
          "soul":""
        },{
          "refId":"misc_soulgem_petty",
          "count":1,
          "charge":-1,
          "enchantmentCharge":-1,
          "soul":""
        },{
          "refId":"gold_001",
          "count":6,
          "charge":-1,
          "enchantmentCharge":-1,
          "soul":""
        },{
          "refId":"misc_com_wood_cup_01",
          "count":1,
          "charge":-1,
          "enchantmentCharge":-1,
          "soul":""
        }]
    },
    "259838-0":{
      "refId":"llarara omayn",
      "location":{
        "posX":4785.787109375,
        "posZ":14225,
        "posY":3871.7265625,
        "rotX":0,
        "rotY":0,
        "rotZ":1.047819852829
      },
      "stats":{
        "healthCurrent":60,
        "magickaCurrent":96,
        "healthModified":60,
        "fatigueBase":193,
        "fatigueModified":193,
        "healthBase":60,
        "magickaModified":96,
        "magickaBase":96,
        "fatigueCurrent":193
      },
      "equipment":{
        "7":{
          "refId":"common_shoes_01",
          "count":1,
          "charge":-1,
          "enchantmentCharge":-1
        },
        "11":{
          "refId":"common_robe_01",
          "count":1,
          "charge":-1,
          "enchantmentCharge":-1
        }
      },
      "inventory":[{
          "refId":"p_fortify_fatigue_b",
          "count":2,
          "charge":-1,
          "enchantmentCharge":-1,
          "soul":""
        },{
          "refId":"p_fortify_health_c",
          "count":2,
          "charge":-1,
          "enchantmentCharge":-1,
          "soul":""
        },{
          "refId":"p_cure_poison_s",
          "count":2,
          "charge":-1,
          "enchantmentCharge":-1,
          "soul":""
        },{
          "refId":"p_disease_resistance_c",
          "count":2,
          "charge":-1,
          "enchantmentCharge":-1,
          "soul":""
        },{
          "refId":"p_restore_fatigue_c",
          "count":2,
          "charge":-1,
          "enchantmentCharge":-1,
          "soul":""
        },{
          "refId":"p_restore_health_c",
          "count":5,
          "charge":-1,
          "enchantmentCharge":-1,
          "soul":""
        },{
          "refId":"p_restore_health_b",
          "count":5,
          "charge":-1,
          "enchantmentCharge":-1,
          "soul":""
        },{
          "refId":"common_robe_01",
          "count":1,
          "charge":-1,
          "enchantmentCharge":-1,
          "soul":""
        },{
          "refId":"common_shoes_01",
          "count":1,
          "charge":-1,
          "enchantmentCharge":-1,
          "soul":""
        },{
          "refId":"ingred_wickwheat_01",
          "count":5,
          "charge":-1,
          "enchantmentCharge":-1,
          "soul":""
        },{
          "refId":"ingred_shalk_resin_01",
          "count":5,
          "charge":-1,
          "enchantmentCharge":-1,
          "soul":""
        },{
          "refId":"ingred_scrib_jerky_01",
          "count":5,
          "charge":-1,
          "enchantmentCharge":-1,
          "soul":""
        },{
          "refId":"ingred_saltrice_01",
          "count":5,
          "charge":-1,
          "enchantmentCharge":-1,
          "soul":""
        },{
          "refId":"ingred_hackle-lo_leaf_01",
          "count":5,
          "charge":-1,
          "enchantmentCharge":-1,
          "soul":""
        },{
          "refId":"ingred_ectoplasm_01",
          "count":5,
          "charge":-1,
          "enchantmentCharge":-1,
          "soul":""
        },{
          "refId":"ingred_corkbulb_root_01",
          "count":5,
          "charge":-1,
          "enchantmentCharge":-1,
          "soul":""
        }]
    }
  },
  "loadState":{
    "hasFullContainerData":true,
    "hasFullActorList":true
  }
}