{
  "packets":{
    "actorList":["67647-0"],
    "ai":[],
    "cellChangeFrom":[],
    "cellChangeTo":[],
    "container":["57340-0","57341-0","459570-0","480676-0","67647-0"],
    "death":[],
    "delete":[],
    "doorState":[],
    "equipment":["67647-0"],
    "lock":[],
    "place":[],
    "position":["67647-0"],
    "scale":[],
    "spawn":[],
    "state":[],
    "statsDynamic":["67647-0"],
    "trap":[],
    "spellsActive":[],
    "miscellaneous":["67647-0"],
    "clientScriptLocal":[]
  },
  "entry":{
    "creationTime":1670164228,
    "description":"Balmora, Caius Cosades' House"
  },
  "lastVisit":{
    "focal01":1670164306
  },
  "recordLinks":[],
  "objectData":{
    "57341-0":{
      "refId":"com_sack_01_moon sugar5",
      "inventory":[{
          "refId":"ingred_moon_sugar_01",
          "count":5,
          "charge":-1,
          "enchantmentCharge":-1,
          "soul":""
        }]
    },
    "57340-0":{
      "refId":"com_sack_01_saltrice_5",
      "inventory":[{
          "refId":"ingred_saltrice_01",
          "count":5,
          "charge":-1,
          "enchantmentCharge":-1,
          "soul":""
        }]
    },
    "480676-0":{
      "refId":"de_p_chest_02_caius",
      "inventory":[{
          "refId":"p_levitation_s",
          "count":1,
          "charge":-1,
          "enchantmentCharge":-1,
          "soul":""
        },{
          "refId":"p_restore_health_s",
          "count":1,
          "charge":-1,
          "enchantmentCharge":-1,
          "soul":""
        },{
          "refId":"apparatus_a_mortar_01",
          "count":1,
          "charge":-1,
          "enchantmentCharge":-1,
          "soul":""
        },{
          "refId":"ingred_moon_sugar_01",
          "count":2,
          "charge":-1,
          "enchantmentCharge":-1,
          "soul":""
        },{
          "refId":"gold_001",
          "count":100,
          "charge":-1,
          "enchantmentCharge":-1,
          "soul":""
        },{
          "refId":"misc_soulgem_greater",
          "count":1,
          "charge":-1,
          "enchantmentCharge":-1,
          "soul":""
        },{
          "refId":"imperial shortsword",
          "count":1,
          "charge":-1,
          "enchantmentCharge":-1,
          "soul":""
        }]
    },
    "459570-0":{
      "refId":"chest_small_02_rndgold",
      "inventory":[{
          "refId":"gold_001",
          "count":35,
          "charge":-1,
          "enchantmentCharge":-1,
          "soul":""
        }]
    },
    "67647-0":{
      "refId":"caius cosades",
      "location":{
        "posX":-35.270328521729,
        "posZ":70,
        "posY":-191.92184448242,
        "rotX":0,
        "rotY":0,
        "rotZ":1.8000001907349
      },
      "stats":{
        "healthCurrent":201,
        "magickaCurrent":118,
        "healthModified":201,
        "fatigueBase":310,
        "fatigueModified":310,
        "healthBase":201,
        "magickaModified":118,
        "magickaBase":118,
        "fatigueCurrent":310
      },
      "equipment":{
        "7":{
          "refId":"common_shoes_04",
          "count":1,
          "charge":-1,
          "enchantmentCharge":-1
        },
        "15":{
          "refId":"common_belt_01",
          "count":1,
          "charge":-1,
          "enchantmentCharge":-1
        },
        "9":{
          "refId":"common_pants_02",
          "count":1,
          "charge":-1,
          "enchantmentCharge":-1
        }
      },
      "inventory":[{
          "refId":"common_belt_01",
          "count":1,
          "charge":-1,
          "enchantmentCharge":-1,
          "soul":""
        },{
          "refId":"common_shoes_04",
          "count":1,
          "charge":-1,
          "enchantmentCharge":-1,
          "soul":""
        },{
          "refId":"common_pants_02",
          "count":1,
          "charge":-1,
          "enchantmentCharge":-1,
          "soul":""
        },{
          "refId":"ingred_moon_sugar_01",
          "count":5,
          "charge":-1,
          "enchantmentCharge":-1,
          "soul":""
        }],
      "goldPool":0,
      "lastGoldRestockHour":11.631422042847,
      "lastGoldRestockDay":1
    }
  },
  "loadState":{
    "hasFullContainerData":true,
    "hasFullActorList":true
  }
}