{
  "packets":{
    "actorList":["175836-0","175837-0","175839-0","470784-0","175838-0"],
    "ai":[],
    "cellChangeFrom":[],
    "cellChangeTo":[],
    "container":["150691-0","150692-0","150693-0","150694-0","150695-0","150696-0","150697-0","150726-0","150727-0","150731-0","324581-0","324582-0","324583-0","324584-0","324585-0","324586-0","324587-0","324588-0","324589-0","324590-0","324591-0","324592-0","324593-0","324594-0","324607-0","324608-0","324609-0","324610-0","324611-0","324612-0","324626-0","324627-0","324632-0","324633-0","324634-0","324635-0","333452-0","389740-0","389741-0","480694-0","175836-0","175837-0","175838-0","175839-0","470784-0"],
    "death":[],
    "delete":["175821-0","324630-0","324631-0","324636-0","324637-0","324638-0","150711-0","150712-0","175826-0","175827-0","324603-0","175828-0","324600-0","324604-0"],
    "doorState":["150681-0"],
    "equipment":["175836-0","175837-0","175839-0","470784-0","175838-0"],
    "lock":[],
    "place":[],
    "position":["175836-0","175837-0","175838-0","175839-0","470784-0"],
    "scale":[],
    "spawn":[],
    "state":[],
    "statsDynamic":["175836-0","175837-0","175838-0","175839-0","470784-0"],
    "trap":[],
    "spellsActive":[],
    "miscellaneous":["175836-0"],
    "clientScriptLocal":[]
  },
  "entry":{
    "creationTime":1670198041,
    "description":"Caldera, Guild of Mages"
  },
  "lastVisit":{
    "focal01":1670198523
  },
  "recordLinks":[],
  "objectData":{
    "333452-0":{
      "refId":"chest_01_v_potion_al_03",
      "inventory":[{
          "refId":"p_invisibility_s",
          "count":1,
          "charge":-1,
          "enchantmentCharge":-1,
          "soul":""
        },{
          "refId":"p_levitation_s",
          "count":1,
          "charge":-1,
          "enchantmentCharge":-1,
          "soul":""
        },{
          "refId":"p_water_breathing_s",
          "count":1,
          "charge":-1,
          "enchantmentCharge":-1,
          "soul":""
        },{
          "refId":"p_water_walking_s",
          "count":1,
          "charge":-1,
          "enchantmentCharge":-1,
          "soul":""
        },{
          "refId":"p_disease_resistance_q",
          "count":2,
          "charge":-1,
          "enchantmentCharge":-1,
          "soul":""
        },{
          "refId":"p_disease_resistance_s",
          "count":1,
          "charge":-1,
          "enchantmentCharge":-1,
          "soul":""
        },{
          "refId":"p_dispel_s",
          "count":1,
          "charge":-1,
          "enchantmentCharge":-1,
          "soul":""
        },{
          "refId":"p_cure_poison_s",
          "count":2,
          "charge":-1,
          "enchantmentCharge":-1,
          "soul":""
        },{
          "refId":"p_cure_paralyzation_s",
          "count":2,
          "charge":-1,
          "enchantmentCharge":-1,
          "soul":""
        },{
          "refId":"p_cure_common_s",
          "count":2,
          "charge":-1,
          "enchantmentCharge":-1,
          "soul":""
        },{
          "refId":"p_swift_swim_q",
          "count":1,
          "charge":-1,
          "enchantmentCharge":-1,
          "soul":""
        },{
          "refId":"p_restore_willpower_q",
          "count":1,
          "charge":-1,
          "enchantmentCharge":-1,
          "soul":""
        },{
          "refId":"p_restore_strength_q",
          "count":1,
          "charge":-1,
          "enchantmentCharge":-1,
          "soul":""
        },{
          "refId":"p_restore_magicka_q",
          "count":1,
          "charge":-1,
          "enchantmentCharge":-1,
          "soul":""
        },{
          "refId":"p_restore_speed_q",
          "count":1,
          "charge":-1,
          "enchantmentCharge":-1,
          "soul":""
        },{
          "refId":"p_restore_personality_q",
          "count":1,
          "charge":-1,
          "enchantmentCharge":-1,
          "soul":""
        },{
          "refId":"p_restore_luck_q",
          "count":1,
          "charge":-1,
          "enchantmentCharge":-1,
          "soul":""
        },{
          "refId":"p_restore_intelligence_q",
          "count":1,
          "charge":-1,
          "enchantmentCharge":-1,
          "soul":""
        },{
          "refId":"p_restore_health_q",
          "count":2,
          "charge":-1,
          "enchantmentCharge":-1,
          "soul":""
        },{
          "refId":"p_restore_fatigue_q",
          "count":2,
          "charge":-1,
          "enchantmentCharge":-1,
          "soul":""
        },{
          "refId":"p_restore_endurance_q",
          "count":1,
          "charge":-1,
          "enchantmentCharge":-1,
          "soul":""
        },{
          "refId":"p_restore_agility_q",
          "count":1,
          "charge":-1,
          "enchantmentCharge":-1,
          "soul":""
        },{
          "refId":"p_shock_resistance_q",
          "count":1,
          "charge":-1,
          "enchantmentCharge":-1,
          "soul":""
        },{
          "refId":"p_poison_resistance_q",
          "count":1,
          "charge":-1,
          "enchantmentCharge":-1,
          "soul":""
        },{
          "refId":"p_magicka_resistance_q",
          "count":1,
          "charge":-1,
          "enchantmentCharge":-1,
          "soul":""
        },{
          "refId":"p_fire_resistance_q",
          "count":1,
          "charge":-1,
          "enchantmentCharge":-1,
          "soul":""
        },{
          "refId":"p_reflection_q",
          "count":1,
          "charge":-1,
          "enchantmentCharge":-1,
          "soul":""
        },{
          "refId":"p_night-eye_q",
          "count":1,
          "charge":-1,
          "enchantmentCharge":-1,
          "soul":""
        },{
          "refId":"p_lightning shield_q",
          "count":1,
          "charge":-1,
          "enchantmentCharge":-1,
          "soul":""
        },{
          "refId":"p_light_q",
          "count":1,
          "charge":-1,
          "enchantmentCharge":-1,
          "soul":""
        },{
          "refId":"p_frost_resistance_q",
          "count":1,
          "charge":-1,
          "enchantmentCharge":-1,
          "soul":""
        },{
          "refId":"p_frost_shield_q",
          "count":1,
          "charge":-1,
          "enchantmentCharge":-1,
          "soul":""
        },{
          "refId":"p_fortify_magicka_q",
          "count":1,
          "charge":-1,
          "enchantmentCharge":-1,
          "soul":""
        },{
          "refId":"p_fortify_health_q",
          "count":1,
          "charge":-1,
          "enchantmentCharge":-1,
          "soul":""
        },{
          "refId":"p_fortify_fatigue_q",
          "count":1,
          "charge":-1,
          "enchantmentCharge":-1,
          "soul":""
        },{
          "refId":"p_fire_shield_q",
          "count":1,
          "charge":-1,
          "enchantmentCharge":-1,
          "soul":""
        }]
    },
    "175837-0":{
      "refId":"medila indaren",
      "location":{
        "posX":768,
        "posZ":145,
        "posY":676,
        "rotX":0,
        "rotY":0,
        "rotZ":0
      },
      "stats":{
        "healthCurrent":87,
        "magickaCurrent":32,
        "healthModified":87,
        "fatigueBase":227,
        "fatigueModified":227,
        "healthBase":87,
        "magickaModified":32,
        "magickaBase":32,
        "fatigueCurrent":227
      },
      "equipment":{
        "7":{
          "refId":"extravagant_shoes_02",
          "count":1,
          "charge":-1,
          "enchantmentCharge":-1
        },
        "16":{
          "refId":"steel dagger of swiftblade",
          "count":1,
          "charge":-1,
          "enchantmentCharge":-1
        },
        "11":{
          "refId":"extravagant_robe_02",
          "count":1,
          "charge":-1,
          "enchantmentCharge":-1
        }
      },
      "inventory":[{
          "refId":"extravagant_robe_02",
          "count":1,
          "charge":-1,
          "enchantmentCharge":-1,
          "soul":""
        },{
          "refId":"extravagant_shoes_02",
          "count":1,
          "charge":-1,
          "enchantmentCharge":-1,
          "soul":""
        },{
          "refId":"steel dagger of swiftblade",
          "count":1,
          "charge":-1,
          "enchantmentCharge":-1,
          "soul":""
        }]
    },
    "150731-0":{
      "refId":"com_cupboard_01_booze",
      "inventory":[{
          "refId":"potion_comberry_wine_01",
          "count":1,
          "charge":-1,
          "enchantmentCharge":-1,
          "soul":""
        },{
          "refId":"potion_cyro_whiskey_01",
          "count":1,
          "charge":-1,
          "enchantmentCharge":-1,
          "soul":""
        },{
          "refId":"potion_local_brew_01",
          "count":12,
          "charge":-1,
          "enchantmentCharge":-1,
          "soul":""
        },{
          "refId":"potion_local_liquor_01",
          "count":8,
          "charge":-1,
          "enchantmentCharge":-1,
          "soul":""
        }]
    },
    "324581-0":{
      "refId":"crate_01_food",
      "inventory":[{
          "refId":"ingred_ash_yam_01",
          "count":4,
          "charge":-1,
          "enchantmentCharge":-1,
          "soul":""
        }]
    },
    "324586-0":{
      "refId":"urn_03_food",
      "inventory":[{
          "refId":"ingred_saltrice_01",
          "count":2,
          "charge":-1,
          "enchantmentCharge":-1,
          "soul":""
        }]
    },
    "324632-0":{
      "refId":"com_basket_01_chpfood5",
      "inventory":[{
          "refId":"ingred_scuttle_01",
          "count":5,
          "charge":-1,
          "enchantmentCharge":-1,
          "soul":""
        }]
    },
    "324627-0":{
      "refId":"com_basket_01_pos",
      "inventory":[{
          "refId":"misc_com_basket_02",
          "count":1,
          "charge":-1,
          "enchantmentCharge":-1,
          "soul":""
        }]
    },
    "175827-0":{
      "refId":"ingred_crab_meat_01"
    },
    "324591-0":{
      "refId":"com_sack_01_chpfood5",
      "inventory":[{
          "refId":"ingred_saltrice_01",
          "count":5,
          "charge":-1,
          "enchantmentCharge":-1,
          "soul":""
        }]
    },
    "324635-0":{
      "refId":"com_sack_02_chpfood3",
      "inventory":[{
          "refId":"ingred_hackle-lo_leaf_01",
          "count":3,
          "charge":-1,
          "enchantmentCharge":-1,
          "soul":""
        }]
    },
    "150695-0":{
      "refId":"com_sack_01_ingred",
      "inventory":[{
          "refId":"ingred_corkbulb_root_01",
          "count":1,
          "charge":-1,
          "enchantmentCharge":-1,
          "soul":""
        },{
          "refId":"ingred_hackle-lo_leaf_01",
          "count":1,
          "charge":-1,
          "enchantmentCharge":-1,
          "soul":""
        },{
          "refId":"ingred_guar_hide_01",
          "count":1,
          "charge":-1,
          "enchantmentCharge":-1,
          "soul":""
        }]
    },
    "150696-0":{
      "refId":"com_sack_01_saltrice_10",
      "inventory":[{
          "refId":"ingred_saltrice_01",
          "count":10,
          "charge":-1,
          "enchantmentCharge":-1,
          "soul":""
        }]
    },
    "324610-0":{
      "refId":"com_sack_02",
      "inventory":[]
    },
    "150681-0":{
      "refId":"in_c_door_wood_square",
      "doorState":2
    },
    "150691-0":{
      "refId":"com_basket_01_ingredien",
      "inventory":[{
          "refId":"ingred_kagouti_hide_01",
          "count":1,
          "charge":-1,
          "enchantmentCharge":-1,
          "soul":""
        },{
          "refId":"ingred_heather_01",
          "count":1,
          "charge":-1,
          "enchantmentCharge":-1,
          "soul":""
        },{
          "refId":"ingred_corkbulb_root_01",
          "count":1,
          "charge":-1,
          "enchantmentCharge":-1,
          "soul":""
        },{
          "refId":"ingred_kwama_cuttle_01",
          "count":1,
          "charge":-1,
          "enchantmentCharge":-1,
          "soul":""
        }]
    },
    "324611-0":{
      "refId":"com_sack_02",
      "inventory":[]
    },
    "175836-0":{
      "refId":"ernand thierry",
      "location":{
        "posX":687.32269287109,
        "posZ":145,
        "posY":365.41268920898,
        "rotX":0.016098899766803,
        "rotY":0,
        "rotZ":0.95698618888855
      },
      "stats":{
        "healthCurrent":66,
        "magickaCurrent":215,
        "healthModified":66,
        "fatigueBase":193,
        "fatigueModified":193,
        "healthBase":66,
        "magickaModified":215,
        "magickaBase":215,
        "fatigueCurrent":193
      },
      "equipment":{
        "7":{
          "refId":"common_shoes_05",
          "count":1,
          "charge":-1,
          "enchantmentCharge":-1
        },
        "8":{
          "refId":"common_shirt_05",
          "count":1,
          "charge":-1,
          "enchantmentCharge":-1
        },
        "15":{
          "refId":"common_belt_05",
          "count":1,
          "charge":-1,
          "enchantmentCharge":-1
        },
        "9":{
          "refId":"common_pants_05",
          "count":1,
          "charge":-1,
          "enchantmentCharge":-1
        }
      },
      "inventory":[{
          "refId":"apparatus_j_alembic_01",
          "count":1,
          "charge":-1,
          "enchantmentCharge":-1,
          "soul":""
        },{
          "refId":"apparatus_j_calcinator_01",
          "count":1,
          "charge":-1,
          "enchantmentCharge":-1,
          "soul":""
        },{
          "refId":"apparatus_j_retort_01",
          "count":1,
          "charge":-1,
          "enchantmentCharge":-1,
          "soul":""
        },{
          "refId":"apparatus_j_mortar_01",
          "count":1,
          "charge":-1,
          "enchantmentCharge":-1,
          "soul":""
        },{
          "refId":"common_belt_05",
          "count":1,
          "charge":-1,
          "enchantmentCharge":-1,
          "soul":""
        },{
          "refId":"common_shirt_05",
          "count":1,
          "charge":-1,
          "enchantmentCharge":-1,
          "soul":""
        },{
          "refId":"common_shoes_05",
          "count":1,
          "charge":-1,
          "enchantmentCharge":-1,
          "soul":""
        },{
          "refId":"common_pants_05",
          "count":1,
          "charge":-1,
          "enchantmentCharge":-1,
          "soul":""
        },{
          "refId":"ingred_bc_coda_flower",
          "count":5,
          "charge":-1,
          "enchantmentCharge":-1,
          "soul":""
        }],
      "lastGoldRestockDay":2,
      "lastGoldRestockHour":19.269014358521,
      "goldPool":393
    },
    "150693-0":{
      "refId":"com_basket_01_food",
      "inventory":[{
          "refId":"ingred_hound_meat_01",
          "count":1,
          "charge":-1,
          "enchantmentCharge":-1,
          "soul":""
        }]
    },
    "324600-0":{
      "refId":"ingred_bc_spore_pod"
    },
    "324589-0":{
      "refId":"com_sack_01_chpfood5",
      "inventory":[{
          "refId":"ingred_hackle-lo_leaf_01",
          "count":5,
          "charge":-1,
          "enchantmentCharge":-1,
          "soul":""
        }]
    },
    "175828-0":{
      "refId":"ingred_hound_meat_01"
    },
    "389740-0":{
      "refId":"flora_willow_flower_01",
      "inventory":[{
          "refId":"ingred_willow_anther_01",
          "count":1,
          "charge":-1,
          "enchantmentCharge":-1,
          "soul":""
        }]
    },
    "324630-0":{
      "refId":"ingred_ash_yam_01"
    },
    "324603-0":{
      "refId":"ingred_green_lichen_01"
    },
    "175826-0":{
      "refId":"ingred_alit_hide_01"
    },
    "324637-0":{
      "refId":"ingred_ash_yam_01"
    },
    "150711-0":{
      "refId":"ingred_comberry_01"
    },
    "150697-0":{
      "refId":"crate_01_eggs",
      "inventory":[{
          "refId":"food_kwama_egg_02",
          "count":1,
          "charge":-1,
          "enchantmentCharge":-1,
          "soul":""
        }]
    },
    "324634-0":{
      "refId":"com_sack_02_chpfood3",
      "inventory":[{
          "refId":"ingred_saltrice_01",
          "count":3,
          "charge":-1,
          "enchantmentCharge":-1,
          "soul":""
        }]
    },
    "150712-0":{
      "refId":"ingred_corkbulb_root_01"
    },
    "324638-0":{
      "refId":"ingred_ash_yam_01"
    },
    "324636-0":{
      "refId":"ingred_ash_yam_01"
    },
    "324584-0":{
      "refId":"crate_02_de_mclothes",
      "inventory":[{
          "refId":"common_pants_02",
          "count":1,
          "charge":-1,
          "enchantmentCharge":-1,
          "soul":""
        },{
          "refId":"common_ring_02",
          "count":1,
          "charge":-1,
          "enchantmentCharge":-1,
          "soul":""
        },{
          "refId":"expensive_shoes_02",
          "count":1,
          "charge":-1,
          "enchantmentCharge":-1,
          "soul":""
        }]
    },
    "175839-0":{
      "refId":"folms mirel",
      "location":{
        "posX":816.89788818359,
        "posZ":401,
        "posY":749.77270507813,
        "rotX":0,
        "rotY":0,
        "rotZ":4.112389087677
      },
      "stats":{
        "healthCurrent":98,
        "magickaCurrent":176,
        "healthModified":98,
        "fatigueBase":239,
        "fatigueModified":239,
        "healthBase":98,
        "magickaModified":176,
        "magickaBase":176,
        "fatigueCurrent":239
      },
      "equipment":{
        "7":{
          "refId":"common_shoes_05",
          "count":1,
          "charge":-1,
          "enchantmentCharge":-1
        },
        "16":{
          "refId":"sparkstar",
          "count":10,
          "charge":-1,
          "enchantmentCharge":-1
        },
        "11":{
          "refId":"common_robe_05_c",
          "count":1,
          "charge":-1,
          "enchantmentCharge":-1
        }
      },
      "inventory":[{
          "refId":"sc_ondusisunhinging",
          "count":2,
          "charge":-1,
          "enchantmentCharge":-1,
          "soul":""
        },{
          "refId":"sc_fphyggisgemfeeder",
          "count":2,
          "charge":-1,
          "enchantmentCharge":-1,
          "soul":""
        },{
          "refId":"sc_blackdeath",
          "count":1,
          "charge":-1,
          "enchantmentCharge":-1,
          "soul":""
        },{
          "refId":"sc_blackdespair",
          "count":1,
          "charge":-1,
          "enchantmentCharge":-1,
          "soul":""
        },{
          "refId":"sc_blackfate",
          "count":1,
          "charge":-1,
          "enchantmentCharge":-1,
          "soul":""
        },{
          "refId":"sc_blackmind",
          "count":1,
          "charge":-1,
          "enchantmentCharge":-1,
          "soul":""
        },{
          "refId":"sc_blackscorn",
          "count":1,
          "charge":-1,
          "enchantmentCharge":-1,
          "soul":""
        },{
          "refId":"sc_blacksloth",
          "count":1,
          "charge":-1,
          "enchantmentCharge":-1,
          "soul":""
        },{
          "refId":"sc_blackstorm",
          "count":1,
          "charge":-1,
          "enchantmentCharge":-1,
          "soul":""
        },{
          "refId":"sc_blackweakness",
          "count":1,
          "charge":-1,
          "enchantmentCharge":-1,
          "soul":""
        },{
          "refId":"sc_cureblight_ranged",
          "count":1,
          "charge":-1,
          "enchantmentCharge":-1,
          "soul":""
        },{
          "refId":"sc_divineintervention",
          "count":5,
          "charge":-1,
          "enchantmentCharge":-1,
          "soul":""
        },{
          "refId":"sc_elementalburstfire",
          "count":2,
          "charge":-1,
          "enchantmentCharge":-1,
          "soul":""
        },{
          "refId":"sc_elementalburstfrost",
          "count":2,
          "charge":-1,
          "enchantmentCharge":-1,
          "soul":""
        },{
          "refId":"sc_elementalburstshock",
          "count":2,
          "charge":-1,
          "enchantmentCharge":-1,
          "soul":""
        },{
          "refId":"sc_drathissoulrot",
          "count":1,
          "charge":-1,
          "enchantmentCharge":-1,
          "soul":""
        },{
          "refId":"sc_mark",
          "count":5,
          "charge":-1,
          "enchantmentCharge":-1,
          "soul":""
        },{
          "refId":"sc_leaguestep",
          "count":5,
          "charge":-1,
          "enchantmentCharge":-1,
          "soul":""
        },{
          "refId":"sc_nerusislockjaw",
          "count":5,
          "charge":-1,
          "enchantmentCharge":-1,
          "soul":""
        },{
          "refId":"sc_purityofbody",
          "count":5,
          "charge":-1,
          "enchantmentCharge":-1,
          "soul":""
        },{
          "refId":"sc_sixthbarrier",
          "count":5,
          "charge":-1,
          "enchantmentCharge":-1,
          "soul":""
        },{
          "refId":"sc_summongoldensaint",
          "count":1,
          "charge":-1,
          "enchantmentCharge":-1,
          "soul":""
        },{
          "refId":"sc_supremedomination",
          "count":10,
          "charge":-1,
          "enchantmentCharge":-1,
          "soul":""
        },{
          "refId":"sc_summonfrostatronach",
          "count":5,
          "charge":-1,
          "enchantmentCharge":-1,
          "soul":""
        },{
          "refId":"sc_summonflameatronach",
          "count":5,
          "charge":-1,
          "enchantmentCharge":-1,
          "soul":""
        },{
          "refId":"sc_tranasasspellmire",
          "count":2,
          "charge":-1,
          "enchantmentCharge":-1,
          "soul":""
        },{
          "refId":"sc_tranasasspelltrap",
          "count":2,
          "charge":-1,
          "enchantmentCharge":-1,
          "soul":""
        },{
          "refId":"sc_ninthbarrier",
          "count":1,
          "charge":-1,
          "enchantmentCharge":-1,
          "soul":""
        },{
          "refId":"common_robe_05_c",
          "count":1,
          "charge":-1,
          "enchantmentCharge":-1,
          "soul":""
        },{
          "refId":"common_shoes_05",
          "count":1,
          "charge":-1,
          "enchantmentCharge":-1,
          "soul":""
        },{
          "refId":"sparkstar",
          "count":10,
          "charge":-1,
          "enchantmentCharge":-1,
          "soul":""
        }]
    },
    "150694-0":{
      "refId":"com_sack_01_chpfood5",
      "inventory":[{
          "refId":"ingred_scuttle_01",
          "count":5,
          "charge":-1,
          "enchantmentCharge":-1,
          "soul":""
        }]
    },
    "175838-0":{
      "refId":"eraamion",
      "location":{
        "posX":422.94165039063,
        "posZ":401,
        "posY":840.36419677734,
        "rotX":0,
        "rotY":0,
        "rotZ":2.9584066867828
      },
      "stats":{
        "healthCurrent":65,
        "magickaCurrent":206,
        "healthModified":65,
        "fatigueBase":213,
        "fatigueModified":213,
        "healthBase":65,
        "magickaModified":206,
        "magickaBase":206,
        "fatigueCurrent":213
      },
      "equipment":{
        "7":{
          "refId":"common_shoes_04",
          "count":1,
          "charge":-1,
          "enchantmentCharge":-1
        },
        "16":{
          "refId":"steel spider blade",
          "count":1,
          "charge":-1,
          "enchantmentCharge":-1
        },
        "11":{
          "refId":"common_robe_04",
          "count":1,
          "charge":-1,
          "enchantmentCharge":-1
        }
      },
      "inventory":[{
          "refId":"common_robe_04",
          "count":1,
          "charge":-1,
          "enchantmentCharge":-1,
          "soul":""
        },{
          "refId":"common_shoes_04",
          "count":1,
          "charge":-1,
          "enchantmentCharge":-1,
          "soul":""
        },{
          "refId":"gold_001",
          "count":35,
          "charge":-1,
          "enchantmentCharge":-1,
          "soul":""
        },{
          "refId":"steel spider blade",
          "count":1,
          "charge":-1,
          "enchantmentCharge":-1,
          "soul":""
        }]
    },
    "324604-0":{
      "refId":"ingred_resin_01"
    },
    "324608-0":{
      "refId":"urn_03_ingred",
      "inventory":[{
          "refId":"ingred_comberry_01",
          "count":1,
          "charge":-1,
          "enchantmentCharge":-1,
          "soul":""
        },{
          "refId":"ingred_crab_meat_01",
          "count":1,
          "charge":-1,
          "enchantmentCharge":-1,
          "soul":""
        }]
    },
    "324607-0":{
      "refId":"urn_05_ingred",
      "inventory":[]
    },
    "324631-0":{
      "refId":"ingred_ash_yam_01"
    },
    "324593-0":{
      "refId":"com_basket_01_pos",
      "inventory":[{
          "refId":"misc_com_bottle_10",
          "count":1,
          "charge":-1,
          "enchantmentCharge":-1,
          "soul":""
        }]
    },
    "324587-0":{
      "refId":"com_sack_02_gold_05",
      "inventory":[{
          "refId":"common_shoes_01",
          "count":2,
          "charge":-1,
          "enchantmentCharge":-1,
          "soul":""
        },{
          "refId":"expensive_shirt_02",
          "count":1,
          "charge":-1,
          "enchantmentCharge":-1,
          "soul":""
        },{
          "refId":"gold_001",
          "count":5,
          "charge":-1,
          "enchantmentCharge":-1,
          "soul":""
        }]
    },
    "324633-0":{
      "refId":"com_basket_01_chpfood5",
      "inventory":[{
          "refId":"ingred_hackle-lo_leaf_01",
          "count":5,
          "charge":-1,
          "enchantmentCharge":-1,
          "soul":""
        }]
    },
    "324582-0":{
      "refId":"crate_01_eggs10",
      "inventory":[{
          "refId":"food_kwama_egg_02",
          "count":10,
          "charge":-1,
          "enchantmentCharge":-1,
          "soul":""
        }]
    },
    "150727-0":{
      "refId":"chest_small_01_ingred10",
      "inventory":[{
          "refId":"ingred_scuttle_01",
          "count":1,
          "charge":-1,
          "enchantmentCharge":-1,
          "soul":""
        },{
          "refId":"ingred_racer_plumes_01",
          "count":1,
          "charge":-1,
          "enchantmentCharge":-1,
          "soul":""
        },{
          "refId":"ingred_kresh_fiber_01",
          "count":1,
          "charge":-1,
          "enchantmentCharge":-1,
          "soul":""
        },{
          "refId":"ingred_comberry_01",
          "count":1,
          "charge":-1,
          "enchantmentCharge":-1,
          "soul":""
        }]
    },
    "480694-0":{
      "refId":"com_closet_01_mirel",
      "inventory":[{
          "refId":"sc_summondaedroth_hto",
          "count":1,
          "charge":-1,
          "enchantmentCharge":-1,
          "soul":""
        },{
          "refId":"sc_feldramstrepidation",
          "count":1,
          "charge":-1,
          "enchantmentCharge":-1,
          "soul":""
        },{
          "refId":"sc_gamblersprayer",
          "count":1,
          "charge":-1,
          "enchantmentCharge":-1,
          "soul":""
        },{
          "refId":"sc_vigor",
          "count":1,
          "charge":-1,
          "enchantmentCharge":-1,
          "soul":""
        },{
          "refId":"sc_supremedomination",
          "count":1,
          "charge":-1,
          "enchantmentCharge":-1,
          "soul":""
        },{
          "refId":"sc_alvusiaswarping",
          "count":1,
          "charge":-1,
          "enchantmentCharge":-1,
          "soul":""
        },{
          "refId":"sc_blackweakness",
          "count":1,
          "charge":-1,
          "enchantmentCharge":-1,
          "soul":""
        },{
          "refId":"sc_leaguestep",
          "count":1,
          "charge":-1,
          "enchantmentCharge":-1,
          "soul":""
        },{
          "refId":"sc_reddespair",
          "count":1,
          "charge":-1,
          "enchantmentCharge":-1,
          "soul":""
        },{
          "refId":"sc_blacksloth",
          "count":1,
          "charge":-1,
          "enchantmentCharge":-1,
          "soul":""
        }]
    },
    "324590-0":{
      "refId":"com_sack_01_chpfood5",
      "inventory":[{
          "refId":"ingred_saltrice_01",
          "count":5,
          "charge":-1,
          "enchantmentCharge":-1,
          "soul":""
        }]
    },
    "324594-0":{
      "refId":"com_basket_01_pos",
      "inventory":[{
          "refId":"gold_001",
          "count":1,
          "charge":-1,
          "enchantmentCharge":-1,
          "soul":""
        }]
    },
    "150692-0":{
      "refId":"com_basket_01_ingredien",
      "inventory":[{
          "refId":"ingred_bittergreen_petals_01",
          "count":1,
          "charge":-1,
          "enchantmentCharge":-1,
          "soul":""
        },{
          "refId":"ingred_heather_01",
          "count":1,
          "charge":-1,
          "enchantmentCharge":-1,
          "soul":""
        },{
          "refId":"ingred_netch_leather_01",
          "count":1,
          "charge":-1,
          "enchantmentCharge":-1,
          "soul":""
        },{
          "refId":"ingred_saltrice_01",
          "count":1,
          "charge":-1,
          "enchantmentCharge":-1,
          "soul":""
        },{
          "refId":"ingred_scamp_skin_01",
          "count":1,
          "charge":-1,
          "enchantmentCharge":-1,
          "soul":""
        },{
          "refId":"food_kwama_egg_01",
          "count":1,
          "charge":-1,
          "enchantmentCharge":-1,
          "soul":""
        },{
          "refId":"ingred_stoneflower_petals_01",
          "count":1,
          "charge":-1,
          "enchantmentCharge":-1,
          "soul":""
        }]
    },
    "324626-0":{
      "refId":"com_basket_01_pos",
      "inventory":[{
          "refId":"misc_com_bottle_15",
          "count":1,
          "charge":-1,
          "enchantmentCharge":-1,
          "soul":""
        }]
    },
    "324612-0":{
      "refId":"com_sack_02_pos",
      "inventory":[]
    },
    "324592-0":{
      "refId":"com_sack_02_chpfood3",
      "inventory":[{
          "refId":"food_kwama_egg_02",
          "count":3,
          "charge":-1,
          "enchantmentCharge":-1,
          "soul":""
        }]
    },
    "324583-0":{
      "refId":"crate_01_armor_leather",
      "inventory":[{
          "refId":"netch_leather_boots",
          "count":1,
          "charge":-1,
          "enchantmentCharge":-1,
          "soul":""
        },{
          "refId":"netch_leather_cuirass",
          "count":1,
          "charge":-1,
          "enchantmentCharge":-1,
          "soul":""
        },{
          "refId":"netch_leather_shield",
          "count":1,
          "charge":-1,
          "enchantmentCharge":-1,
          "soul":""
        }]
    },
    "150726-0":{
      "refId":"chest_small_01_gold_25",
      "inventory":[{
          "refId":"gold_001",
          "count":25,
          "charge":-1,
          "enchantmentCharge":-1,
          "soul":""
        }]
    },
    "324585-0":{
      "refId":"urn_05_ingred",
      "inventory":[{
          "refId":"ingred_trama_root_01",
          "count":1,
          "charge":-1,
          "enchantmentCharge":-1,
          "soul":""
        }]
    },
    "324588-0":{
      "refId":"com_sack_02_ingred",
      "inventory":[{
          "refId":"ingred_alit_hide_01",
          "count":1,
          "charge":-1,
          "enchantmentCharge":-1,
          "soul":""
        },{
          "refId":"ingred_scamp_skin_01",
          "count":1,
          "charge":-1,
          "enchantmentCharge":-1,
          "soul":""
        },{
          "refId":"ingred_kagouti_hide_01",
          "count":1,
          "charge":-1,
          "enchantmentCharge":-1,
          "soul":""
        }]
    },
    "175821-0":{
      "refId":"apparatus_m_mortar_01"
    },
    "470784-0":{
      "refId":"emelia duronia",
      "location":{
        "posX":430.99069213867,
        "posZ":401,
        "posY":227.70361328125,
        "rotX":0,
        "rotY":0,
        "rotZ":0.78539818525314
      },
      "stats":{
        "healthCurrent":59,
        "magickaCurrent":116,
        "healthModified":59,
        "fatigueBase":188,
        "fatigueModified":188,
        "healthBase":59,
        "magickaModified":116,
        "magickaBase":116,
        "fatigueCurrent":188
      },
      "equipment":{
        "7":{
          "refId":"expensive_shoes_03",
          "count":1,
          "charge":-1,
          "enchantmentCharge":-1
        },
        "16":{
          "refId":"fireblade",
          "count":1,
          "charge":-1,
          "enchantmentCharge":-1
        },
        "11":{
          "refId":"expensive_robe_03",
          "count":1,
          "charge":-1,
          "enchantmentCharge":-1
        },
        "12":{
          "refId":"mage_ring",
          "count":1,
          "charge":-1,
          "enchantmentCharge":-1
        }
      },
      "inventory":[{
          "refId":"mage_ring",
          "count":1,
          "charge":-1,
          "enchantmentCharge":-1,
          "soul":""
        },{
          "refId":"expensive_robe_03",
          "count":1,
          "charge":-1,
          "enchantmentCharge":-1,
          "soul":""
        },{
          "refId":"expensive_shoes_03",
          "count":1,
          "charge":-1,
          "enchantmentCharge":-1,
          "soul":""
        },{
          "refId":"gold_001",
          "count":17,
          "charge":-1,
          "enchantmentCharge":-1,
          "soul":""
        },{
          "refId":"fireblade",
          "count":1,
          "charge":-1,
          "enchantmentCharge":-1,
          "soul":""
        }]
    },
    "324609-0":{
      "refId":"com_sack_02",
      "inventory":[]
    },
    "389741-0":{
      "refId":"flora_willow_flower_02",
      "inventory":[]
    }
  },
  "loadState":{
    "hasFullContainerData":true,
    "hasFullActorList":true
  }
}