{
  "packets":{
    "actorList":["175944-0","175909-0","175943-0","175945-0","288992-0","175946-0"],
    "ai":[],
    "cellChangeFrom":[],
    "cellChangeTo":[],
    "container":["175861-0","175862-0","175863-0","175864-0","175865-0","175866-0","175867-0","175869-0","175870-0","175872-0","175901-0","175902-0","175905-0","175928-0","175929-0","175932-0","175934-0","175936-0","175933-0","175943-0","175944-0","175945-0","175946-0","288992-0","175909-0"],
    "death":[],
    "delete":[],
    "doorState":[],
    "equipment":["175944-0","175943-0","175945-0","288992-0","175946-0"],
    "lock":[],
    "place":[],
    "position":["175909-0","175943-0","175944-0","175945-0","175946-0","288992-0"],
    "scale":[],
    "spawn":[],
    "state":[],
    "statsDynamic":["175909-0","175943-0","175944-0","175945-0","175946-0","288992-0"],
    "trap":[],
    "spellsActive":[],
    "miscellaneous":["175909-0"],
    "clientScriptLocal":[]
  },
  "entry":{
    "creationTime":1670198123,
    "description":"Caldera, Ghorak Manor"
  },
  "lastVisit":{
    "focal01":1670198191
  },
  "recordLinks":{
    "potion":{
      "$custom_potion_1":["175909-0"],
      "$custom_potion_2":["175909-0"]
    }
  },
  "objectData":{
    "175934-0":{
      "refId":"crate_01_random_pos",
      "inventory":[{
          "refId":"sc_paper plain",
          "count":1,
          "charge":-1,
          "enchantmentCharge":-1,
          "soul":""
        },{
          "refId":"misc_com_plate_01",
          "count":1,
          "charge":-1,
          "enchantmentCharge":-1,
          "soul":""
        },{
          "refId":"misc_com_pitcher_metal_01",
          "count":1,
          "charge":-1,
          "enchantmentCharge":-1,
          "soul":""
        },{
          "refId":"misc_com_wood_spoon_02",
          "count":1,
          "charge":-1,
          "enchantmentCharge":-1,
          "soul":""
        },{
          "refId":"misc_com_redware_cup",
          "count":1,
          "charge":-1,
          "enchantmentCharge":-1,
          "soul":""
        },{
          "refId":"misc_com_metal_goblet_01",
          "count":1,
          "charge":-1,
          "enchantmentCharge":-1,
          "soul":""
        },{
          "refId":"gold_001",
          "count":3,
          "charge":-1,
          "enchantmentCharge":-1,
          "soul":""
        }]
    },
    "175862-0":{
      "refId":"com_sack_01_saltrice_10",
      "inventory":[{
          "refId":"ingred_saltrice_01",
          "count":10,
          "charge":-1,
          "enchantmentCharge":-1,
          "soul":""
        }]
    },
    "175945-0":{
      "refId":"ghoragdush gro-kashug",
      "location":{
        "posX":-856.82165527344,
        "posZ":385,
        "posY":-778.27734375,
        "rotX":0.010688462294638,
        "rotY":0,
        "rotZ":-0.60128951072693
      },
      "stats":{
        "healthCurrent":96,
        "magickaCurrent":70,
        "healthModified":96,
        "fatigueBase":235,
        "fatigueModified":235,
        "healthBase":96,
        "magickaModified":70,
        "magickaBase":70,
        "fatigueCurrent":235
      },
      "equipment":{
        "7":{
          "refId":"fur_boots",
          "count":1,
          "charge":-1,
          "enchantmentCharge":-1
        },
        "16":{
          "refId":"steel battle axe",
          "count":1,
          "charge":-1,
          "enchantmentCharge":-1
        },
        "9":{
          "refId":"common_pants_04",
          "count":1,
          "charge":-1,
          "enchantmentCharge":-1
        },
        "12":{
          "refId":"viperbolt ring",
          "count":1,
          "charge":-1,
          "enchantmentCharge":-1
        }
      },
      "inventory":[{
          "refId":"fur_boots",
          "count":1,
          "charge":-1,
          "enchantmentCharge":-1,
          "soul":""
        },{
          "refId":"viperbolt ring",
          "count":1,
          "charge":-1,
          "enchantmentCharge":-1,
          "soul":""
        },{
          "refId":"common_pants_04",
          "count":1,
          "charge":-1,
          "enchantmentCharge":-1,
          "soul":""
        },{
          "refId":"gold_001",
          "count":11,
          "charge":-1,
          "enchantmentCharge":-1,
          "soul":""
        },{
          "refId":"steel battle axe",
          "count":1,
          "charge":-1,
          "enchantmentCharge":-1,
          "soul":""
        }]
    },
    "175901-0":{
      "refId":"crate_01_eggs",
      "inventory":[{
          "refId":"food_kwama_egg_02",
          "count":1,
          "charge":-1,
          "enchantmentCharge":-1,
          "soul":""
        }]
    },
    "175929-0":{
      "refId":"crate_01_random_pos",
      "inventory":[{
          "refId":"misc_com_metal_goblet_01",
          "count":2,
          "charge":-1,
          "enchantmentCharge":-1,
          "soul":""
        },{
          "refId":"misc_com_bottle_15",
          "count":1,
          "charge":-1,
          "enchantmentCharge":-1,
          "soul":""
        },{
          "refId":"misc_soulgem_petty",
          "count":1,
          "charge":-1,
          "enchantmentCharge":-1,
          "soul":""
        },{
          "refId":"gold_001",
          "count":3,
          "charge":-1,
          "enchantmentCharge":-1,
          "soul":""
        }]
    },
    "175864-0":{
      "refId":"com_sack_02_saltrice_10",
      "inventory":[{
          "refId":"ingred_saltrice_01",
          "count":10,
          "charge":-1,
          "enchantmentCharge":-1,
          "soul":""
        }]
    },
    "175872-0":{
      "refId":"com_sack_01_saltrice_10",
      "inventory":[{
          "refId":"ingred_saltrice_01",
          "count":10,
          "charge":-1,
          "enchantmentCharge":-1,
          "soul":""
        }]
    },
    "288992-0":{
      "refId":"duma gro-lag",
      "location":{
        "posX":-142.10119628906,
        "posZ":641,
        "posY":-470.22311401367,
        "rotX":0,
        "rotY":0,
        "rotZ":3.6831874847412
      },
      "stats":{
        "healthCurrent":76,
        "magickaCurrent":102,
        "healthModified":76,
        "fatigueBase":209,
        "fatigueModified":209,
        "healthBase":76,
        "magickaModified":102,
        "magickaBase":102,
        "fatigueCurrent":209
      },
      "equipment":{
        "7":{
          "refId":"common_shoes_04",
          "count":1,
          "charge":-1,
          "enchantmentCharge":-1
        },
        "8":{
          "refId":"common_shirt_04",
          "count":1,
          "charge":-1,
          "enchantmentCharge":-1
        },
        "9":{
          "refId":"expensive_pants_03",
          "count":1,
          "charge":-1,
          "enchantmentCharge":-1
        },
        "12":{
          "refId":"common_ring_04",
          "count":1,
          "charge":-1,
          "enchantmentCharge":-1
        }
      },
      "inventory":[{
          "refId":"common_ring_04",
          "count":1,
          "charge":-1,
          "enchantmentCharge":-1,
          "soul":""
        },{
          "refId":"common_shirt_04",
          "count":1,
          "charge":-1,
          "enchantmentCharge":-1,
          "soul":""
        },{
          "refId":"common_shoes_04",
          "count":1,
          "charge":-1,
          "enchantmentCharge":-1,
          "soul":""
        },{
          "refId":"expensive_pants_03",
          "count":1,
          "charge":-1,
          "enchantmentCharge":-1,
          "soul":""
        },{
          "refId":"misc_de_lute_01",
          "count":1,
          "charge":-1,
          "enchantmentCharge":-1,
          "soul":""
        }]
    },
    "175936-0":{
      "refId":"crate_01_food_misc01",
      "inventory":[{
          "refId":"ingred_marshmerrow_01",
          "count":7,
          "charge":-1,
          "enchantmentCharge":-1,
          "soul":""
        },{
          "refId":"ingred_rat_meat_01",
          "count":3,
          "charge":-1,
          "enchantmentCharge":-1,
          "soul":""
        },{
          "refId":"ingred_saltrice_01",
          "count":8,
          "charge":-1,
          "enchantmentCharge":-1,
          "soul":""
        }]
    },
    "175861-0":{
      "refId":"com_sack_01_saltrice_10",
      "inventory":[{
          "refId":"ingred_saltrice_01",
          "count":10,
          "charge":-1,
          "enchantmentCharge":-1,
          "soul":""
        }]
    },
    "175909-0":{
      "refId":"scamp_creeper",
      "location":{
        "posX":-990.66125488281,
        "posZ":384.99996948242,
        "posY":-544.82354736328,
        "rotX":0,
        "rotY":0,
        "rotZ":2.6831872463226
      },
      "stats":{
        "healthCurrent":60,
        "magickaCurrent":100,
        "healthModified":60,
        "fatigueBase":400,
        "fatigueModified":400,
        "healthBase":60,
        "magickaModified":100,
        "magickaBase":100,
        "fatigueCurrent":400
      },
      "inventory":[{
          "refId":"potion_local_brew_01",
          "count":1,
          "charge":-1,
          "enchantmentCharge":-1,
          "soul":""
        },{
          "refId":"potion_skooma_01",
          "count":1,
          "charge":-1,
          "enchantmentCharge":-1,
          "soul":""
        },{
          "refId":"potion_local_liquor_01",
          "count":1,
          "charge":-1,
          "enchantmentCharge":-1,
          "soul":""
        },{
          "refId":"potion_cyro_whiskey_01",
          "count":1,
          "charge":-1,
          "enchantmentCharge":-1,
          "soul":""
        },{
          "refId":"potion_cyro_brandy_01",
          "count":1,
          "charge":-1,
          "enchantmentCharge":-1,
          "soul":""
        },{
          "refId":"potion_comberry_wine_01",
          "count":1,
          "charge":-1,
          "enchantmentCharge":-1,
          "soul":""
        },{
          "refId":"potion_comberry_brandy_01",
          "count":1,
          "charge":-1,
          "enchantmentCharge":-1,
          "soul":""
        },{
          "refId":"potion_ancient_brandy",
          "count":1,
          "charge":-1,
          "enchantmentCharge":-1,
          "soul":""
        },{
          "refId":"ingred_scamp_skin_01",
          "count":1,
          "charge":-1,
          "enchantmentCharge":-1,
          "soul":""
        },{
          "refId":"misc_de_drum_02",
          "count":1,
          "charge":-1,
          "enchantmentCharge":-1,
          "soul":""
        },{
          "refId":"iron shortsword",
          "count":1,
          "charge":-1,
          "enchantmentCharge":-1,
          "soul":""
        },{
          "refId":"$custom_potion_1",
          "count":2,
          "charge":-1,
          "enchantmentCharge":-1,
          "soul":""
        },{
          "refId":"$custom_potion_2",
          "count":3,
          "charge":-1,
          "enchantmentCharge":-1,
          "soul":""
        },{
          "refId":"misc_com_bottle_15",
          "count":1,
          "charge":-1,
          "enchantmentCharge":-1,
          "soul":""
        },{
          "refId":"misc_com_redware_vase",
          "count":1,
          "charge":-1,
          "enchantmentCharge":-1,
          "soul":""
        }],
      "goldPool":4760,
      "lastGoldRestockDay":2,
      "lastGoldRestockHour":18.651784896851
    },
    "175946-0":{
      "refId":"gulfim gra-borbul",
      "location":{
        "posX":-229.81564331055,
        "posZ":385,
        "posY":-446.95574951172,
        "rotX":0.01469455473125,
        "rotY":0,
        "rotZ":-2.6135284900665
      },
      "stats":{
        "healthCurrent":92,
        "magickaCurrent":23,
        "healthModified":92,
        "fatigueBase":220,
        "fatigueModified":220,
        "healthBase":92,
        "magickaModified":23,
        "magickaBase":23,
        "fatigueCurrent":220
      },
      "equipment":{
        "1":{
          "refId":"fur_cuirass",
          "count":1,
          "charge":-1,
          "enchantmentCharge":-1
        },
        "7":{
          "refId":"fur_boots",
          "count":1,
          "charge":-1,
          "enchantmentCharge":-1
        },
        "16":{
          "refId":"steel battle axe",
          "count":1,
          "charge":-1,
          "enchantmentCharge":-1
        },
        "14":{
          "refId":"balm amulet",
          "count":1,
          "charge":-1,
          "enchantmentCharge":-1
        }
      },
      "inventory":[{
          "refId":"fur_boots",
          "count":1,
          "charge":-1,
          "enchantmentCharge":-1,
          "soul":""
        },{
          "refId":"fur_cuirass",
          "count":1,
          "charge":-1,
          "enchantmentCharge":-1,
          "soul":""
        },{
          "refId":"balm amulet",
          "count":1,
          "charge":-1,
          "enchantmentCharge":-1,
          "soul":""
        },{
          "refId":"gold_001",
          "count":8,
          "charge":-1,
          "enchantmentCharge":-1,
          "soul":""
        },{
          "refId":"steel battle axe",
          "count":1,
          "charge":-1,
          "enchantmentCharge":-1,
          "soul":""
        }]
    },
    "175944-0":{
      "refId":"lorzub gro-bogla",
      "location":{
        "posX":-84.281356811523,
        "posZ":129,
        "posY":-232.04360961914,
        "rotX":0,
        "rotY":0,
        "rotZ":-1.0111124515533
      },
      "stats":{
        "healthCurrent":143,
        "magickaCurrent":76,
        "healthModified":143,
        "fatigueBase":279,
        "fatigueModified":279,
        "healthBase":143,
        "magickaModified":76,
        "magickaBase":76,
        "fatigueCurrent":279
      },
      "equipment":{
        "7":{
          "refId":"netch_leather_boots",
          "count":1,
          "charge":-1,
          "enchantmentCharge":-1
        },
        "16":{
          "refId":"dwarven battle axe",
          "count":1,
          "charge":-1,
          "enchantmentCharge":-1
        },
        "14":{
          "refId":"balm amulet",
          "count":1,
          "charge":-1,
          "enchantmentCharge":-1
        },
        "9":{
          "refId":"common_pants_04_b",
          "count":1,
          "charge":-1,
          "enchantmentCharge":-1
        }
      },
      "inventory":[{
          "refId":"netch_leather_boots",
          "count":1,
          "charge":-1,
          "enchantmentCharge":-1,
          "soul":""
        },{
          "refId":"balm amulet",
          "count":1,
          "charge":-1,
          "enchantmentCharge":-1,
          "soul":""
        },{
          "refId":"common_pants_04_b",
          "count":1,
          "charge":-1,
          "enchantmentCharge":-1,
          "soul":""
        },{
          "refId":"gold_001",
          "count":13,
          "charge":-1,
          "enchantmentCharge":-1,
          "soul":""
        },{
          "refId":"cruel flamearrow",
          "count":20,
          "charge":-1,
          "enchantmentCharge":-1,
          "soul":""
        },{
          "refId":"short bow",
          "count":1,
          "charge":-1,
          "enchantmentCharge":-1,
          "soul":""
        },{
          "refId":"dwarven battle axe",
          "count":1,
          "charge":-1,
          "enchantmentCharge":-1,
          "soul":""
        }]
    },
    "175943-0":{
      "refId":"urul gro-ghorak",
      "location":{
        "posX":-223.63896179199,
        "posZ":129,
        "posY":-404.54776000977,
        "rotX":0.015486530959606,
        "rotY":0,
        "rotZ":-0.076306581497192
      },
      "stats":{
        "healthCurrent":168,
        "magickaCurrent":96,
        "healthModified":168,
        "fatigueBase":306,
        "fatigueModified":306,
        "healthBase":168,
        "magickaModified":96,
        "magickaBase":96,
        "fatigueCurrent":306
      },
      "equipment":{
        "7":{
          "refId":"common_shoes_04",
          "count":1,
          "charge":-1,
          "enchantmentCharge":-1
        },
        "8":{
          "refId":"common_shirt_04",
          "count":1,
          "charge":-1,
          "enchantmentCharge":-1
        },
        "9":{
          "refId":"common_pants_04",
          "count":1,
          "charge":-1,
          "enchantmentCharge":-1
        },
        "12":{
          "refId":"dire sparkbolt ring",
          "count":1,
          "charge":-1,
          "enchantmentCharge":-1
        },
        "15":{
          "refId":"second barrier belt",
          "count":1,
          "charge":-1,
          "enchantmentCharge":-1
        },
        "16":{
          "refId":"ebony longsword",
          "count":1,
          "charge":-1,
          "enchantmentCharge":-1
        }
      },
      "inventory":[{
          "refId":"dire sparkbolt ring",
          "count":1,
          "charge":-1,
          "enchantmentCharge":-1,
          "soul":""
        },{
          "refId":"second barrier belt",
          "count":1,
          "charge":-1,
          "enchantmentCharge":-1,
          "soul":""
        },{
          "refId":"common_shirt_04",
          "count":1,
          "charge":-1,
          "enchantmentCharge":-1,
          "soul":""
        },{
          "refId":"common_shoes_04",
          "count":1,
          "charge":-1,
          "enchantmentCharge":-1,
          "soul":""
        },{
          "refId":"common_pants_04",
          "count":1,
          "charge":-1,
          "enchantmentCharge":-1,
          "soul":""
        },{
          "refId":"gold_001",
          "count":42,
          "charge":-1,
          "enchantmentCharge":-1,
          "soul":""
        },{
          "refId":"ebony longsword",
          "count":1,
          "charge":-1,
          "enchantmentCharge":-1,
          "soul":""
        }]
    },
    "175863-0":{
      "refId":"com_sack_02_chpfood3",
      "inventory":[{
          "refId":"ingred_hound_meat_01",
          "count":3,
          "charge":-1,
          "enchantmentCharge":-1,
          "soul":""
        }]
    },
    "175902-0":{
      "refId":"crate_01_food",
      "inventory":[{
          "refId":"food_kwama_egg_02",
          "count":4,
          "charge":-1,
          "enchantmentCharge":-1,
          "soul":""
        }]
    },
    "175933-0":{
      "refId":"crate_01_eggs",
      "inventory":[{
          "refId":"food_kwama_egg_02",
          "count":1,
          "charge":-1,
          "enchantmentCharge":-1,
          "soul":""
        }]
    },
    "175932-0":{
      "refId":"crate_01_ghorak",
      "inventory":[{
          "refId":"orcish_greaves",
          "count":1,
          "charge":-1,
          "enchantmentCharge":-1,
          "soul":""
        },{
          "refId":"orcish_pauldron_right",
          "count":1,
          "charge":-1,
          "enchantmentCharge":-1,
          "soul":""
        },{
          "refId":"orcish_pauldron_left",
          "count":1,
          "charge":-1,
          "enchantmentCharge":-1,
          "soul":""
        },{
          "refId":"orcish_cuirass",
          "count":1,
          "charge":-1,
          "enchantmentCharge":-1,
          "soul":""
        }]
    },
    "175866-0":{
      "refId":"com_sack_01_ingred",
      "inventory":[{
          "refId":"ingred_dreugh_wax_01",
          "count":1,
          "charge":-1,
          "enchantmentCharge":-1,
          "soul":""
        },{
          "refId":"ingred_corkbulb_root_01",
          "count":1,
          "charge":-1,
          "enchantmentCharge":-1,
          "soul":""
        }]
    },
    "175905-0":{
      "refId":"crate_01_random_pos",
      "inventory":[{
          "refId":"sc_paper plain",
          "count":2,
          "charge":-1,
          "enchantmentCharge":-1,
          "soul":""
        },{
          "refId":"misc_com_pitcher_metal_01",
          "count":1,
          "charge":-1,
          "enchantmentCharge":-1,
          "soul":""
        },{
          "refId":"misc_com_bottle_15",
          "count":2,
          "charge":-1,
          "enchantmentCharge":-1,
          "soul":""
        },{
          "refId":"misc_com_basket_02",
          "count":1,
          "charge":-1,
          "enchantmentCharge":-1,
          "soul":""
        },{
          "refId":"gold_001",
          "count":2,
          "charge":-1,
          "enchantmentCharge":-1,
          "soul":""
        }]
    },
    "175928-0":{
      "refId":"crate_01_moonsugar",
      "inventory":[{
          "refId":"ingred_moon_sugar_01",
          "count":2,
          "charge":-1,
          "enchantmentCharge":-1,
          "soul":""
        }]
    },
    "175870-0":{
      "refId":"com_sack_02_ingred",
      "inventory":[{
          "refId":"ingred_hound_meat_01",
          "count":1,
          "charge":-1,
          "enchantmentCharge":-1,
          "soul":""
        },{
          "refId":"ingred_resin_01",
          "count":1,
          "charge":-1,
          "enchantmentCharge":-1,
          "soul":""
        },{
          "refId":"ingred_saltrice_01",
          "count":1,
          "charge":-1,
          "enchantmentCharge":-1,
          "soul":""
        }]
    },
    "175865-0":{
      "refId":"com_sack_02_ingred",
      "inventory":[{
          "refId":"ingred_rat_meat_01",
          "count":1,
          "charge":-1,
          "enchantmentCharge":-1,
          "soul":""
        },{
          "refId":"ingred_scathecraw_01",
          "count":1,
          "charge":-1,
          "enchantmentCharge":-1,
          "soul":""
        },{
          "refId":"ingred_dreugh_wax_01",
          "count":1,
          "charge":-1,
          "enchantmentCharge":-1,
          "soul":""
        }]
    },
    "175867-0":{
      "refId":"com_sack_01_chpfood5",
      "inventory":[{
          "refId":"ingred_saltrice_01",
          "count":5,
          "charge":-1,
          "enchantmentCharge":-1,
          "soul":""
        }]
    },
    "175869-0":{
      "refId":"com_sack_01_ingred",
      "inventory":[{
          "refId":"ingred_stoneflower_petals_01",
          "count":1,
          "charge":-1,
          "enchantmentCharge":-1,
          "soul":""
        },{
          "refId":"ingred_scuttle_01",
          "count":1,
          "charge":-1,
          "enchantmentCharge":-1,
          "soul":""
        },{
          "refId":"ingred_bonemeal_01",
          "count":1,
          "charge":-1,
          "enchantmentCharge":-1,
          "soul":""
        },{
          "refId":"ingred_red_lichen_01",
          "count":1,
          "charge":-1,
          "enchantmentCharge":-1,
          "soul":""
        }]
    }
  },
  "loadState":{
    "hasFullContainerData":true,
    "hasFullActorList":true
  }
}