{
  "packets":{
    "actorList":[],
    "ai":[],
    "cellChangeFrom":[],
    "cellChangeTo":[],
    "container":[],
    "death":[],
    "delete":[],
    "doorState":[],
    "equipment":[],
    "lock":[],
    "place":[],
    "position":[],
    "scale":[],
    "spawn":[],
    "state":["288320-0","377941-0"],
    "statsDynamic":[],
    "trap":[],
    "spellsActive":[],
    "miscellaneous":[],
    "clientScriptLocal":[]
  },
  "entry":{
    "creationTime":1670164782,
    "description":"Sadrith Mora, Dirty Muriel's Cornerclub"
  },
  "lastVisit":[],
  "recordLinks":[],
  "objectData":{
    "377941-0":{
      "refId":"tenyeminwe",
      "state":false
    },
    "288320-0":{
      "refId":"natalinus flavonius",
      "state":false
    }
  },
  "loadState":{
    "hasFullContainerData":false,
    "hasFullActorList":false
  }
}