{
  "packets":{
    "actorList":["369035-0","369034-0","369037-0","369033-0","409121-0","385404-0","369036-0"],
    "ai":[],
    "cellChangeFrom":[],
    "cellChangeTo":[],
    "container":["369042-0","369049-0","369090-0","460137-0","477576-0","369033-0","369034-0","369036-0","385404-0","369035-0","409121-0","369037-0"],
    "death":[],
    "delete":[],
    "doorState":[],
    "equipment":["369035-0","369034-0","409121-0","369033-0","369037-0","385404-0","369036-0"],
    "lock":[],
    "place":[],
    "position":["369033-0","369034-0","369035-0","369036-0","369037-0","385404-0","409121-0"],
    "scale":[],
    "spawn":[],
    "state":[],
    "statsDynamic":["369033-0","369034-0","369035-0","369036-0","369037-0","385404-0","409121-0"],
    "trap":[],
    "spellsActive":[],
    "miscellaneous":["385404-0","369033-0"],
    "clientScriptLocal":[]
  },
  "entry":{
    "creationTime":1670197969,
    "description":"Sadrith Mora, Wolverine Hall: Mage's Guild"
  },
  "lastVisit":{
    "focal01":1670198041
  },
  "recordLinks":[],
  "objectData":{
    "369049-0":{
      "refId":"chest_small_01_ingredie",
      "inventory":[{
          "refId":"ingred_rat_meat_01",
          "count":1,
          "charge":-1,
          "enchantmentCharge":-1,
          "soul":""
        },{
          "refId":"ingred_scathecraw_01",
          "count":1,
          "charge":-1,
          "enchantmentCharge":-1,
          "soul":""
        },{
          "refId":"ingred_wickwheat_01",
          "count":1,
          "charge":-1,
          "enchantmentCharge":-1,
          "soul":""
        },{
          "refId":"ingred_kresh_fiber_01",
          "count":1,
          "charge":-1,
          "enchantmentCharge":-1,
          "soul":""
        }]
    },
    "369034-0":{
      "refId":"uleni heleran",
      "location":{
        "posX":381.66040039063,
        "posZ":65,
        "posY":902.38525390625,
        "rotX":0,
        "rotY":0,
        "rotZ":4.58318567276
      },
      "stats":{
        "healthCurrent":58,
        "magickaCurrent":120,
        "healthModified":58,
        "fatigueBase":189,
        "fatigueModified":189,
        "healthBase":58,
        "magickaModified":120,
        "magickaBase":120,
        "fatigueCurrent":189
      },
      "equipment":{
        "7":{
          "refId":"extravagant_shoes_02",
          "count":1,
          "charge":-1,
          "enchantmentCharge":-1
        },
        "16":{
          "refId":"silver dagger",
          "count":1,
          "charge":-1,
          "enchantmentCharge":-1
        },
        "11":{
          "refId":"extravagant_robe_01_a",
          "count":1,
          "charge":-1,
          "enchantmentCharge":-1
        },
        "12":{
          "refId":"extravagant_ring_02",
          "count":1,
          "charge":-1,
          "enchantmentCharge":-1
        }
      },
      "inventory":[{
          "refId":"extravagant_ring_02",
          "count":1,
          "charge":-1,
          "enchantmentCharge":-1,
          "soul":""
        },{
          "refId":"extravagant_robe_01_a",
          "count":1,
          "charge":-1,
          "enchantmentCharge":-1,
          "soul":""
        },{
          "refId":"extravagant_shoes_02",
          "count":1,
          "charge":-1,
          "enchantmentCharge":-1,
          "soul":""
        },{
          "refId":"gold_001",
          "count":21,
          "charge":-1,
          "enchantmentCharge":-1,
          "soul":""
        },{
          "refId":"silver dagger",
          "count":1,
          "charge":-1,
          "enchantmentCharge":-1,
          "soul":""
        }]
    },
    "369042-0":{
      "refId":"chest_small_01_ingredie",
      "inventory":[{
          "refId":"ingred_sload_soap_01",
          "count":1,
          "charge":-1,
          "enchantmentCharge":-1,
          "soul":""
        },{
          "refId":"ingred_hound_meat_01",
          "count":1,
          "charge":-1,
          "enchantmentCharge":-1,
          "soul":""
        }]
    },
    "369090-0":{
      "refId":"chest_01_v_potion_al_02",
      "inventory":[{
          "refId":"p_invisibility_s",
          "count":1,
          "charge":-1,
          "enchantmentCharge":-1,
          "soul":""
        },{
          "refId":"p_levitation_s",
          "count":1,
          "charge":-1,
          "enchantmentCharge":-1,
          "soul":""
        },{
          "refId":"p_water_walking_s",
          "count":2,
          "charge":-1,
          "enchantmentCharge":-1,
          "soul":""
        },{
          "refId":"p_water_breathing_s",
          "count":3,
          "charge":-1,
          "enchantmentCharge":-1,
          "soul":""
        },{
          "refId":"p_lightning shield_s",
          "count":1,
          "charge":-1,
          "enchantmentCharge":-1,
          "soul":""
        },{
          "refId":"p_swift_swim_q",
          "count":1,
          "charge":-1,
          "enchantmentCharge":-1,
          "soul":""
        },{
          "refId":"p_fire_shield_s",
          "count":1,
          "charge":-1,
          "enchantmentCharge":-1,
          "soul":""
        },{
          "refId":"p_restore_willpower_s",
          "count":1,
          "charge":-1,
          "enchantmentCharge":-1,
          "soul":""
        },{
          "refId":"p_restore_strength_s",
          "count":1,
          "charge":-1,
          "enchantmentCharge":-1,
          "soul":""
        },{
          "refId":"p_restore_magicka_s",
          "count":1,
          "charge":-1,
          "enchantmentCharge":-1,
          "soul":""
        },{
          "refId":"p_restore_speed_s",
          "count":1,
          "charge":-1,
          "enchantmentCharge":-1,
          "soul":""
        },{
          "refId":"p_restore_personality_s",
          "count":1,
          "charge":-1,
          "enchantmentCharge":-1,
          "soul":""
        },{
          "refId":"p_restore_luck_s",
          "count":1,
          "charge":-1,
          "enchantmentCharge":-1,
          "soul":""
        },{
          "refId":"p_restore_intelligence_s",
          "count":1,
          "charge":-1,
          "enchantmentCharge":-1,
          "soul":""
        },{
          "refId":"p_restore_fatigue_s",
          "count":3,
          "charge":-1,
          "enchantmentCharge":-1,
          "soul":""
        },{
          "refId":"p_restore_endurance_s",
          "count":1,
          "charge":-1,
          "enchantmentCharge":-1,
          "soul":""
        },{
          "refId":"p_restore_agility_s",
          "count":1,
          "charge":-1,
          "enchantmentCharge":-1,
          "soul":""
        },{
          "refId":"p_night-eye_s",
          "count":3,
          "charge":-1,
          "enchantmentCharge":-1,
          "soul":""
        },{
          "refId":"p_reflection_s",
          "count":2,
          "charge":-1,
          "enchantmentCharge":-1,
          "soul":""
        },{
          "refId":"p_poison_resistance_s",
          "count":3,
          "charge":-1,
          "enchantmentCharge":-1,
          "soul":""
        },{
          "refId":"p_disease_resistance_s",
          "count":3,
          "charge":-1,
          "enchantmentCharge":-1,
          "soul":""
        },{
          "refId":"p_disease_resistance_b",
          "count":3,
          "charge":-1,
          "enchantmentCharge":-1,
          "soul":""
        },{
          "refId":"p_light_b",
          "count":1,
          "charge":-1,
          "enchantmentCharge":-1,
          "soul":""
        },{
          "refId":"p_fortify_magicka_s",
          "count":1,
          "charge":-1,
          "enchantmentCharge":-1,
          "soul":""
        },{
          "refId":"p_fortify_health_s",
          "count":1,
          "charge":-1,
          "enchantmentCharge":-1,
          "soul":""
        },{
          "refId":"p_fortify_fatigue_s",
          "count":1,
          "charge":-1,
          "enchantmentCharge":-1,
          "soul":""
        },{
          "refId":"p_cure_poison_s",
          "count":1,
          "charge":-1,
          "enchantmentCharge":-1,
          "soul":""
        },{
          "refId":"p_cure_paralyzation_s",
          "count":1,
          "charge":-1,
          "enchantmentCharge":-1,
          "soul":""
        },{
          "refId":"p_cure_common_s",
          "count":2,
          "charge":-1,
          "enchantmentCharge":-1,
          "soul":""
        }]
    },
    "385404-0":{
      "refId":"iniel",
      "location":{
        "posX":-64.137657165527,
        "posZ":65,
        "posY":432.47329711914,
        "rotX":0,
        "rotY":0,
        "rotZ":2.9024002552032
      },
      "stats":{
        "healthCurrent":100,
        "magickaCurrent":280,
        "healthModified":100,
        "fatigueBase":227,
        "fatigueModified":227,
        "healthBase":100,
        "magickaModified":280,
        "magickaBase":280,
        "fatigueCurrent":227
      },
      "equipment":{
        "7":{
          "refId":"extravagant_shoes_02",
          "count":1,
          "charge":-1,
          "enchantmentCharge":-1
        },
        "11":{
          "refId":"expensive_robe_02_a",
          "count":1,
          "charge":-1,
          "enchantmentCharge":-1
        }
      },
      "inventory":[{
          "refId":"expensive_robe_02_a",
          "count":1,
          "charge":-1,
          "enchantmentCharge":-1,
          "soul":""
        },{
          "refId":"extravagant_shoes_02",
          "count":1,
          "charge":-1,
          "enchantmentCharge":-1,
          "soul":""
        },{
          "refId":"gold_001",
          "count":18,
          "charge":-1,
          "enchantmentCharge":-1,
          "soul":""
        }],
      "goldPool":9,
      "lastGoldRestockHour":17.303457260132,
      "lastGoldRestockDay":2
    },
    "369037-0":{
      "refId":"skinkintreesshade",
      "location":{
        "posX":11.2737159729,
        "posZ":65,
        "posY":900.33850097656,
        "rotX":0,
        "rotY":0,
        "rotZ":2.8031845092773
      },
      "stats":{
        "healthCurrent":209,
        "magickaCurrent":200,
        "healthModified":209,
        "fatigueBase":302,
        "fatigueModified":302,
        "healthBase":209,
        "magickaModified":200,
        "magickaBase":200,
        "fatigueCurrent":302
      },
      "equipment":{
        "16":{
          "refId":"glass dagger",
          "count":1,
          "charge":-1,
          "enchantmentCharge":-1
        },
        "8":{
          "refId":"common_shirt_04",
          "count":1,
          "charge":-1,
          "enchantmentCharge":-1
        },
        "9":{
          "refId":"common_pants_04",
          "count":1,
          "charge":-1,
          "enchantmentCharge":-1
        }
      },
      "inventory":[{
          "refId":"bk_guide_to_sadrithmora",
          "count":1,
          "charge":-1,
          "enchantmentCharge":-1,
          "soul":""
        },{
          "refId":"bk_originofthemagesguild",
          "count":2,
          "charge":-1,
          "enchantmentCharge":-1,
          "soul":""
        },{
          "refId":"bk_invocationofazura",
          "count":1,
          "charge":-1,
          "enchantmentCharge":-1,
          "soul":""
        },{
          "refId":"bk_vagariesofmagica",
          "count":1,
          "charge":-1,
          "enchantmentCharge":-1,
          "soul":""
        },{
          "refId":"common_shirt_04",
          "count":1,
          "charge":-1,
          "enchantmentCharge":-1,
          "soul":""
        },{
          "refId":"common_pants_04",
          "count":1,
          "charge":-1,
          "enchantmentCharge":-1,
          "soul":""
        },{
          "refId":"glass dagger",
          "count":1,
          "charge":-1,
          "enchantmentCharge":-1,
          "soul":""
        }]
    },
    "409121-0":{
      "refId":"procyon nigilius",
      "location":{
        "posX":203.31602478027,
        "posZ":65.000022888184,
        "posY":804.35467529297,
        "rotX":0,
        "rotY":0,
        "rotZ":3.2831852436066
      },
      "stats":{
        "healthCurrent":122,
        "magickaCurrent":40,
        "healthModified":122,
        "fatigueBase":243,
        "fatigueModified":243,
        "healthBase":122,
        "magickaModified":40,
        "magickaBase":40,
        "fatigueCurrent":243
      },
      "equipment":{
        "7":{
          "refId":"extravagant_shoes_02",
          "count":1,
          "charge":-1,
          "enchantmentCharge":-1
        },
        "16":{
          "refId":"ebony shortsword",
          "count":1,
          "charge":-1,
          "enchantmentCharge":-1
        },
        "11":{
          "refId":"extravagant_robe_02",
          "count":1,
          "charge":-1,
          "enchantmentCharge":-1
        }
      },
      "inventory":[{
          "refId":"extravagant_robe_02",
          "count":1,
          "charge":-1,
          "enchantmentCharge":-1,
          "soul":""
        },{
          "refId":"extravagant_shoes_02",
          "count":1,
          "charge":-1,
          "enchantmentCharge":-1,
          "soul":""
        },{
          "refId":"gold_001",
          "count":60,
          "charge":-1,
          "enchantmentCharge":-1,
          "soul":""
        },{
          "refId":"ebony wizard's staff",
          "count":1,
          "charge":-1,
          "enchantmentCharge":-1,
          "soul":""
        },{
          "refId":"ebony shortsword",
          "count":1,
          "charge":-1,
          "enchantmentCharge":-1,
          "soul":""
        }]
    },
    "369035-0":{
      "refId":"arielle phiencel",
      "location":{
        "posX":224.31127929688,
        "posZ":65,
        "posY":262.00573730469,
        "rotX":0.010872891172767,
        "rotY":0,
        "rotZ":-2.5828249454498
      },
      "stats":{
        "healthCurrent":53,
        "magickaCurrent":142,
        "healthModified":53,
        "fatigueBase":189,
        "fatigueModified":189,
        "healthBase":53,
        "magickaModified":142,
        "magickaBase":142,
        "fatigueCurrent":189
      },
      "equipment":{
        "7":{
          "refId":"common_shoes_05",
          "count":1,
          "charge":-1,
          "enchantmentCharge":-1
        },
        "16":{
          "refId":"steel jinkblade",
          "count":1,
          "charge":-1,
          "enchantmentCharge":-1
        },
        "11":{
          "refId":"common_robe_05_a",
          "count":1,
          "charge":-1,
          "enchantmentCharge":-1
        }
      },
      "inventory":[{
          "refId":"common_robe_05_a",
          "count":1,
          "charge":-1,
          "enchantmentCharge":-1,
          "soul":""
        },{
          "refId":"common_shoes_05",
          "count":1,
          "charge":-1,
          "enchantmentCharge":-1,
          "soul":""
        },{
          "refId":"silver_staff_dawn_uniq",
          "count":1,
          "charge":-1,
          "enchantmentCharge":-1,
          "soul":""
        },{
          "refId":"steel jinkblade",
          "count":1,
          "charge":-1,
          "enchantmentCharge":-1,
          "soul":""
        }]
    },
    "369036-0":{
      "refId":"dabienne mornardl",
      "location":{
        "posX":386.59759521484,
        "posZ":65,
        "posY":409.392578125,
        "rotX":0.0072900634258986,
        "rotY":0,
        "rotZ":2.3817913532257
      },
      "stats":{
        "healthCurrent":55,
        "magickaCurrent":190,
        "healthModified":55,
        "fatigueBase":185,
        "fatigueModified":185,
        "healthBase":55,
        "magickaModified":190,
        "magickaBase":190,
        "fatigueCurrent":185
      },
      "equipment":{
        "7":{
          "refId":"common_shoes_05",
          "count":1,
          "charge":-1,
          "enchantmentCharge":-1
        },
        "11":{
          "refId":"common_robe_05_c",
          "count":1,
          "charge":-1,
          "enchantmentCharge":-1
        }
      },
      "inventory":[{
          "refId":"sc_ondusisunhinging",
          "count":3,
          "charge":-1,
          "enchantmentCharge":-1,
          "soul":""
        },{
          "refId":"sc_fphyggisgemfeeder",
          "count":2,
          "charge":-1,
          "enchantmentCharge":-1,
          "soul":""
        },{
          "refId":"sc_balefulsuffering",
          "count":2,
          "charge":-1,
          "enchantmentCharge":-1,
          "soul":""
        },{
          "refId":"sc_brevasavertedeyes",
          "count":2,
          "charge":-1,
          "enchantmentCharge":-1,
          "soul":""
        },{
          "refId":"sc_daynarsairybubble",
          "count":2,
          "charge":-1,
          "enchantmentCharge":-1,
          "soul":""
        },{
          "refId":"sc_fadersleadenflesh",
          "count":2,
          "charge":-1,
          "enchantmentCharge":-1,
          "soul":""
        },{
          "refId":"sc_flameguard",
          "count":5,
          "charge":-1,
          "enchantmentCharge":-1,
          "soul":""
        },{
          "refId":"sc_frostguard",
          "count":5,
          "charge":-1,
          "enchantmentCharge":-1,
          "soul":""
        },{
          "refId":"sc_shockguard",
          "count":5,
          "charge":-1,
          "enchantmentCharge":-1,
          "soul":""
        },{
          "refId":"sc_summonskeletalservant",
          "count":1,
          "charge":-1,
          "enchantmentCharge":-1,
          "soul":""
        },{
          "refId":"sc_reynosbeastfinder",
          "count":2,
          "charge":-1,
          "enchantmentCharge":-1,
          "soul":""
        },{
          "refId":"sc_reynosfins",
          "count":1,
          "charge":-1,
          "enchantmentCharge":-1,
          "soul":""
        },{
          "refId":"sc_thirdbarrier",
          "count":5,
          "charge":-1,
          "enchantmentCharge":-1,
          "soul":""
        },{
          "refId":"sc_fourthbarrier",
          "count":1,
          "charge":-1,
          "enchantmentCharge":-1,
          "soul":""
        },{
          "refId":"sc_salensvivication",
          "count":1,
          "charge":-1,
          "enchantmentCharge":-1,
          "soul":""
        },{
          "refId":"sc_redweakness",
          "count":1,
          "charge":-1,
          "enchantmentCharge":-1,
          "soul":""
        },{
          "refId":"sc_greyfate",
          "count":1,
          "charge":-1,
          "enchantmentCharge":-1,
          "soul":""
        },{
          "refId":"sc_dawnsprite",
          "count":1,
          "charge":-1,
          "enchantmentCharge":-1,
          "soul":""
        },{
          "refId":"common_robe_05_c",
          "count":1,
          "charge":-1,
          "enchantmentCharge":-1,
          "soul":""
        },{
          "refId":"common_shoes_05",
          "count":1,
          "charge":-1,
          "enchantmentCharge":-1,
          "soul":""
        }]
    },
    "460137-0":{
      "refId":"com_chest_02_mg_supply",
      "inventory":[{
          "refId":"p_restore_magicka_s",
          "count":10,
          "charge":-1,
          "enchantmentCharge":-1,
          "soul":""
        },{
          "refId":"p_fortify_willpower_s",
          "count":5,
          "charge":-1,
          "enchantmentCharge":-1,
          "soul":""
        },{
          "refId":"sc_almsiviintervention",
          "count":1,
          "charge":-1,
          "enchantmentCharge":-1,
          "soul":""
        },{
          "refId":"sc_divineintervention",
          "count":1,
          "charge":-1,
          "enchantmentCharge":-1,
          "soul":""
        },{
          "refId":"sc_daydenespanacea",
          "count":3,
          "charge":-1,
          "enchantmentCharge":-1,
          "soul":""
        },{
          "refId":"bk_bookofdaedra",
          "count":1,
          "charge":-1,
          "enchantmentCharge":-1,
          "soul":""
        },{
          "refId":"bk_originofthemagesguild",
          "count":1,
          "charge":-1,
          "enchantmentCharge":-1,
          "soul":""
        },{
          "refId":"misc_soulgem_lesser",
          "count":3,
          "charge":-1,
          "enchantmentCharge":-1,
          "soul":""
        }]
    },
    "477576-0":{
      "refId":"com_closet_01_mornardl",
      "inventory":[{
          "refId":"merisan_cuirass",
          "count":1,
          "charge":-1,
          "enchantmentCharge":-1,
          "soul":""
        },{
          "refId":"the_chiding_cuirass",
          "count":1,
          "charge":-1,
          "enchantmentCharge":-1,
          "soul":""
        },{
          "refId":"velothis_shield",
          "count":1,
          "charge":-1,
          "enchantmentCharge":-1,
          "soul":""
        },{
          "refId":"holy_tower_shield",
          "count":1,
          "charge":-1,
          "enchantmentCharge":-1,
          "soul":""
        }]
    },
    "369033-0":{
      "refId":"tusamircil",
      "location":{
        "posX":-74.721054077148,
        "posZ":65,
        "posY":619.71063232422,
        "rotX":0,
        "rotY":0,
        "rotZ":2.6339371204376
      },
      "stats":{
        "healthCurrent":59,
        "magickaCurrent":276,
        "healthModified":59,
        "fatigueBase":183,
        "fatigueModified":183,
        "healthBase":59,
        "magickaModified":276,
        "magickaBase":276,
        "fatigueCurrent":183
      },
      "equipment":{
        "7":{
          "refId":"common_shoes_05",
          "count":1,
          "charge":-1,
          "enchantmentCharge":-1
        },
        "8":{
          "refId":"common_shirt_05",
          "count":1,
          "charge":-1,
          "enchantmentCharge":-1
        },
        "16":{
          "refId":"silver staff",
          "count":1,
          "charge":-1,
          "enchantmentCharge":-1
        },
        "9":{
          "refId":"common_pants_05",
          "count":1,
          "charge":-1,
          "enchantmentCharge":-1
        }
      },
      "inventory":[{
          "refId":"common_shirt_05",
          "count":1,
          "charge":-1,
          "enchantmentCharge":-1,
          "soul":""
        },{
          "refId":"common_shoes_05",
          "count":1,
          "charge":-1,
          "enchantmentCharge":-1,
          "soul":""
        },{
          "refId":"common_pants_05",
          "count":1,
          "charge":-1,
          "enchantmentCharge":-1,
          "soul":""
        },{
          "refId":"ingred_bc_bungler's_bane",
          "count":5,
          "charge":-1,
          "enchantmentCharge":-1,
          "soul":""
        },{
          "refId":"ingred_bc_ampoule_pod",
          "count":5,
          "charge":-1,
          "enchantmentCharge":-1,
          "soul":""
        },{
          "refId":"ingred_bc_spore_pod",
          "count":5,
          "charge":-1,
          "enchantmentCharge":-1,
          "soul":""
        },{
          "refId":"ingred_trama_root_01",
          "count":10,
          "charge":-1,
          "enchantmentCharge":-1,
          "soul":""
        },{
          "refId":"ingred_racer_plumes_01",
          "count":10,
          "charge":-1,
          "enchantmentCharge":-1,
          "soul":""
        },{
          "refId":"ingred_kwama_cuttle_01",
          "count":10,
          "charge":-1,
          "enchantmentCharge":-1,
          "soul":""
        },{
          "refId":"ingred_corkbulb_root_01",
          "count":10,
          "charge":-1,
          "enchantmentCharge":-1,
          "soul":""
        },{
          "refId":"silver staff",
          "count":1,
          "charge":-1,
          "enchantmentCharge":-1,
          "soul":""
        }],
      "goldPool":436,
      "lastGoldRestockHour":17.373725891113,
      "lastGoldRestockDay":2
    }
  },
  "loadState":{
    "hasFullContainerData":true,
    "hasFullActorList":true
  }
}