{
  "packets":{
    "actorList":["172858-0","119636-0","172857-0"],
    "ai":[],
    "cellChangeFrom":[],
    "cellChangeTo":[],
    "container":["414037-0","119529-0","119620-0","321345-0","119623-0","397572-0","397573-0","397574-0","397575-0","397576-0","397577-0","397578-0","172857-0","172858-0","119636-0"],
    "death":[],
    "delete":[],
    "doorState":[],
    "equipment":["172858-0","119636-0","172857-0"],
    "lock":[],
    "place":[],
    "position":["119636-0","172857-0","172858-0"],
    "scale":[],
    "spawn":[],
    "state":[],
    "statsDynamic":["119636-0","172857-0","172858-0"],
    "trap":[],
    "spellsActive":[],
    "miscellaneous":["172858-0"],
    "clientScriptLocal":[]
  },
  "entry":{
    "creationTime":1670172288,
    "description":"Seyda Neen, Census and Excise Office - Instance for focal02"
  },
  "lastVisit":{
    "focal02":1670172560
  },
  "recordLinks":[],
  "objectData":{
    "397577-0":{
      "refId":"com_sack_01_ingred",
      "inventory":[{
          "refId":"ingred_green_lichen_01",
          "count":1,
          "charge":-1,
          "enchantmentCharge":-1,
          "soul":""
        },{
          "refId":"ingred_roobrush_01",
          "count":1,
          "charge":-1,
          "enchantmentCharge":-1,
          "soul":""
        }]
    },
    "119636-0":{
      "refId":"chargen class",
      "location":{
        "posX":242.30084228516,
        "posZ":193.00001525879,
        "posY":-111.05819702148,
        "rotX":0,
        "rotY":0,
        "rotZ":4.7123889923096
      },
      "stats":{
        "healthCurrent":102,
        "magickaCurrent":160,
        "healthModified":102,
        "fatigueBase":236,
        "fatigueModified":236,
        "healthBase":102,
        "magickaModified":160,
        "magickaBase":160,
        "fatigueCurrent":236
      },
      "equipment":{
        "7":{
          "refId":"common_shoes_03",
          "count":1,
          "charge":-1,
          "enchantmentCharge":-1
        },
        "16":{
          "refId":"steel shardblade",
          "count":1,
          "charge":-1,
          "enchantmentCharge":-1
        },
        "11":{
          "refId":"common_robe_05",
          "count":1,
          "charge":-1,
          "enchantmentCharge":-1
        }
      },
      "inventory":[{
          "refId":"common_robe_05",
          "count":1,
          "charge":-1,
          "enchantmentCharge":-1,
          "soul":""
        },{
          "refId":"common_shoes_03",
          "count":1,
          "charge":-1,
          "enchantmentCharge":-1,
          "soul":""
        },{
          "refId":"gold_001",
          "count":31,
          "charge":-1,
          "enchantmentCharge":-1,
          "soul":""
        },{
          "refId":"steel shardblade",
          "count":1,
          "charge":-1,
          "enchantmentCharge":-1,
          "soul":""
        }]
    },
    "397576-0":{
      "refId":"com_sack_01_ingred",
      "inventory":[{
          "refId":"ingred_black_lichen_01",
          "count":1,
          "charge":-1,
          "enchantmentCharge":-1,
          "soul":""
        }]
    },
    "172857-0":{
      "refId":"chargen door guard",
      "location":{
        "posX":74.131072998047,
        "posZ":193.00001525879,
        "posY":190.57508850098,
        "rotX":0,
        "rotY":0,
        "rotZ":3.1415927410126
      },
      "stats":{
        "healthCurrent":170,
        "magickaCurrent":110,
        "healthModified":170,
        "fatigueBase":265,
        "fatigueModified":265,
        "healthBase":170,
        "magickaModified":110,
        "magickaBase":110,
        "fatigueCurrent":265
      },
      "equipment":{
        "0":{
          "refId":"imperial helmet armor",
          "count":1,
          "charge":-1,
          "enchantmentCharge":-1
        },
        "1":{
          "refId":"imperial cuirass_armor",
          "count":1,
          "charge":-1,
          "enchantmentCharge":-1
        },
        "3":{
          "refId":"imperial left pauldron",
          "count":1,
          "charge":-1,
          "enchantmentCharge":-1
        },
        "4":{
          "refId":"imperial right pauldron",
          "count":1,
          "charge":-1,
          "enchantmentCharge":-1
        },
        "5":{
          "refId":"imperial left gauntlet",
          "count":1,
          "charge":-1,
          "enchantmentCharge":-1
        },
        "6":{
          "refId":"imperial right gauntlet",
          "count":1,
          "charge":-1,
          "enchantmentCharge":-1
        },
        "7":{
          "refId":"imperial boots",
          "count":1,
          "charge":-1,
          "enchantmentCharge":-1
        },
        "10":{
          "refId":"imperial skirt_clothing",
          "count":1,
          "charge":-1,
          "enchantmentCharge":-1
        },
        "15":{
          "refId":"imperial belt",
          "count":1,
          "charge":-1,
          "enchantmentCharge":-1
        },
        "16":{
          "refId":"imperial broadsword",
          "count":1,
          "charge":-1,
          "enchantmentCharge":-1
        },
        "17":{
          "refId":"imperial shield",
          "count":1,
          "charge":-1,
          "enchantmentCharge":-1
        }
      },
      "inventory":[{
          "refId":"imperial shield",
          "count":1,
          "charge":-1,
          "enchantmentCharge":-1,
          "soul":""
        },{
          "refId":"imperial right gauntlet",
          "count":1,
          "charge":-1,
          "enchantmentCharge":-1,
          "soul":""
        },{
          "refId":"imperial left gauntlet",
          "count":1,
          "charge":-1,
          "enchantmentCharge":-1,
          "soul":""
        },{
          "refId":"imperial boots",
          "count":1,
          "charge":-1,
          "enchantmentCharge":-1,
          "soul":""
        },{
          "refId":"imperial right pauldron",
          "count":1,
          "charge":-1,
          "enchantmentCharge":-1,
          "soul":""
        },{
          "refId":"imperial left pauldron",
          "count":1,
          "charge":-1,
          "enchantmentCharge":-1,
          "soul":""
        },{
          "refId":"imperial cuirass_armor",
          "count":1,
          "charge":-1,
          "enchantmentCharge":-1,
          "soul":""
        },{
          "refId":"imperial helmet armor",
          "count":1,
          "charge":-1,
          "enchantmentCharge":-1,
          "soul":""
        },{
          "refId":"imperial skirt_clothing",
          "count":1,
          "charge":-1,
          "enchantmentCharge":-1,
          "soul":""
        },{
          "refId":"imperial belt",
          "count":1,
          "charge":-1,
          "enchantmentCharge":-1,
          "soul":""
        },{
          "refId":"imperial broadsword",
          "count":1,
          "charge":-1,
          "enchantmentCharge":-1,
          "soul":""
        }]
    },
    "397578-0":{
      "refId":"com_sack_03_ingredients",
      "inventory":[{
          "refId":"ingred_stoneflower_petals_01",
          "count":1,
          "charge":-1,
          "enchantmentCharge":-1,
          "soul":""
        },{
          "refId":"ingred_hackle-lo_leaf_01",
          "count":1,
          "charge":-1,
          "enchantmentCharge":-1,
          "soul":""
        },{
          "refId":"ingred_racer_plumes_01",
          "count":1,
          "charge":-1,
          "enchantmentCharge":-1,
          "soul":""
        }]
    },
    "119620-0":{
      "refId":"com_basket_01_chpfood",
      "inventory":[{
          "refId":"ingred_scrib_jerky_01",
          "count":2,
          "charge":-1,
          "enchantmentCharge":-1,
          "soul":""
        },{
          "refId":"food_kwama_egg_01",
          "count":1,
          "charge":-1,
          "enchantmentCharge":-1,
          "soul":""
        },{
          "refId":"ingred_crab_meat_01",
          "count":1,
          "charge":-1,
          "enchantmentCharge":-1,
          "soul":""
        }]
    },
    "397573-0":{
      "refId":"com_basket_01_chargen",
      "inventory":[]
    },
    "172858-0":{
      "refId":"chargen captain",
      "location":{
        "posX":1364.044921875,
        "posZ":193,
        "posY":-377.18365478516,
        "rotX":0,
        "rotY":0,
        "rotZ":-1.658949136734
      },
      "stats":{
        "healthCurrent":186,
        "magickaCurrent":116,
        "healthModified":186,
        "fatigueBase":280,
        "fatigueModified":280,
        "healthBase":186,
        "magickaModified":116,
        "magickaBase":116,
        "fatigueCurrent":280
      },
      "equipment":[{
          "refId":"templar_cuirass",
          "count":1,
          "charge":-1,
          "enchantmentCharge":-1
        },null,{
          "refId":"templar_pauldron_left",
          "count":1,
          "charge":-1,
          "enchantmentCharge":-1
        },{
          "refId":"templar_pauldron_right",
          "count":1,
          "charge":-1,
          "enchantmentCharge":-1
        },{
          "refId":"templar bracer left",
          "count":1,
          "charge":-1,
          "enchantmentCharge":-1
        },{
          "refId":"templar bracer right",
          "count":1,
          "charge":-1,
          "enchantmentCharge":-1
        },{
          "refId":"templar boots",
          "count":1,
          "charge":-1,
          "enchantmentCharge":-1
        },null,{
          "refId":"common_pants_01",
          "count":1,
          "charge":-1,
          "enchantmentCharge":-1
        },null,null,null,null,null,{
          "refId":"templar belt",
          "count":1,
          "charge":-1,
          "enchantmentCharge":-1
        },{
          "refId":"imperial broadsword",
          "count":1,
          "charge":-1,
          "enchantmentCharge":-1
        }],
      "inventory":[{
          "refId":"templar bracer right",
          "count":1,
          "charge":-1,
          "enchantmentCharge":-1,
          "soul":""
        },{
          "refId":"templar bracer left",
          "count":1,
          "charge":-1,
          "enchantmentCharge":-1,
          "soul":""
        },{
          "refId":"templar boots",
          "count":1,
          "charge":-1,
          "enchantmentCharge":-1,
          "soul":""
        },{
          "refId":"templar_pauldron_right",
          "count":1,
          "charge":-1,
          "enchantmentCharge":-1,
          "soul":""
        },{
          "refId":"templar_pauldron_left",
          "count":1,
          "charge":-1,
          "enchantmentCharge":-1,
          "soul":""
        },{
          "refId":"templar_cuirass",
          "count":1,
          "charge":-1,
          "enchantmentCharge":-1,
          "soul":""
        },{
          "refId":"templar belt",
          "count":1,
          "charge":-1,
          "enchantmentCharge":-1,
          "soul":""
        },{
          "refId":"common_pants_01",
          "count":1,
          "charge":-1,
          "enchantmentCharge":-1,
          "soul":""
        },{
          "refId":"imperial broadsword",
          "count":1,
          "charge":-1,
          "enchantmentCharge":-1,
          "soul":""
        }],
      "goldPool":0,
      "lastGoldRestockHour":4.245774269104,
      "lastGoldRestockDay":2
    },
    "397574-0":{
      "refId":"com_sack_03_ingredients",
      "inventory":[{
          "refId":"ingred_hound_meat_01",
          "count":1,
          "charge":-1,
          "enchantmentCharge":-1,
          "soul":""
        }]
    },
    "397572-0":{
      "refId":"com_sack_01_ingred",
      "inventory":[{
          "refId":"ingred_dreugh_wax_01",
          "count":1,
          "charge":-1,
          "enchantmentCharge":-1,
          "soul":""
        },{
          "refId":"ingred_bloat_01",
          "count":1,
          "charge":-1,
          "enchantmentCharge":-1,
          "soul":""
        },{
          "refId":"ingred_netch_leather_01",
          "count":1,
          "charge":-1,
          "enchantmentCharge":-1,
          "soul":""
        }]
    },
    "414037-0":{
      "refId":"stolen_goods",
      "inventory":[]
    },
    "119529-0":{
      "refId":"chest_small_02_rndgold",
      "inventory":[{
          "refId":"gold_001",
          "count":29,
          "charge":-1,
          "enchantmentCharge":-1,
          "soul":""
        }]
    },
    "397575-0":{
      "refId":"com_basket_chargen2",
      "inventory":[{
          "refId":"gold_001",
          "count":1,
          "charge":-1,
          "enchantmentCharge":-1,
          "soul":""
        }]
    },
    "119623-0":{
      "refId":"chest_small_02_lockprac",
      "inventory":[{
          "refId":"gold_001",
          "count":31,
          "charge":-1,
          "enchantmentCharge":-1,
          "soul":""
        }]
    },
    "321345-0":{
      "refId":"com_basket_01_chpfood",
      "inventory":[{
          "refId":"ingred_scrib_jerky_01",
          "count":2,
          "charge":-1,
          "enchantmentCharge":-1,
          "soul":""
        },{
          "refId":"food_kwama_egg_01",
          "count":1,
          "charge":-1,
          "enchantmentCharge":-1,
          "soul":""
        },{
          "refId":"ingred_crab_meat_01",
          "count":1,
          "charge":-1,
          "enchantmentCharge":-1,
          "soul":""
        }]
    }
  },
  "loadState":{
    "hasFullContainerData":true,
    "hasFullActorList":true
  }
}