{
  "packets":{
    "actorList":[],
    "ai":[],
    "cellChangeFrom":[],
    "cellChangeTo":[],
    "container":[],
    "death":[],
    "delete":[],
    "doorState":[],
    "equipment":[],
    "lock":[],
    "place":[],
    "position":[],
    "scale":[],
    "spawn":[],
    "state":["31421-0","31423-0","31422-0","31424-0"],
    "statsDynamic":[],
    "trap":[],
    "spellsActive":[],
    "miscellaneous":[],
    "clientScriptLocal":[]
  },
  "entry":{
    "creationTime":1670164782,
    "description":"Solstheim, Mortrag Glacier: Huntsman's Hall"
  },
  "lastVisit":[],
  "recordLinks":[],
  "objectData":{
    "31423-0":{
      "refId":"bm_hircine_straspect",
      "state":false
    },
    "31422-0":{
      "refId":"bm_hircine_spdaspect",
      "state":false
    },
    "31424-0":{
      "refId":"bm_hircine2",
      "state":false
    },
    "31421-0":{
      "refId":"bm_hircine_huntaspect",
      "state":false
    }
  },
  "loadState":{
    "hasFullContainerData":false,
    "hasFullActorList":false
  }
}