{
  "packets":{
    "actorList":[],
    "ai":[],
    "cellChangeFrom":[],
    "cellChangeTo":[],
    "container":[],
    "death":[],
    "delete":[],
    "doorState":[],
    "equipment":[],
    "lock":[],
    "place":[],
    "position":[],
    "scale":[],
    "spawn":[],
    "state":["32715-0","32716-0","32717-0","32718-0","32719-0","32720-0"],
    "statsDynamic":[],
    "trap":[],
    "spellsActive":[],
    "miscellaneous":[],
    "clientScriptLocal":[]
  },
  "entry":{
    "creationTime":1670164782,
    "description":"Solstheim, Chamber of Song"
  },
  "lastVisit":[],
  "recordLinks":[],
  "objectData":{
    "32719-0":{
      "refId":"act_bm_steam_05",
      "state":false
    },
    "32718-0":{
      "refId":"act_bm_steam_04",
      "state":false
    },
    "32717-0":{
      "refId":"act_bm_steam_03",
      "state":false
    },
    "32716-0":{
      "refId":"act_bm_steam_02",
      "state":false
    },
    "32715-0":{
      "refId":"act_bm_steam_01",
      "state":false
    },
    "32720-0":{
      "refId":"act_bm_steam_06",
      "state":false
    }
  },
  "loadState":{
    "hasFullContainerData":false,
    "hasFullActorList":false
  }
}