{
  "packets":{
    "actorList":[],
    "ai":[],
    "cellChangeFrom":[],
    "cellChangeTo":[],
    "container":[],
    "death":[],
    "delete":[],
    "doorState":[],
    "equipment":[],
    "lock":[],
    "place":[],
    "position":[],
    "scale":[],
    "spawn":[],
    "state":["18048-0","18047-0","18046-0","18045-0","18044-0"],
    "statsDynamic":[],
    "trap":[],
    "spellsActive":[],
    "miscellaneous":[],
    "clientScriptLocal":[]
  },
  "entry":{
    "creationTime":1670164782,
    "description":"Solstheim, Gandrung Caverns"
  },
  "lastVisit":[],
  "recordLinks":[],
  "objectData":{
    "18048-0":{
      "refId":"mus roscius",
      "state":false
    },
    "18044-0":{
      "refId":"gualtierus spurius",
      "state":false
    },
    "18046-0":{
      "refId":"mol gro-shat",
      "state":false
    },
    "18045-0":{
      "refId":"mazorn gro-gar",
      "state":false
    },
    "18047-0":{
      "refId":"sorian",
      "state":false
    }
  },
  "loadState":{
    "hasFullContainerData":false,
    "hasFullActorList":false
  }
}