{
  "packets":{
    "actorList":[],
    "ai":[],
    "cellChangeFrom":[],
    "cellChangeTo":[],
    "container":[],
    "death":[],
    "delete":[],
    "doorState":[],
    "equipment":[],
    "lock":[],
    "place":[],
    "position":[],
    "scale":[],
    "spawn":[],
    "state":["440490-0","440489-0"],
    "statsDynamic":[],
    "trap":[],
    "spellsActive":[],
    "miscellaneous":[],
    "clientScriptLocal":[]
  },
  "entry":{
    "creationTime":1670164783,
    "description":"Vivec, Telvanni Enchanter"
  },
  "lastVisit":[],
  "recordLinks":[],
  "objectData":{
    "440490-0":{
      "refId":"bk_clientlist",
      "state":false
    },
    "440489-0":{
      "refId":"hunger_audenian",
      "state":false
    }
  },
  "loadState":{
    "hasFullContainerData":false,
    "hasFullActorList":false
  }
}