{
  "login":{
    "name":"focal02",
    "passwordHash":"5579cb2e8490bb11843d33365afb067cbab47cf13ad2801cbabda9e04cd85707",
    "passwordSalt":"kK5l4T3aRvMi2b6S1VerBPDPE8kHbOKqmSiFEX2kdFLhj0uLTBChIshwIh4C7tFu"
  },
  "timestamps":{
    "lastFixMe":0,
    "lastLogin":1670172149,
    "creation":1670172149,
    "lastDisconnect":1670172968,
    "lastSessionDuration":819
  },
  "settings":{
    "difficulty":"default",
    "enforcedLogLevel":"default",
    "physicsFramerate":"default",
    "consoleAllowed":"default",
    "bedRestAllowed":"default",
    "wildernessRestAllowed":"default",
    "waitAllowed":"default",
    "staffRank":0
  },
  "character":{
    "gender":1,
    "race":"nord",
    "head":"b_n_nord_m_head_06",
    "hair":"b_n_nord_m_hair02",
    "class":"battlemage",
    "birthsign":"charioteer",
    "modelOverride":""
  },
  "customClass":[],
  "location":{
    "cell":"Balmora, Guild of Mages",
    "posX":-644.88031005859,
    "posY":-864.25256347656,
    "posZ":-762,
    "rotX":0.063671961426735,
    "rotZ":-2.7621071338654,
    "regionName":""
  },
  "stats":{
    "healthBase":55,
    "healthCurrent":55,
    "magickaBase":40,
    "magickaCurrent":40,
    "fatigueBase":180,
    "fatigueCurrent":176.44841003418,
    "level":1,
    "levelProgress":0
  },
  "fame":{
    "reputation":0,
    "bounty":0
  },
  "shapeshift":[],
  "attributes":{
    "Strength":{
      "base":60,
      "damage":0,
      "skillIncrease":0
    },
    "Agility":{
      "base":30,
      "damage":0,
      "skillIncrease":0
    },
    "Luck":{
      "base":40,
      "damage":0,
      "skillIncrease":0
    },
    "Speed":{
      "base":40,
      "damage":0,
      "skillIncrease":0
    },
    "Personality":{
      "base":30,
      "damage":0,
      "skillIncrease":0
    },
    "Endurance":{
      "base":50,
      "damage":0,
      "skillIncrease":0
    },
    "Intelligence":{
      "base":40,
      "damage":0,
      "skillIncrease":0
    },
    "Willpower":{
      "base":40,
      "damage":0,
      "skillIncrease":0
    }
  },
  "skills":{
    "Block":{
      "base":5,
      "damage":0,
      "progress":0
    },
    "Alchemy":{
      "base":20,
      "damage":0,
      "progress":0
    },
    "Restoration":{
      "base":10,
      "damage":0,
      "progress":0
    },
    "Conjuration":{
      "base":35,
      "damage":0,
      "progress":0
    },
    "Handtohand":{
      "base":5,
      "damage":0,
      "progress":0
    },
    "Mediumarmor":{
      "base":15,
      "damage":0,
      "progress":0
    },
    "Alteration":{
      "base":35,
      "damage":0,
      "progress":0
    },
    "Heavyarmor":{
      "base":35,
      "damage":0,
      "progress":0
    },
    "Mercantile":{
      "base":5,
      "damage":0,
      "progress":0
    },
    "Marksman":{
      "base":15,
      "damage":0,
      "progress":0
    },
    "Shortblade":{
      "base":5,
      "damage":0,
      "progress":0
    },
    "Sneak":{
      "base":5,
      "damage":0,
      "progress":0
    },
    "Lightarmor":{
      "base":5,
      "damage":0,
      "progress":0
    },
    "Acrobatics":{
      "base":5,
      "damage":0,
      "progress":0
    },
    "Armorer":{
      "base":5,
      "damage":0,
      "progress":0
    },
    "Speechcraft":{
      "base":5,
      "damage":0,
      "progress":0
    },
    "Axe":{
      "base":40,
      "damage":0,
      "progress":0
    },
    "Security":{
      "base":5,
      "damage":0,
      "progress":0
    },
    "Enchant":{
      "base":20,
      "damage":0,
      "progress":0
    },
    "Destruction":{
      "base":35,
      "damage":0,
      "progress":0
    },
    "Longblade":{
      "base":20,
      "damage":0,
      "progress":0
    },
    "Illusion":{
      "base":10,
      "damage":0,
      "progress":0
    },
    "Mysticism":{
      "base":20,
      "damage":0,
      "progress":0
    },
    "Spear":{
      "base":10,
      "damage":0,
      "progress":0
    },
    "Bluntweapon":{
      "base":15,
      "damage":0,
      "progress":0
    },
    "Athletics":{
      "base":5,
      "damage":0,
      "progress":0
    },
    "Unarmored":{
      "base":10,
      "damage":0,
      "progress":0
    }
  },
  "recordLinks":[],
  "equipment":[null,null,null,null,null,null,{
      "enchantmentCharge":-1,
      "count":1,
      "refId":"common_shoes_01",
      "charge":-1
    },{
      "enchantmentCharge":-1,
      "count":1,
      "refId":"common_shirt_01",
      "charge":-1
    },{
      "enchantmentCharge":-1,
      "count":1,
      "refId":"common_pants_01",
      "charge":-1
    }],
  "inventory":[],
  "spellbook":["summon ancestral ghost","fire bite","bound dagger","shield","water walking"],
  "books":[],
  "factionRanks":[],
  "factionReputation":[],
  "factionExpulsion":[],
  "mapExplored":["-2, -9"],
  "ipAddresses":["192.168.2.75"],
  "customVariables":[],
  "cooldowns":[],
  "spellsActive":[],
  "alliedPlayers":["focal01"],
  "topics":[],
  "miscellaneous":{
    "markLocation":{
      "cell":"",
      "posX":0,
      "posY":0,
      "posZ":0,
      "rotX":0,
      "rotZ":0
    },
    "selectedSpell":""
  },
  "destinationOverrides":[],
  "quickKeys":[],
  "journal":[]
}