{
  "login":{
    "name":"focal01",
    "passwordHash":"9b3fb76816be9275aaf22c6c6a341e3316d00b90793e817f06f2e38096af611f",
    "passwordSalt":"H63kRdRvhRgfszsxxP3DX4MwiMuYRYzGmiajiAKZbMTA9IvOubSCBKjZUuqGeki1"
  },
  "timestamps":{
    "lastFixMe":0,
    "lastLogin":1670197693,
    "creation":1670163899,
    "lastDisconnect":1670198523,
    "lastSessionDuration":830
  },
  "settings":{
    "difficulty":"default",
    "enforcedLogLevel":"default",
    "physicsFramerate":"default",
    "consoleAllowed":true,
    "bedRestAllowed":"default",
    "wildernessRestAllowed":"default",
    "waitAllowed":"default",
    "staffRank":2
  },
  "character":{
    "gender":1,
    "race":"nord",
    "head":"b_n_nord_m_head_06",
    "hair":"b_n_nord_m_hair02",
    "class":"bard",
    "birthsign":"charioteer",
    "modelOverride":""
  },
  "customClass":[],
  "location":{
    "cell":"Caldera, Guild of Mages",
    "posX":901.04455566406,
    "posY":444.07781982422,
    "posZ":146.27742004395,
    "rotX":0.91015625,
    "rotZ":2.940922498703,
    "regionName":""
  },
  "stats":{
    "healthBase":50,
    "healthCurrent":50,
    "magickaBase":40,
    "magickaCurrent":33,
    "fatigueBase":170,
    "fatigueCurrent":170,
    "level":1,
    "levelProgress":1
  },
  "fame":{
    "reputation":0,
    "bounty":0
  },
  "shapeshift":{
    "isWerewolf":false,
    "scale":1,
    "displayCreatureName":false,
    "creatureRefId":""
  },
  "attributes":{
    "Strength":{
      "base":50,
      "damage":0,
      "skillIncrease":0
    },
    "Agility":{
      "base":30,
      "damage":0,
      "skillIncrease":0
    },
    "Willpower":{
      "base":40,
      "damage":0,
      "skillIncrease":0
    },
    "Speed":{
      "base":200,
      "damage":0,
      "skillIncrease":0
    },
    "Intelligence":{
      "base":40,
      "damage":0,
      "skillIncrease":1
    },
    "Endurance":{
      "base":50,
      "damage":0,
      "skillIncrease":0
    },
    "Luck":{
      "base":40,
      "damage":0,
      "skillIncrease":0
    },
    "Personality":{
      "base":40,
      "damage":0,
      "skillIncrease":0
    }
  },
  "skills":{
    "Block":{
      "base":30,
      "damage":0,
      "progress":0
    },
    "Alchemy":{
      "base":31,
      "damage":0,
      "progress":0
    },
    "Restoration":{
      "base":5,
      "damage":0,
      "progress":0
    },
    "Conjuration":{
      "base":5,
      "damage":0,
      "progress":0
    },
    "Marksman":{
      "base":10,
      "damage":0,
      "progress":0
    },
    "Handtohand":{
      "base":10,
      "damage":0,
      "progress":0
    },
    "Shortblade":{
      "base":10,
      "damage":0,
      "progress":0
    },
    "Heavyarmor":{
      "base":9,
      "damage":0,
      "progress":0
    },
    "Bluntweapon":{
      "base":15,
      "damage":0,
      "progress":0
    },
    "Alteration":{
      "base":5,
      "damage":0,
      "progress":0
    },
    "Enchant":{
      "base":15,
      "damage":0,
      "progress":0
    },
    "Sneak":{
      "base":10,
      "damage":0,
      "progress":0
    },
    "Lightarmor":{
      "base":10,
      "damage":0,
      "progress":0
    },
    "Athletics":{
      "base":5,
      "damage":0,
      "progress":3.7999970912933
    },
    "Armorer":{
      "base":4,
      "damage":0,
      "progress":0
    },
    "Speechcraft":{
      "base":35,
      "damage":0,
      "progress":0
    },
    "Axe":{
      "base":14,
      "damage":0,
      "progress":0
    },
    "Security":{
      "base":20,
      "damage":0,
      "progress":0
    },
    "Acrobatics":{
      "base":34,
      "damage":0,
      "progress":0
    },
    "Destruction":{
      "base":5,
      "damage":0,
      "progress":0
    },
    "Longblade":{
      "base":35,
      "damage":0,
      "progress":0
    },
    "Illusion":{
      "base":15,
      "damage":0,
      "progress":0
    },
    "Mysticism":{
      "base":5,
      "damage":0,
      "progress":0
    },
    "Spear":{
      "base":10,
      "damage":0,
      "progress":0
    },
    "Mediumarmor":{
      "base":24,
      "damage":0,
      "progress":0
    },
    "Mercantile":{
      "base":20,
      "damage":0,
      "progress":0
    },
    "Unarmored":{
      "base":5,
      "damage":0,
      "progress":6
    }
  },
  "recordLinks":{
    "potion":["$custom_potion_3","$custom_potion_4","$custom_potion_5","$custom_potion_6","$custom_potion_7"]
  },
  "equipment":[null,null,null,null,null,null,{
      "enchantmentCharge":-1,
      "count":1,
      "refId":"common_shoes_01",
      "charge":-1
    },{
      "enchantmentCharge":-1,
      "count":1,
      "refId":"common_shirt_01",
      "charge":-1
    },{
      "enchantmentCharge":-1,
      "count":1,
      "refId":"common_pants_01",
      "charge":-1
    }],
  "inventory":[{
      "refId":"bk_a1_1_directionscaiuscosades",
      "enchantmentCharge":-1,
      "count":1,
      "charge":-1,
      "soul":""
    },{
      "refId":"gold_001",
      "enchantmentCharge":-1,
      "count":254,
      "charge":-1,
      "soul":""
    },{
      "refId":"ring_keley",
      "enchantmentCharge":-1,
      "count":1,
      "charge":-1,
      "soul":""
    },null,{
      "refId":"bk_shorthistorymorrowind",
      "enchantmentCharge":-1,
      "count":1,
      "charge":-1,
      "soul":""
    },{
      "refId":"common_shoes_01",
      "enchantmentCharge":-1,
      "count":1,
      "charge":-1,
      "soul":""
    },{
      "refId":"common_shirt_01",
      "enchantmentCharge":-1,
      "count":1,
      "charge":-1,
      "soul":""
    },{
      "refId":"common_pants_01",
      "enchantmentCharge":-1,
      "count":1,
      "charge":-1,
      "soul":""
    },null,{
      "refId":"ingred_green_lichen_01",
      "enchantmentCharge":-1,
      "count":2,
      "charge":1,
      "soul":""
    },{
      "refId":"p_restore_magicka_s",
      "enchantmentCharge":-1,
      "count":10,
      "charge":-1,
      "soul":""
    },{
      "refId":"p_fortify_willpower_s",
      "enchantmentCharge":-1,
      "count":5,
      "charge":-1,
      "soul":""
    },{
      "refId":"sc_almsiviintervention",
      "enchantmentCharge":-1,
      "count":1,
      "charge":-1,
      "soul":""
    },{
      "refId":"sc_divineintervention",
      "enchantmentCharge":-1,
      "count":1,
      "charge":-1,
      "soul":""
    },{
      "refId":"sc_daydenespanacea",
      "enchantmentCharge":-1,
      "count":3,
      "charge":-1,
      "soul":""
    },{
      "refId":"bk_invocationofazura",
      "enchantmentCharge":-1,
      "count":1,
      "charge":-1,
      "soul":""
    },{
      "refId":"bk_spiritofthedaedra",
      "enchantmentCharge":-1,
      "count":1,
      "charge":-1,
      "soul":""
    },{
      "refId":"misc_soulgem_lesser",
      "enchantmentCharge":-1,
      "count":3,
      "charge":-1,
      "soul":""
    },null,{
      "refId":"ingred_crab_meat_01",
      "enchantmentCharge":-1,
      "count":1,
      "charge":-1,
      "soul":""
    },null,{
      "refId":"apparatus_m_mortar_01",
      "enchantmentCharge":-1,
      "count":1,
      "charge":1,
      "soul":""
    },null,{
      "refId":"ingred_ash_yam_01",
      "enchantmentCharge":-1,
      "count":5,
      "charge":1,
      "soul":""
    },null,{
      "refId":"ingred_corkbulb_root_01",
      "enchantmentCharge":-1,
      "count":5,
      "charge":-1,
      "soul":""
    },{
      "refId":"ingred_alit_hide_01",
      "enchantmentCharge":-1,
      "count":6,
      "charge":-1,
      "soul":""
    },null,null,null,null,{
      "refId":"$custom_potion_4",
      "enchantmentCharge":-1,
      "count":2,
      "charge":-1,
      "soul":""
    },{
      "refId":"$custom_potion_3",
      "enchantmentCharge":-1,
      "count":1,
      "charge":-1,
      "soul":""
    },{
      "refId":"$custom_potion_5",
      "enchantmentCharge":-1,
      "count":2,
      "charge":-1,
      "soul":""
    },{
      "refId":"$custom_potion_6",
      "enchantmentCharge":-1,
      "count":1,
      "charge":-1,
      "soul":""
    },{
      "refId":"$custom_potion_7",
      "enchantmentCharge":-1,
      "count":1,
      "charge":-1,
      "soul":""
    }],
  "spellbook":["yac_map_spellmaproom","gr_slowfall","gr_chameleon","gr_fortify_strength_200","gr_fortify_speed_200","gr_fortify_intelligence_8","gr_fortify_intelligence_6","gr_fortify_intelligence_4","gr_fortify_alchemy","gr_bound_armors","gr_beltofflight"],
  "books":[],
  "factionRanks":[],
  "factionReputation":[],
  "factionExpulsion":[],
  "mapExplored":["-2, -9","-3, -3","-3, -2","-2, -2","-1, -3","-2, -3","-2, 2"],
  "ipAddresses":["127.0.0.1"],
  "customVariables":[],
  "cooldowns":[],
  "topics":[],
  "journal":[],
  "spellsActive":{
    "gr_beltofflight":[{
        "startTime":1670198338,
        "caster":{
          "playerName":"focal01"
        },
        "displayName":"Z. Belt Of Flight",
        "stackingState":false,
        "effects":[{
            "arg":-1,
            "duration":3600,
            "id":10,
            "timeLeft":3415,
            "magnitude":5
          }]
      }],
    "gr_slowfall":[{
        "startTime":1670198355,
        "caster":{
          "playerName":"focal01"
        },
        "displayName":"Z. Slowfall",
        "stackingState":false,
        "effects":[{
            "arg":-1,
            "duration":3600,
            "id":11,
            "timeLeft":3432,
            "magnitude":100
          }]
      }],
    "gr_chameleon":[{
        "startTime":1670198349,
        "caster":{
          "playerName":"focal01"
        },
        "displayName":"Z. Full Chameleon",
        "stackingState":false,
        "effects":[{
            "arg":-1,
            "duration":300,
            "id":40,
            "timeLeft":126,
            "magnitude":100
          }]
      }]
  },
  "quickKeys":[null,null,null,null,null,{
      "keyType":0,
      "itemId":"apparatus_m_mortar_01"
    }],
  "miscellaneous":{
    "markLocation":{
      "cell":"",
      "posX":0,
      "posY":0,
      "posZ":0,
      "rotX":0,
      "rotZ":0
    },
    "selectedSpell":"gr_fortify_strength_200"
  },
  "clientVariables":{
    "globals":[]
  },
  "alliedPlayers":["focal02"],
  "destinationOverrides":[]
}