<?xml version="1.0" encoding="UTF-8"?>

<MyGUI type="Resource" version="1.1">

<!--

Unknown colors from Morrowind.ini:
color_focus=80,80,80 # ????
color_misc=0,205,205 # ????

-->

    <Resource type="ResourceSkin" name="NormalText" size="16 16">
        <Property key="FontName" value="Default"/>
        <Property key="TextAlign" value="Left Bottom"/>
        <BasisSkin type="SimpleText" offset="0 0 16 16" align="Stretch">
            <State name="normal" colour="#{fontcolour=header}" shift="0"/>
        </BasisSkin>
    </Resource>

    <Resource type="ResourceSkin" name="SandText" size="16 16">
        <Property key="FontName" value="Default"/>
        <Property key="TextAlign" value="Left Bottom"/>
        <BasisSkin type="SimpleText" offset="0 -1 16 16" align="Stretch">
            <State name="normal" colour="#{fontcolour=normal}" shift="0"/>
        </BasisSkin>
    </Resource>

    <Resource type="ResourceSkin" name="SandTextVCenter" size="16 16">
        <Property key="FontName" value="Default"/>
        <Property key="TextAlign" value="Left VCenter"/>
        <BasisSkin type="SimpleText" offset="0 0 16 16" align="Stretch">
            <State name="normal" colour="#{fontcolour=normal}" shift="0"/>
        </BasisSkin>
    </Resource>

    <Resource type="ResourceSkin" name="SandTextRight" size="16 16">
        <Property key="FontName" value="Default"/>
        <Property key="TextAlign" value="Right Bottom"/>
        <BasisSkin type="SimpleText" offset="0 0 16 16" align="Stretch">
            <State name="normal" colour="#{fontcolour=normal}"/>
            <State name="increased" colour="#{fontcolour=positive}"/>
            <State name="decreased" colour="#{fontcolour=negative}"/>
        </BasisSkin>
    </Resource>

    <Resource type="ResourceSkin" name="SandBrightText" size="16 16">
        <Property key="FontName" value="Default"/>
        <Property key="TextAlign" value="Left Bottom"/>
        <BasisSkin type="SimpleText" offset="0 0 16 16" align="Stretch">
            <State name="normal" colour="#{fontcolour=header}" shift="0"/>
        </BasisSkin>
    </Resource>

    <Resource type="ResourceSkin" name="CountText" size="16 16">
        <Property key="FontName" value="Default"/>
        <BasisSkin type="SimpleText" offset="0 0 16 16" align="Stretch">
            <State name="normal" colour="#{fontcolour=count}" shift="0"/>
        </BasisSkin>
    </Resource>

    <Resource type="ResourceSkin" name="MW_StatNameC" size="200 18">
        <Child type="TextBoxC" skin="SandText" offset="0 0 200 18" align="Left HStretch" name="StatName"/>
    </Resource>

    <Resource type="ResourceSkin" name="SandTextButtonC" size="16 16">
        <Property key="FontName" value="Default"/>
        <Property key="TextAlign" value="Top HCenter"/>
        <Property key="NeedKey" value="true"/>
        <BasisSkin type="SimpleText" offset="0 0 16 16" align="Stretch">
            <State name="disabled" colour="#{fontcolour=disabled}" shift="0"/>
            <State name="normal" colour="#{fontcolour=normal}" shift="0"/>
            <State name="highlighted" colour="#{fontcolour=normal_over}" shift="0"/>
            <State name="pushed" colour="#{fontcolour=normal_pressed}" shift="0"/>
            <State name="disabled_checked" colour="#{fontcolour=disabled}" shift="0"/>
            <State name="normal_checked" colour="#{fontcolour=active}" shift="0"/>
            <State name="highlighted_checked" colour="#{fontcolour=active_over}" shift="0"/>
            <State name="pushed_checked" colour="#{fontcolour=active_pressed}" shift="0"/>
        </BasisSkin>
    </Resource>

    <Resource type="ResourceSkin" name="SandTextButton" size="16 16">
        <Property key="FontName" value="Default"/>
        <Property key="TextAlign" value="Left Bottom"/>
        <Property key="NeedKey" value="true"/>
        <BasisSkin type="SimpleText" offset="0 0 16 16" align="Stretch">
            <State name="disabled" colour="#{fontcolour=disabled}" shift="0"/>
            <State name="normal" colour="#{fontcolour=normal}" shift="0"/>
            <State name="highlighted" colour="#{fontcolour=normal_over}" shift="0"/>
            <State name="pushed" colour="#{fontcolour=normal_pressed}" shift="0"/>
            <State name="disabled_checked" colour="#{fontcolour=disabled}" shift="0"/>
            <State name="normal_checked" colour="#{fontcolour=active}" shift="0"/>
            <State name="highlighted_checked" colour="#{fontcolour=active_over}" shift="0"/>
            <State name="pushed_checked" colour="#{fontcolour=active_pressed}" shift="0"/>
        </BasisSkin>
    </Resource>

    <Resource type="ResourceSkin" name="SandTextButtonDisabled" size="16 16">
        <Property key="FontName" value="Default"/>
        <Property key="TextAlign" value="Left Bottom"/>
        <Property key="NeedKey" value="true"/>
        <BasisSkin type="SimpleText" offset="0 0 16 16" align="Stretch">
            <State name="normal" colour="#{fontcolour=disabled}" shift="0"/>
        </BasisSkin>
    </Resource>

    <Resource type="ResourceSkin" name="SpellTextUnequipped" size="16 16">
        <Property key="FontName" value="Default"/>
        <Property key="NeedKey" value="true"/>
        <Property key="TextAlign" value="Left Bottom"/>
        <BasisSkin type="SimpleText" offset="0 0 16 16" align="Stretch">
            <State name="disabled" colour="#{fontcolour=disabled}" shift="0"/>
            <State name="normal" colour="#{fontcolour=disabled}" shift="0"/>
            <State name="highlighted" colour="#{fontcolour=disabled_over}" shift="0"/>
            <State name="pushed" colour="#{fontcolour=disabled_pressed}" shift="0"/>
            <State name="disabled_checked" colour="#{fontcolour=disabled}" shift="0"/>
            <State name="normal_checked" colour="#{fontcolour=active}" shift="0"/>
            <State name="highlighted_checked" colour="#{fontcolour=active_over}" shift="0"/>
            <State name="pushed_checked" colour="#{fontcolour=active_pressed}" shift="0"/>
        </BasisSkin>
    </Resource>

    <Resource type="ResourceSkin" name="MW_StatNameButtonC" size="200 18">
        <Child type="Button" skin="SandTextButtonC" offset="0 0 200 18" align="Left HStretch" name="StatNameButton"/>
    </Resource>



    <Resource type="ResourceSkin" name="MW_StatNameValueButton" size="200 18">
        <Child type="Button" skin="SandText" offset="0 0 160 18" align="Left HStretch" name="StatNameButton"/>
        <Child type="Button" skin="SandTextRight" offset="160 0 40 18" align="Right Top" name="StatValueButton"/>
    </Resource>

    <Resource type="ResourceSkin" name="MW_EffectImage" size="200 24">
        <Child type="ImageBox" skin="ImageBox" offset="4 4 16 16" align="Left Top" name="Image"/>
        <Child type="TextBox" skin="SandText" offset="24 0 176 20" align="VCenter HStretch" name="Text"/>
    </Resource>

    <Resource type="ResourceSkin" name="MW_ChargeBar" size="204 18">
        <Child type="ProgressBar" skin="MW_Progress_Red" offset="0 0 204 18" align="Right Top Stretch" name="Bar"/>
        <Child type="TextBox" skin="ProgressText" offset="0 0 204 14" align="Stretch" name="BarText"/>
    </Resource>

    <Resource type="ResourceSkin" name="MW_ChargeBar_Blue" size="204 18">
        <Child type="ProgressBar" skin="MW_Progress_Blue" offset="0 0 204 18" align="Right Top Stretch" name="Bar"/>
        <Child type="TextBox" skin="ProgressText" offset="0 0 204 16" align="Right Top Stretch" name="BarText"/>
    </Resource>

    <Resource type="ResourceSkin" name="MW_DynamicStat_Red" size="204 18">
        <Child type="TextBox" skin="SandText" offset="0 0 100 18" align="Left Top" name="Text"/>
        <Child type="ProgressBar" skin="MW_Progress_Red" offset="74 0 130 18" align="Right Top" name="Bar"/>
        <Child type="TextBox" skin="ProgressText" offset="74 0 130 14" align="Right Top" name="BarText"/>
    </Resource>

    <Resource type="ResourceSkin" name="MW_DynamicStat_Blue" size="204 18">
        <Child type="TextBox" skin="SandText" offset="0 0 100 18" align="Left Top" name="Text"/>
        <Child type="ProgressBar" skin="MW_Progress_Blue" offset="74 0 130 18" align="Right Top" name="Bar"/>
        <Child type="TextBox" skin="ProgressText" offset="74 0 130 14" align="Right Top" name="BarText"/>
    </Resource>

    <Resource type="ResourceSkin" name="MW_DynamicStat_Green" size="204 18">
        <Child type="TextBox" skin="SandText" offset="0 0 100 18" align="Left Top" name="Text"/>
        <Child type="ProgressBar" skin="MW_Progress_Green" offset="74 0 130 18" align="Right Top" name="Bar"/>
        <Child type="TextBox" skin="ProgressText" offset="74 0 130 14" align="Right Top" name="BarText"/>
    </Resource>
</MyGUI>
