{
  "time":{
    "year":427,
    "month":7,
    "day":17,
    "hour":22.006933333333,
    "daysPassed":2,
    "nightTimeScale":40,
    "dayTimeScale":30
  },
  "topics":["background","morrowind","uriel septim","duties","caius cosades","south wall","specific place","someone in particular","services","my trade","little secret","latest rumors","little advice","balmora","the empire","silt strider","destination","report to caius cosades","orders","blades trainers","fighters guild","mages guild","imperial cult","imperial legion","freelance work","blades","rithleen","tyermaillin","nine-toes","surane leoriane","gildan","sjorvar horse-mouth","elone","guilds and factions","temple","thieves guild","hasphat antabolis","nerevarine","sixth house","morrowind history","house redoran","house hlaalu","house telvanni","morag tong","camonna tong","ashlanders","fort moonmoth","lay servant","nerevarine prophecies","solstheim","firemoth","join the mages guild","advancement","citizens of the empire","fines and compensation","local brews","help in a fight","telvanni bug musk","high places","caldera","caldera mining company"],
  "kills":[],
  "journal":[{
      "type":0,
      "index":1,
      "quest":"a1_1_findspymaster",
      "actorRefId":"chargen captain",
      "timestamp":{
        "month":7,
        "day":16,
        "daysPassed":1
      }
    },{
      "type":0,
      "index":14,
      "quest":"a1_1_findspymaster",
      "actorRefId":"caius cosades",
      "timestamp":{
        "month":7,
        "day":16,
        "daysPassed":1
      }
    },{
      "type":0,
      "index":18,
      "quest":"a1_1_findspymaster",
      "actorRefId":"caius cosades",
      "timestamp":{
        "month":7,
        "day":16,
        "daysPassed":1
      }
    },{
      "type":0,
      "index":1,
      "quest":"blades_elone2",
      "actorRefId":"caius cosades",
      "timestamp":{
        "month":7,
        "day":16,
        "daysPassed":1
      }
    },{
      "type":0,
      "index":1,
      "quest":"blades_gildan2",
      "actorRefId":"caius cosades",
      "timestamp":{
        "month":7,
        "day":16,
        "daysPassed":1
      }
    },{
      "type":0,
      "index":1,
      "quest":"blades_sjorvar2",
      "actorRefId":"caius cosades",
      "timestamp":{
        "month":7,
        "day":16,
        "daysPassed":1
      }
    },{
      "type":0,
      "index":1,
      "quest":"blades_surane2",
      "actorRefId":"caius cosades",
      "timestamp":{
        "month":7,
        "day":16,
        "daysPassed":1
      }
    },{
      "type":0,
      "index":1,
      "quest":"a1_2_antabolisinformant",
      "actorRefId":"caius cosades",
      "timestamp":{
        "month":7,
        "day":16,
        "daysPassed":1
      }
    },{
      "type":0,
      "index":1,
      "quest":"book_history",
      "actorRefId":"caius cosades",
      "timestamp":{
        "month":7,
        "day":16,
        "daysPassed":1
      }
    },{
      "type":0,
      "index":1,
      "quest":"blades_nine_toes2",
      "actorRefId":"caius cosades",
      "timestamp":{
        "month":7,
        "day":16,
        "daysPassed":1
      }
    },{
      "type":0,
      "index":1,
      "quest":"blades_rithleen2",
      "actorRefId":"caius cosades",
      "timestamp":{
        "month":7,
        "day":16,
        "daysPassed":1
      }
    },{
      "type":0,
      "index":1,
      "quest":"blades_tyermaillin2",
      "actorRefId":"caius cosades",
      "timestamp":{
        "month":7,
        "day":16,
        "daysPassed":1
      }
    },{
      "type":0,
      "index":10,
      "quest":"bm_rumors",
      "actorRefId":"chargen captain",
      "timestamp":{
        "month":7,
        "day":17,
        "daysPassed":2
      }
    }],
  "customVariables":{
    "deliveredCaiusPackage":true
  },
  "fame":{
    "reputation":0,
    "bounty":0
  },
  "destinationOverrides":[],
  "factionRanks":{
    "blades":0,
    "mages guild":0
  },
  "factionReputation":[],
  "factionExpulsion":[],
  "mapExplored":[],
  "clientVariables":{
    "globals":{
      "mt_newcrimelevel":{
        "variableType":0,
        "intValue":1
      }
    }
  }
}