{
  "general":{
    "currentGeneratedNum":7
  },
  "permanentRecords":[],
  "generatedRecords":{
    "$custom_potion_4":{
      "name":"Water Walking",
      "value":45,
      "weight":0.3,
      "autoCalc":0,
      "icon":"m\\tx_potion_quality_01.dds",
      "model":"m\\misc_potion_quality_01.nif",
      "script":"",
      "effects":[{
          "id":2,
          "attribute":-1,
          "skill":-1,
          "rangeType":0,
          "area":0,
          "duration":15,
          "magnitudeMax":1,
          "magnitudeMin":1
        }]
    },
    "$custom_potion_5":{
      "name":"Drain Fatigue",
      "value":45,
      "weight":0.15,
      "autoCalc":0,
      "icon":"m\\tx_potion_fresh_01.dds",
      "model":"m\\misc_potion_fresh_01.nif",
      "script":"",
      "effects":[{
          "id":20,
          "attribute":-1,
          "skill":-1,
          "rangeType":0,
          "area":0,
          "duration":23,
          "magnitudeMax":8,
          "magnitudeMin":8
        }]
    },
    "$custom_potion_1":{
      "name":"Restore Fatigue",
      "value":45,
      "weight":0.5,
      "autoCalc":0,
      "icon":"m\\tx_potion_quality_01.dds",
      "model":"m\\misc_potion_quality_01.nif",
      "script":"",
      "effects":[{
          "id":77,
          "attribute":-1,
          "skill":-1,
          "rangeType":0,
          "area":0,
          "duration":46,
          "magnitudeMax":15,
          "magnitudeMin":15
        }]
    },
    "$custom_potion_6":{
      "name":"Drain Fatigue",
      "value":45,
      "weight":0.1,
      "autoCalc":0,
      "icon":"m\\tx_potion_cheap_01.dds",
      "model":"m\\misc_potion_cheap_01.nif",
      "script":"",
      "effects":[{
          "id":20,
          "attribute":-1,
          "skill":-1,
          "rangeType":0,
          "area":0,
          "duration":23,
          "magnitudeMax":8,
          "magnitudeMin":8
        }]
    },
    "$custom_potion_2":{
      "name":"Restore Fatigue",
      "value":45,
      "weight":0.75,
      "autoCalc":0,
      "icon":"m\\tx_potion_fresh_01.dds",
      "model":"m\\misc_potion_fresh_01.nif",
      "script":"",
      "effects":[{
          "id":77,
          "attribute":-1,
          "skill":-1,
          "rangeType":0,
          "area":0,
          "duration":46,
          "magnitudeMax":15,
          "magnitudeMin":15
        }]
    },
    "$custom_potion_7":{
      "name":"Restore Fatigue",
      "value":45,
      "weight":0.75,
      "autoCalc":0,
      "icon":"m\\tx_potion_cheap_01.dds",
      "model":"m\\misc_potion_cheap_01.nif",
      "script":"",
      "effects":[{
          "id":77,
          "attribute":-1,
          "skill":-1,
          "rangeType":0,
          "area":0,
          "duration":46,
          "magnitudeMax":15,
          "magnitudeMin":15
        }]
    },
    "$custom_potion_3":{
      "name":"Restore Health",
      "value":45,
      "weight":0.1,
      "autoCalc":0,
      "icon":"m\\tx_potion_fresh_01.dds",
      "model":"m\\misc_potion_fresh_01.nif",
      "script":"",
      "effects":[{
          "id":75,
          "attribute":-1,
          "skill":-1,
          "rangeType":0,
          "area":0,
          "duration":9,
          "magnitudeMax":3,
          "magnitudeMin":3
        }]
    }
  },
  "recordLinks":{
    "$custom_potion_4":{
      "players":["focal01"]
    },
    "$custom_potion_5":{
      "players":["focal01"]
    },
    "$custom_potion_1":{
      "players":[],
      "cells":["Caldera, Ghorak Manor"]
    },
    "$custom_potion_6":{
      "players":["focal01"]
    },
    "$custom_potion_2":{
      "players":[],
      "cells":["Caldera, Ghorak Manor"]
    },
    "$custom_potion_7":{
      "players":["focal01"]
    },
    "$custom_potion_3":{
      "players":["focal01"]
    }
  },
  "unlinkedRecordsToCheck":[]
}